0.0;0.11569416498993963;0.0;0.0
1.0;0.1153943990875434;4.5254659033899217E-4;2.023849877967472E-5
2.0;0.11510996103666811;6.4493544400423E-4;2.8842389877849348E-5
3.0;0.11485898250881227;7.495965543655069E-4;3.35229770252178E-5
4.0;0.1146181859044813;8.600241877590904E-4;3.846145092246737E-5
5.0;0.11432966499785789;9.554053918055914E-4;4.272702804294246E-5
6.0;0.11404940601258538;0.0010877499366800144;4.8645656018752083E-5
7.0;0.11378353353581809;0.0011814136617756016;5.28344251455438E-5
8.0;0.11350637594040525;0.0012545945648046218;5.610717462209799E-5
9.0;0.11324082524938067;0.0013337582601004626;5.9647482702729594E-5
10.0;0.11295792985543408;0.0014375046502844528;6.428716232016198E-5
11.0;0.11269743898635576;0.0015090316532245915;6.748594713618152E-5
12.0;0.11241366640705147;0.0015711847024766237;7.026551599891026E-5
13.0;0.11211598013795432;0.0016383587947680354;7.326963273271908E-5
14.0;0.11183655414838183;0.0017529249189335416;7.839318556377414E-5
15.0;0.1115457756039669;0.0018536656265170288;8.289844696893626E-5
16.0;0.11126824733146909;0.0019254054715342782;8.610675037201365E-5
17.0;0.11096216362802035;0.0020122214154893823;8.998927741630214E-5
18.0;0.11070950226383174;0.002063891700538813;9.230004281204851E-5
19.0;0.11043741018739878;0.0021203099660424257;9.482314434882269E-5
20.0;0.11017450608116376;0.002175113212332926;9.727402003068713E-5
21.0;0.10990332170327219;0.002248707116774944;1.0056523949192664E-4
22.0;0.10962402964500359;0.002316874655087402;1.0361378448243619E-4
23.0;0.10932234418312459;0.0023762937391586724;1.0627108670531891E-4
24.0;0.10896125844992831;0.002425388671122057;1.08466678809736E-4
25.0;0.1086635980498589;0.0024462972580152047;1.094017392418668E-4
26.0;0.1083651077807304;0.0025222995563545514;1.1280066535252677E-4
27.0;0.10807549215590655;0.0026034887627113274;1.1643155704158695E-4
28.0;0.10777977661247658;0.0026449494440238604;1.1828573507775253E-4
29.0;0.10750302405039232;0.0027015918513619147;1.2081886054209497E-4
30.0;0.10722529291977637;0.0027575530088921095;1.2332151958883677E-4
31.0;0.10693475243467711;0.0027981246877265093;1.2513594022553693E-4
32.0;0.10666177225418734;0.002837860653362073;1.2691298663179123E-4
33.0;0.10635748178077259;0.0028890337845997984;1.292015186331727E-4
34.0;0.10607170444205744;0.002917660306904168;1.3048173562981238E-4
35.0;0.10578463180581177;0.0029692445365332985;1.3278865251016626E-4
36.0;0.10548502308964959;0.0030015040258414218;1.3423134073041408E-4
37.0;0.1051765728971571;0.0030388522773361804;1.3590160531407486E-4
38.0;0.10488940249320435;0.0030916999534487148;1.3826502523888522E-4
39.0;0.10459201790824678;0.0031420684564628875;1.405175731721771E-4
40.0;0.10427924559783863;0.0031699081735381443;1.417626031692698E-4
41.0;0.10394866581921203;0.003179429063440766;1.4218839030984089E-4
42.0;0.10363610220507657;0.0032235238822512845;1.44160370556158E-4
43.0;0.1033394857021321;0.0032375622033200004;1.4478818336015033E-4
44.0;0.10304890573468174;0.0033044278767723157;1.477785071841639E-4
45.0;0.10273252604128516;0.0033660753723401;1.5053546699880758E-4
46.0;0.10245424512909408;0.003425263224220737;1.5318242820375343E-4
47.0;0.10215560880258956;0.0034766037504567263;1.554784463370391E-4
48.0;0.1018802807314179;0.0034983553775778035;1.5645120867431825E-4
49.0;0.10155226066596044;0.0035811722757312352;1.6015489295345323E-4
50.0;0.10124158978780501;0.0036212525456805846;1.61947337116719E-4
51.0;0.10095585240727074;0.0036457575387734515;1.6304323372359525E-4
52.0;0.10064149216577023;0.003658142564569802;1.6359710891526981E-4
53.0;0.10027882027871061;0.003716729431891746;1.6621719327368238E-4
54.0;0.09998800418765823;0.0037718616004533173;1.6868277880669537E-4
55.0;0.09964664232795861;0.003832202157216333;1.7138129054114113E-4
56.0;0.09933942746895795;0.0038921027462772728;1.7406012632179197E-4
57.0;0.09901407801083299;0.003969198482309889;1.7750795245267818E-4
58.0;0.09873149329077868;0.004026227629517266;1.800583734497689E-4
59.0;0.09846418347296948;0.004073874667689874;1.8218921377537848E-4
60.0;0.09816240101551817;0.004077169150911613;1.823365475440693E-4
61.0;0.09789791534399905;0.0040828435776347535;1.8259031562179497E-4
62.0;0.09755920626816066;0.004121388998822071;1.8431411926171903E-4
63.0;0.09726321140464445;0.004180527075204686;1.8695885443872106E-4
64.0;0.09696826103923215;0.0042336249644299665;1.8933346423411068E-4
65.0;0.09668905219121633;0.004273694451232374;1.9112542616038497E-4
66.0;0.096408385794291;0.004351316955453093;1.945968100808108E-4
67.0;0.09611850528846613;0.004387224557351993;1.962026468559096E-4
68.0;0.09574928309962549;0.004476903579777094;2.002132146618747E-4
69.0;0.09544636925712631;0.004529116334735705;2.0254824004947456E-4
70.0;0.09512744432246917;0.004608881948235183;2.061154667305107E-4
71.0;0.09479502665907863;0.004671882345067125;2.089329301290244E-4
72.0;0.09451765076614724;0.004733116685773284;2.116714130965515E-4
73.0;0.09420385842427313;0.004777302576650184;2.136474662094942E-4
74.0;0.09389775082342638;0.0047982154392547435;2.1458271785725237E-4
75.0;0.09358290657169552;0.004838342770063096;2.163772666461143E-4
76.0;0.0932357095974547;0.00487822461985863;2.1816083719033934E-4
77.0;0.09292565449049198;0.004904590276235178;2.193399451889266E-4
78.0;0.09263064980432338;0.004961460207855954;2.2188324584852297E-4
79.0;0.09232642205672491;0.005001648747198498;2.2368053196625005E-4
80.0;0.09205936161704842;0.005057216060120989;2.2616557774668387E-4
81.0;0.09174053098886657;0.005093383975512788;2.2778305609509435E-4
82.0;0.09141884275492634;0.005147905151147977;2.3022131719376414E-4
83.0;0.09112683569974725;0.005219304019704926;2.3341437166596231E-4
84.0;0.09080771029836922;0.0052767599910015645;2.3598388081661351E-4
85.0;0.09048185901442848;0.005351952976811814;2.3934661337067143E-4
86.0;0.0901667637751882;0.00542132302126897;2.4244893607083907E-4
87.0;0.08983075953058801;0.005475251986409458;2.4486071271104606E-4
88.0;0.08948931731539515;0.005533726485344815;2.4747577180244E-4
89.0;0.08917460341023818;0.005619615144171711;2.5131682939510453E-4
90.0;0.08884644705688272;0.0057071573711356075;2.552318368029643E-4
91.0;0.08852774994005384;0.005789958126968619;2.589347991755838E-4
92.0;0.08817040455287707;0.005849359604545581;2.615913140121041E-4
93.0;0.08783659112833161;0.005914691229590878;2.645130331057404E-4
94.0;0.08747997509304224;0.00599118598640786;2.6793398262904214E-4
95.0;0.0871343108609997;0.006060445874929921;2.710313790060298E-4
96.0;0.0868139340459931;0.006134335221110645;2.743358110234921E-4
97.0;0.08645373730666486;0.006157677859400975;2.7537972554331946E-4
98.0;0.08612172219950383;0.00619518962569684;2.7705730273119226E-4
99.0;0.08580490712475848;0.006216798172939651;2.7802366634179106E-4
100.0;0.0854667404546776;0.006279193986260175;2.808140919437126E-4
101.0;0.08511006225005209;0.006306131806414484;2.820187878843266E-4
102.0;0.08475271805937085;0.006357110446758418;2.842986219885176E-4
103.0;0.08443650535435028;0.006377607064289163;2.852152585906688E-4
104.0;0.08411960325356743;0.006446016044353087;2.88274601184556E-4
105.0;0.08377973443253778;0.006466080374418335;2.8917190530353376E-4
106.0;0.0834651985487796;0.006524175301269617;2.9176998941528065E-4
107.0;0.08310306167093418;0.006608977868627676;2.9556247552086316E-4
108.0;0.08276549350485618;0.006636831386162082;2.968081226932514E-4
109.0;0.08243244228565101;0.006686893834574887;2.990469834486736E-4
110.0;0.0820902571234578;0.006729559134681975;3.009550336750712E-4
111.0;0.08174832343110709;0.0067976923366146625;3.0400204309599535E-4
112.0;0.08139381788555479;0.006855860088906847;3.066033840604692E-4
113.0;0.08106089882031817;0.006930101708059162;3.0992357020415373E-4
114.0;0.08068230728563412;0.006988302916783019;3.125264073857377E-4
115.0;0.08029498969745748;0.0070750510631516095;3.164059024297831E-4
116.0;0.07992540420087364;0.007147401824318085;3.1964152683362497E-4
117.0;0.07956355898486427;0.0071866211598948905;3.213954688412672E-4
118.0;0.0792252703262692;0.007236187675477174;3.2361215080626296E-4
119.0;0.0788500299059163;0.007316007918199053;3.27181820580396E-4
120.0;0.07849831496476775;0.007399118622046956;3.3089864424963133E-4
121.0;0.07813437941875974;0.007463980443198505;3.3379935307441727E-4
122.0;0.07777897054338556;0.007520396099197783;3.363223379106099E-4
123.0;0.07741286678067615;0.007605832040966418;3.4014314938093747E-4
124.0;0.07698669575073996;0.007642376354170984;3.417774607512666E-4
125.0;0.07661076914224936;0.007738599892783626;3.460807082187354E-4
126.0;0.07622383597104337;0.00784663850319396;3.509123417601779E-4
127.0;0.07584567466476534;0.007920154785831135;3.542000898687741E-4
128.0;0.07547060341747436;0.007986582460603573;3.571708257963425E-4
129.0;0.07510607017866024;0.008028856170659664;3.590613635832732E-4
130.0;0.07474142864823927;0.008095273222242296;3.620316244273507E-4
131.0;0.07435525567717308;0.008172975497676854;3.6550657582491236E-4
132.0;0.07394619939098536;0.008232958730064665;3.681891075274986E-4
133.0;0.07356198718511145;0.00830751809471802;3.715235036819806E-4
134.0;0.07319012784127658;0.008386341007706787;3.7504857151452923E-4
135.0;0.07279615601247541;0.008477548543510299;3.791274965168672E-4
136.0;0.07239899637997763;0.008563584448662476;3.829751391653871E-4
137.0;0.07198964474039815;0.00866184098896515;3.873693052324016E-4
138.0;0.07161258244547822;0.008763363633090925;3.9190953590281666E-4
139.0;0.0712103282087707;0.008851929887101073;3.958703391924007E-4
140.0;0.07077055162992651;0.008908565300791992;3.984031518913351E-4
141.0;0.07037865511450338;0.008972562473603089;4.012651924668034E-4
142.0;0.06996633938663835;0.009031529599435645;4.0390228250279095E-4
143.0;0.06954815922211081;0.009117790795780912;4.0776000047976045E-4
144.0;0.06909778197135914;0.009197378162778037;4.113192557348763E-4
145.0;0.06870422273182589;0.009261638810480545;4.1419307926569577E-4
146.0;0.06831656040065263;0.009326327298253355;4.1708603638612913E-4
147.0;0.06789584605759931;0.009387340624234287;4.1981463527466346E-4
148.0;0.06747587765703189;0.009459701007974297;4.2305069001307615E-4
149.0;0.06708129190409895;0.009505661636457836;4.251061118046323E-4
150.0;0.06667039317432409;0.00956713422064915;4.278552493447194E-4
151.0;0.06622499245852377;0.009610223389970383;4.297822555786449E-4
152.0;0.06579795817013548;0.009667587623179048;4.323476620772795E-4
153.0;0.06538239207079144;0.00974814113907947;4.359501248248785E-4
154.0;0.06498648718143937;0.009828577330244788;4.395473406508149E-4
155.0;0.06452100002263952;0.009880628857254116;4.4187515570532536E-4
156.0;0.0640840324948841;0.00995202297136062;4.4506799755203577E-4
157.0;0.06360600226765102;0.010043633696575625;4.491649537330119E-4
158.0;0.06314508424399055;0.010099795228255132;4.5167657378412956E-4
159.0;0.06271904057559073;0.010141286573161863;4.5353212313791635E-4
160.0;0.06231738612734638;0.01026530443253219;4.590783704174376E-4
161.0;0.06190491484111547;0.010397770446563587;4.650024306590905E-4
162.0;0.061468104252936306;0.010455101287781515;4.6756634382250117E-4
163.0;0.061056661173196566;0.010527866735344282;4.7082051356577204E-4
164.0;0.060608874022177295;0.010603919782680351;4.7422170924056123E-4
165.0;0.06015730355247473;0.010681293591095823;4.77681971146462E-4
166.0;0.05973239640659179;0.01075166057406426;4.808288782922419E-4
167.0;0.0592872663701449;0.010846987448413328;4.850920257147839E-4
168.0;0.05886267734619944;0.010927742560456692;4.887035041159754E-4
169.0;0.05844272212777899;0.011002541490956818;4.920486139808266E-4
170.0;0.05794679060162073;0.011056292567849608;4.944524352167485E-4
171.0;0.0575011929484443;0.011151587939913596;4.987141738142728E-4
172.0;0.057059766196447016;0.011250245856901956;5.031262899923629E-4
173.0;0.05660573305157257;0.011305977969146931;5.056187058225511E-4
174.0;0.0561103177436359;0.01138965253640009;5.093607462298699E-4
175.0;0.05565986019724746;0.011462616747804232;5.126238049623565E-4
176.0;0.055192418393866405;0.011555563269693607;5.167804997866928E-4
177.0;0.05471141646302722;0.011649797516841087;5.209947834352984E-4
178.0;0.05421871102824144;0.011672261094229353;5.219993851564583E-4
179.0;0.05374122768581647;0.011773184491458132;5.265128166909334E-4
180.0;0.05331773497294656;0.011854031590250436;5.301284088645981E-4
181.0;0.05285000749935451;0.011941757248911293;5.340516195873306E-4
182.0;0.05234860781243725;0.011977983895944885;5.356717244946106E-4
183.0;0.051836690730851474;0.012040988112268154;5.384893587059692E-4
184.0;0.0513770110668557;0.012101091896800973;5.411772816643769E-4
185.0;0.05094163177481133;0.012137889818918165;5.428229347700725E-4
186.0;0.050444679718089594;0.012243935167377233;5.475654269271152E-4
187.0;0.049968498059519154;0.012328023556027285;5.51325973989914E-4
188.0;0.0494741765988278;0.012433422345207782;5.560395511369892E-4
189.0;0.04898222670794262;0.012515155114650893;5.596947517062714E-4
190.0;0.04846847917571229;0.012611121858895975;5.639865149804982E-4
191.0;0.04796722158028381;0.012696765110998858;5.678165976508221E-4
192.0;0.04747534210846761;0.012777424928131104;5.714238143340303E-4
193.0;0.046980603458061286;0.012827260970113101;5.736525498860559E-4
194.0;0.046437186783770186;0.01294417742849512;5.788812128586702E-4
195.0;0.04595971984222378;0.01299693877355082;5.812407719412476E-4
196.0;0.045429214093007056;0.013079512523940512;5.849335823218166E-4
197.0;0.0449008042723564;0.013167019112753156;5.888469959431005E-4
198.0;0.04437976686699446;0.01322112816212029;5.912668261947565E-4
199.0;0.04386990906166547;0.013314702934110028;5.954516172177185E-4
200.0;0.04337752451953737;0.013376183715755328;5.982011213590927E-4
201.0;0.04285797894075031;0.01346211924122587;6.020442748917786E-4
202.0;0.04236127212744189;0.013566549516678253;6.067145387881898E-4
203.0;0.04186444428639466;0.013663143930088273;6.110343722808202E-4
204.0;0.041381190607661676;0.013696252085678533;6.125150140110095E-4
205.0;0.04083453460799853;0.013841756480750214;6.190221683791147E-4
206.0;0.04030925869304514;0.013909890101250098;6.22069196518933E-4
207.0;0.03979738851507691;0.013984737967918293;6.254164948757515E-4
208.0;0.039306902946215735;0.014081258301100649;6.29733015399885E-4
209.0;0.038760301600022896;0.014167479341431519;6.335889375452965E-4
210.0;0.038213989128945934;0.014264815078077153;6.379419240208896E-4
211.0;0.037728349119320694;0.01433972131074279;6.412918325844652E-4
212.0;0.037224469237647204;0.01439552397614195;6.437874036476293E-4
213.0;0.036689583911153095;0.014484430277129237;6.477634143003418E-4
214.0;0.03614519360042982;0.014544600393159874;6.504543036935129E-4
215.0;0.03557904068549409;0.01460433004131808;6.531254947645907E-4
216.0;0.035055047863878586;0.014650654290891069;6.551971781856281E-4
217.0;0.03450903258372748;0.014753886473386118;6.598138617361199E-4
218.0;0.033992744944437554;0.014816132929429179;6.625976078775348E-4
219.0;0.03341416575024317;0.014915815334031456;6.670555405345613E-4
220.0;0.032915122026116746;0.014980799593632455;6.699617249732679E-4
221.0;0.032359538209075014;0.015043202698835646;6.72752476678096E-4
222.0;0.03183342598282672;0.015069688068590097;6.739369384216994E-4
223.0;0.03133219095377131;0.015114983529756367;6.75962613026499E-4
224.0;0.030809638549872623;0.015135378291562264;6.76874694502157E-4
225.0;0.030249793273894567;0.015226301063389599;6.809408844723295E-4
226.0;0.029723143415276248;0.015321251261589963;6.851871864253914E-4
227.0;0.029180443976036894;0.015344349177394691;6.862201566229502E-4
228.0;0.02861423230938503;0.01536472053083327;6.871311912445969E-4
229.0;0.028063777988997625;0.015358977048740556;6.868743349168596E-4
230.0;0.027540793303513347;0.015391714384510702;6.883383930805453E-4
231.0;0.026996534253525776;0.01541380472208235;6.893263030096678E-4
232.0;0.02648285226107314;0.015431421110652713;6.901141318568954E-4
233.0;0.025968156988759192;0.015473446064182522;6.919935449137738E-4
234.0;0.025413087737521812;0.01547162058342336;6.919119069323917E-4
235.0;0.024886394211162198;0.015521417727745889;6.941389029282025E-4
236.0;0.02434285543130709;0.0155071784966328;6.935021051538787E-4
237.0;0.02380033105452929;0.015536523043001882;6.948144331628818E-4
238.0;0.023273304595201112;0.015605645919729294;6.979057021861385E-4
239.0;0.0227919089169894;0.015560463633168934;6.958850889035817E-4
240.0;0.02228864372121307;0.015550360571288557;6.954332662406736E-4
241.0;0.021774596769229528;0.015515396115424447;6.938696082385047E-4
242.0;0.02123754093450226;0.015449946990945287;6.909426344104397E-4
243.0;0.02070619878687316;0.015407472342105983;6.890431103679374E-4
244.0;0.020214245540057914;0.01541954878426239;6.895831852796988E-4
245.0;0.019767634655503366;0.015387978780354639;6.881713317839455E-4
246.0;0.01930211915251618;0.015296882694114637;6.84097390957609E-4
247.0;0.018815362152244264;0.015268498076228872;6.828279922554504E-4
248.0;0.018358854032333786;0.015228043948253328;6.810188286529746E-4
249.0;0.01786276612134167;0.015159821050439719;6.779678079103095E-4
250.0;0.01739166849533476;0.015105841669279849;6.755537765971727E-4
251.0;0.016914992709358135;0.015036048814934838;6.724325452639891E-4
252.0;0.016434982158487075;0.014945141377928264;6.683670410878494E-4
253.0;0.015950870182691423;0.014854666201449901;6.643208681902113E-4
254.0;0.01546272639162969;0.014729805777711328;6.587369402866336E-4
255.0;0.015023827488284323;0.014640087731820002;6.547246272982047E-4
256.0;0.01461692356827205;0.014533042040831327;6.499373984632224E-4
257.0;0.014200327454977563;0.014427764576254061;6.452292471173505E-4
258.0;0.013786377351699986;0.014311195920662595;6.40016138358385E-4
259.0;0.013347958066738606;0.014202543991516797;6.351570763692551E-4
260.0;0.012979001921018299;0.014109375724648847;6.309904648080035E-4
261.0;0.012570512432071137;0.013951182880329944;6.239158657389813E-4
262.0;0.0121779243091977;0.01382251886258639;6.181618359403249E-4
263.0;0.011782570016288263;0.013645469905200592;6.102439658591226E-4
264.0;0.011403150558098166;0.013478149958499335;6.027611903628097E-4
265.0;0.011033252432528309;0.01334699456721547;5.968957429522835E-4
266.0;0.010644747700927567;0.01316539341128493;5.88774292363219E-4
267.0;0.010245070667575526;0.012991045225075782;5.8097720444087E-4
268.0;0.009882908441640144;0.01282616890458858;5.736037112310815E-4
269.0;0.009555319967323618;0.012680155968394469;5.670738142125941E-4
270.0;0.009247284583902953;0.012521232229424466;5.599665285410869E-4
271.0;0.008917903676858898;0.012379990540866753;5.53650008203649E-4
272.0;0.008621563881939036;0.012219414089282263;5.464688109770764E-4
273.0;0.008314503820873344;0.012115811931806482;5.418355816424467E-4
274.0;0.007975086111457004;0.01192517487253991;5.333100331714326E-4
275.0;0.007666599531725591;0.011758309721020418;5.258475967339648E-4
276.0;0.007374091613719724;0.011602931619522519;5.188988767906816E-4
277.0;0.007116189529925859;0.011437984536672942;5.115222189918427E-4
278.0;0.006861467815972049;0.011294502002933866;5.051054850113531E-4
279.0;0.006616845301923469;0.011129219270582106;4.977138165104443E-4
280.0;0.006348206303593829;0.010963868711886395;4.903191147232207E-4
281.0;0.006128877907254699;0.01080269344799871;4.8311113779633407E-4
282.0;0.0059094638372810615;0.01061665413406987;4.7479120674768783E-4
283.0;0.005688826019685381;0.010450336255555985;4.673532451030759E-4
284.0;0.005507254886466303;0.010328933008360654;4.619239268347165E-4
285.0;0.005304211184729617;0.0101513082341476;4.539803054421477E-4
286.0;0.0051004700537177;0.009996047120421684;4.470368173510782E-4
287.0;0.004918389629374067;0.009806963222858315;4.385807283830322E-4
288.0;0.004730340167212194;0.00961655519519286;4.3006542251659987E-4
289.0;0.004554424966795643;0.009428551005536563;4.21657619554075E-4
290.0;0.004418376900194933;0.009284076816085424;4.1519653738193637E-4
291.0;0.0042768055314411305;0.009159305944300013;4.096166143634546E-4
292.0;0.0041182541564089015;0.009005930442620835;4.027574534066991E-4
293.0;0.003950501744693967;0.008819961246366923;3.944406581158042E-4
294.0;0.0037929248410216243;0.008655077749083787;3.870668439499443E-4
295.0;0.0036274919538687913;0.008477766927070063;3.791372629265632E-4
296.0;0.003451736742217544;0.00829117642295925;3.707926819036086E-4
297.0;0.003303078069491412;0.008136357092464358;3.638689509592569E-4
298.0;0.0031758763189610483;0.008005712597823402;3.5802635154119123E-4
299.0;0.0030425124944185003;0.007846915626391688;3.509247350863431E-4
300.0;0.002918378904446931;0.0077120913344771854;3.448952094515611E-4
301.0;0.0027884670394537213;0.00756444208105757;3.38292134102094E-4
302.0;0.0026583903901984452;0.007388258335434792;3.3041295746723276E-4
303.0;0.0025549184090285586;0.007217396671054579;3.2277179154117453E-4
304.0;0.002446650983830346;0.007088394238782724;3.1700262738472093E-4
305.0;0.0023528030252920507;0.00695066970961302;3.108433991968687E-4
306.0;0.0022628689712060825;0.006803422761823641;3.0425831550214043E-4
307.0;0.0021633465706526137;0.006670628728994356;2.9831958581388803E-4
308.0;0.002068096063976591;0.006500095707480892;2.9069311724363723E-4
309.0;0.001976656003321071;0.006369708115484376;2.848620068611029E-4
310.0;0.001882897325710718;0.0062154657105939586;2.779640768141425E-4
311.0;0.001797896370214598;0.006093392910851445;2.725048152455829E-4
312.0;0.00173886343237041;0.006010069193516764;2.6877846532361645E-4
313.0;0.0016545805450594525;0.005853348941786445;2.61769722597219E-4
314.0;0.0016023576495035798;0.005755894031472309;2.5741140651314794E-4
315.0;0.0015394424691854082;0.005650323151554119;2.526901332343171E-4
316.0;0.0014870939702434941;0.005531436422793046;2.4737335709167037E-4
317.0;0.001432090052600484;0.005410213002745421;2.4195208093784034E-4
318.0;0.0013535139679522901;0.005245395581457305;2.3458122178031138E-4
319.0;0.001311369519723879;0.005151890783246124;2.3039956007985936E-4
320.0;0.0012515564041681384;0.005040164743394262;2.2540301968054706E-4
321.0;0.0011960210509458372;0.004934092847684782;2.2065934029437376E-4
322.0;0.0011367279467721866;0.00482884510366302;2.159525180921506E-4
323.0;0.0010668321223115528;0.004687978900784071;2.096527899847585E-4
324.0;0.001011571118740578;0.004585791853086187;2.0508284628330885E-4
325.0;9.616851174914832E-4;0.004471222599595494;1.9995915350457696E-4
326.0;9.135473808454679E-4;0.0043667279944179516;1.9528601269539722E-4
327.0;8.696827412659905E-4;0.0042818774229062976;1.9149137977880193E-4
328.0;8.367037334033158E-4;0.004216771169324952;1.8857973960343736E-4
329.0;7.954405463040609E-4;0.004125753591526749;1.845093097813542E-4
330.0;7.485119319852172E-4;0.004005355026716034;1.7912492227515077E-4
331.0;7.284456163427704E-4;0.003961383336984332;1.7715844852863845E-4
332.0;6.979565056668142E-4;0.0038528825082366947;1.7230614395474285E-4
333.0;6.592681490367332E-4;0.0037318784450078514;1.6689467773607533E-4
334.0;6.192192834223676E-4;0.003594714741474591;1.6076053043315535E-4
335.0;5.949125797290103E-4;0.0035276010832466496;1.5775911639282807E-4
336.0;5.744599837564975E-4;0.0034332441862293633;1.5353934767529606E-4
337.0;5.497607938818196E-4;0.00333510290124929;1.4915033598300362E-4
338.0;5.351676275630302E-4;0.0032752013678891373;1.4647145797200815E-4
339.0;5.118086586861281E-4;0.003179107313102954;1.4217400119729827E-4
340.0;4.918627684414348E-4;0.0030975747571580546;1.3852775444785626E-4
341.0;4.7469088473624677E-4;0.0030577524502577364;1.3674684674285686E-4
342.0;4.6041282080142644E-4;0.003006272361149841;1.3444458716819682E-4
343.0;4.4339821636297025E-4;0.0029591685813650276;1.3233804209627638E-4
344.0;4.249043546852415E-4;0.002886099960872573;1.2907031404741113E-4
345.0;4.051767328013313E-4;0.0028096479532513066;1.2565127632626144E-4
346.0;3.842185724255417E-4;0.00273959625043053;1.2251846893732404E-4
347.0;3.6481349181688926E-4;0.0026933123110231116;1.2044858824169466E-4
348.0;3.4373426513686483E-4;0.002588927579139651;1.1578036111560452E-4
349.0;3.346501391443282E-4;0.0025324293754979592;1.1325368463661554E-4
350.0;3.2327541517552524E-4;0.0024970114783591972;1.116697481241682E-4
351.0;3.0616049131335386E-4;0.0024102059264531177;1.0778768582644059E-4
352.0;2.9078005492894375E-4;0.0023626243572992794;1.056597733643588E-4
353.0;2.751614275817999E-4;0.0022752232347218815;1.0175107633650173E-4
354.0;2.5456167608248274E-4;0.0022058661898392822;9.864933499498181E-5
355.0;2.286747311347857E-4;0.0021375826249454373;9.55956011380087E-5
356.0;2.0897792225816494E-4;0.0020006286779398895;8.947083443218254E-5
357.0;1.9517215436123294E-4;0.001960611910387067;8.768123018242415E-5
358.0;1.8271954840232878E-4;0.0019115233520681982;8.548592311605508E-5
359.0;1.689846604544261E-4;0.001863075180902733;8.331925503382458E-5
360.0;1.497000927123657E-4;0.001749698845069128;7.824891115454885E-5
361.0;1.346362193048544E-4;0.0016687592073364817;7.462918051366077E-5
362.0;1.2085825670156258E-4;0.0015769978077924895;7.052548597184308E-5
363.0;1.1087912640444044E-4;0.0014593963092184475;6.526618707049502E-5
364.0;1.0385432782049179E-4;0.001386273131130993;6.19960191318076E-5
365.0;1.0097362299012266E-4;0.001357274201394798;6.069914756851016E-5
366.0;9.687706101079646E-5;0.0013189566298213065;5.898553367308935E-5
367.0;9.002628241338662E-5;0.0012628577638847773;5.647671611919481E-5
368.0;8.439259700678999E-5;0.001216544864842511;5.440554030932296E-5
369.0;7.875198635194723E-5;0.0011717999693386055;5.2404487749465825E-5
370.0;7.315031463846192E-5;0.0011358582954905342;5.0797127230477545E-5
371.0;6.48270986263769E-5;0.0010744655243842113;4.805155904006109E-5
372.0;5.23771244558948E-5;0.0010004692816499828;4.4742346463394886E-5
373.0;4.9607136296149105E-5;9.944962879705154E-4;4.447522606546557E-5
374.0;4.6844300092225044E-5;9.882609170735425E-4;4.419637180165447E-5
375.0;4.2584434654919225E-5;9.522169067179721E-4;4.258443465491923E-5
376.0;3.956043956043955E-5;8.845983207691477E-4;3.956043956043956E-5
377.0;3.64697301239971E-5;8.154879567832934E-4;3.6469730123997095E-5
378.0;3.639010189228528E-5;8.137074153929363E-4;3.639010189228528E-5
379.0;3.6363636363636364E-5;8.131156281817416E-4;3.636363636363636E-5
380.0;3.480783176214644E-5;7.783267796953578E-4;3.4807831762146464E-5
381.0;3.473227206946452E-5;7.766372136034008E-4;3.4732272069464565E-5
382.0;3.4682080924855526E-5;7.755149054912568E-4;3.46820809248555E-5
383.0;3.458213256484151E-5;7.732799922189473E-4;3.458213256484149E-5
384.0;3.458213256484151E-5;7.732799922189473E-4;3.458213256484149E-5
385.0;3.3069734004313464E-5;7.394617323148118E-4;3.306973400431344E-5
386.0;3.302225412778179E-5;7.384000499999312E-4;3.3022254127781796E-5
387.0;3.302225412778179E-5;7.384000499999312E-4;3.3022254127781796E-5
388.0;3.0085959885386824E-5;6.727425147205671E-4;3.0085959885386817E-5
389.0;3.0042918454935615E-5;6.7178007907719E-4;3.004291845493562E-5
390.0;2.8551034975017835E-5;6.38420550321139E-4;2.855103497501784E-5
391.0;2.8551034975017835E-5;6.38420550321139E-4;2.855103497501784E-5
392.0;2.8490028490028496E-5;6.37056403846094E-4;2.8490028490028492E-5
393.0;2.5531914893617012E-5;5.709109729786698E-4;2.5531914893617025E-5
394.0;2.4062278839348906E-5;5.380489117833892E-4;2.4062278839348917E-5
395.0;2.4062278839348906E-5;5.380489117833892E-4;2.4062278839348917E-5
396.0;2.4028268551236734E-5;5.372884186218574E-4;2.4028268551236737E-5
397.0;2.2582921665490504E-5;5.04969479745895E-4;2.2582921665490488E-5
398.0;2.112676056338026E-5;4.724087276408006E-4;2.1126760563380278E-5
399.0;1.966292134831461E-5;4.396762877106327E-4;1.9662921348314603E-5
400.0;1.963534361851332E-5;4.390596309256246E-4;1.963534361851331E-5
401.0;1.962158374211633E-5;4.387519507357681E-4;1.9621583742116325E-5
402.0;1.678321678321677E-5;3.7528413608388085E-4;1.6783216783216786E-5
403.0;1.5363128491620113E-5;3.4352999654326384E-4;1.5363128491620113E-5
404.0;1.3927576601671322E-5;3.114300804317255E-4;1.3927576601671304E-5
405.0;1.1126564673157162E-5;2.487975496522714E-4;1.1126564673157159E-5
406.0;1.1126564673157162E-5;2.487975496522714E-4;1.1126564673157159E-5
407.0;1.1118832522585132E-5;2.486246535093579E-4;1.1118832522585119E-5
408.0;1.1111111111111118E-5;2.484519974999767E-4;1.1111111111111115E-5
409.0;1.1111111111111118E-5;2.484519974999767E-4;1.1111111111111115E-5
410.0;1.1103400416377507E-5;2.4827958112419587E-4;1.1103400416377512E-5
411.0;1.1095700416088753E-5;2.481074038834718E-4;1.1095700416088765E-5
412.0;1.10880110880111E-5;2.479354652806421E-4;1.1088011088011094E-5
413.0;9.688581314878896E-6;2.1664326425603487E-4;9.688581314878886E-6
414.0;6.910850034554252E-6;1.5453130459570073E-4;6.910850034554249E-6
415.0;6.910850034554252E-6;1.5453130459570073E-4;6.910850034554249E-6
416.0;5.528680027643405E-6;1.2362504367656064E-4;5.528680027643402E-6
417.0;0.0;0.0;0.0
418.0;0.0;0.0;0.0
419.0;0.0;0.0;0.0
420.0;0.0;0.0;0.0
421.0;0.0;0.0;0.0
422.0;0.0;0.0;0.0
423.0;0.0;0.0;0.0
424.0;0.0;0.0;0.0
425.0;0.0;0.0;0.0
426.0;0.0;0.0;0.0
427.0;0.0;0.0;0.0
428.0;0.0;0.0;0.0
429.0;0.0;0.0;0.0
430.0;0.0;0.0;0.0
431.0;0.0;0.0;0.0
432.0;0.0;0.0;0.0
433.0;0.0;0.0;0.0
434.0;0.0;0.0;0.0
435.0;0.0;0.0;0.0
436.0;0.0;0.0;0.0
437.0;0.0;0.0;0.0
438.0;0.0;0.0;0.0
439.0;0.0;0.0;0.0
440.0;0.0;0.0;0.0
441.0;0.0;0.0;0.0
442.0;0.0;0.0;0.0
443.0;0.0;0.0;0.0
444.0;0.0;0.0;0.0
445.0;0.0;0.0;0.0
446.0;0.0;0.0;0.0
447.0;0.0;0.0;0.0
448.0;0.0;0.0;0.0
449.0;0.0;0.0;0.0
450.0;0.0;0.0;0.0
451.0;0.0;0.0;0.0
452.0;0.0;0.0;0.0
453.0;0.0;0.0;0.0
454.0;0.0;0.0;0.0
455.0;0.0;0.0;0.0
456.0;0.0;0.0;0.0
457.0;0.0;0.0;0.0
458.0;0.0;0.0;0.0
459.0;0.0;0.0;0.0
460.0;0.0;0.0;0.0
461.0;0.0;0.0;0.0
462.0;0.0;0.0;0.0
463.0;0.0;0.0;0.0
464.0;0.0;0.0;0.0
465.0;0.0;0.0;0.0
466.0;0.0;0.0;0.0
467.0;0.0;0.0;0.0
468.0;0.0;0.0;0.0
469.0;0.0;0.0;0.0
470.0;0.0;0.0;0.0
471.0;0.0;0.0;0.0
472.0;0.0;0.0;0.0
473.0;0.0;0.0;0.0
474.0;0.0;0.0;0.0
475.0;0.0;0.0;0.0
476.0;0.0;0.0;0.0
477.0;0.0;0.0;0.0
478.0;0.0;0.0;0.0
479.0;0.0;0.0;0.0
480.0;0.0;0.0;0.0
481.0;0.0;0.0;0.0
482.0;0.0;0.0;0.0
483.0;0.0;0.0;0.0
484.0;0.0;0.0;0.0
485.0;0.0;0.0;0.0
486.0;0.0;0.0;0.0
487.0;0.0;0.0;0.0
488.0;0.0;0.0;0.0
489.0;0.0;0.0;0.0
490.0;0.0;0.0;0.0
491.0;0.0;0.0;0.0
492.0;0.0;0.0;0.0
493.0;0.0;0.0;0.0
494.0;0.0;0.0;0.0
495.0;0.0;0.0;0.0
496.0;0.0;0.0;0.0
497.0;0.0;0.0;0.0
498.0;0.0;0.0;0.0
499.0;0.0;0.0;0.0
500.0;0.0;0.0;0.0
501.0;0.0;0.0;0.0
502.0;0.0;0.0;0.0
503.0;0.0;0.0;0.0
504.0;0.0;0.0;0.0
505.0;0.0;0.0;0.0
506.0;0.0;0.0;0.0
507.0;0.0;0.0;0.0
508.0;0.0;0.0;0.0
509.0;0.0;0.0;0.0
510.0;0.0;0.0;0.0
511.0;0.0;0.0;0.0
512.0;0.0;0.0;0.0
513.0;0.0;0.0;0.0
514.0;0.0;0.0;0.0
515.0;0.0;0.0;0.0
516.0;0.0;0.0;0.0
517.0;0.0;0.0;0.0
518.0;0.0;0.0;0.0
519.0;0.0;0.0;0.0
520.0;0.0;0.0;0.0
521.0;0.0;0.0;0.0
522.0;0.0;0.0;0.0
523.0;0.0;0.0;0.0
524.0;0.0;0.0;0.0
525.0;0.0;0.0;0.0
526.0;0.0;0.0;0.0
527.0;0.0;0.0;0.0
528.0;0.0;0.0;0.0
529.0;0.0;0.0;0.0
530.0;0.0;0.0;0.0
531.0;0.0;0.0;0.0
532.0;0.0;0.0;0.0
533.0;0.0;0.0;0.0
534.0;0.0;0.0;0.0
535.0;0.0;0.0;0.0
536.0;0.0;0.0;0.0
537.0;0.0;0.0;0.0
538.0;0.0;0.0;0.0
539.0;0.0;0.0;0.0
540.0;0.0;0.0;0.0
541.0;0.0;0.0;0.0
542.0;0.0;0.0;0.0
543.0;0.0;0.0;0.0
544.0;0.0;0.0;0.0
545.0;0.0;0.0;0.0
546.0;0.0;0.0;0.0
547.0;0.0;0.0;0.0
548.0;0.0;0.0;0.0
549.0;0.0;0.0;0.0
550.0;0.0;0.0;0.0
551.0;0.0;0.0;0.0
552.0;0.0;0.0;0.0
553.0;0.0;0.0;0.0
554.0;0.0;0.0;0.0
555.0;0.0;0.0;0.0
556.0;0.0;0.0;0.0
557.0;0.0;0.0;0.0
558.0;0.0;0.0;0.0
559.0;0.0;0.0;0.0
560.0;0.0;0.0;0.0
561.0;0.0;0.0;0.0
562.0;0.0;0.0;0.0
563.0;0.0;0.0;0.0
564.0;0.0;0.0;0.0
565.0;0.0;0.0;0.0
566.0;0.0;0.0;0.0
567.0;0.0;0.0;0.0
568.0;0.0;0.0;0.0
569.0;0.0;0.0;0.0
570.0;0.0;0.0;0.0
571.0;0.0;0.0;0.0
572.0;0.0;0.0;0.0
573.0;0.0;0.0;0.0
574.0;0.0;0.0;0.0
575.0;0.0;0.0;0.0
576.0;0.0;0.0;0.0
577.0;0.0;0.0;0.0
578.0;0.0;0.0;0.0
579.0;0.0;0.0;0.0
580.0;0.0;0.0;0.0
581.0;0.0;0.0;0.0
582.0;0.0;0.0;0.0
583.0;0.0;0.0;0.0
584.0;0.0;0.0;0.0
585.0;0.0;0.0;0.0
586.0;0.0;0.0;0.0
587.0;0.0;0.0;0.0
588.0;0.0;0.0;0.0
589.0;0.0;0.0;0.0
590.0;0.0;0.0;0.0
591.0;0.0;0.0;0.0
592.0;0.0;0.0;0.0
593.0;0.0;0.0;0.0
594.0;0.0;0.0;0.0
595.0;0.0;0.0;0.0
596.0;0.0;0.0;0.0
597.0;0.0;0.0;0.0
598.0;0.0;0.0;0.0
599.0;0.0;0.0;0.0
600.0;0.0;0.0;0.0
601.0;0.0;0.0;0.0
602.0;0.0;0.0;0.0
603.0;0.0;0.0;0.0
604.0;0.0;0.0;0.0
605.0;0.0;0.0;0.0
606.0;0.0;0.0;0.0
607.0;0.0;0.0;0.0
608.0;0.0;0.0;0.0
609.0;0.0;0.0;0.0
610.0;0.0;0.0;0.0
611.0;0.0;0.0;0.0
612.0;0.0;0.0;0.0
613.0;0.0;0.0;0.0
614.0;0.0;0.0;0.0
615.0;0.0;0.0;0.0
616.0;0.0;0.0;0.0
617.0;0.0;0.0;0.0
618.0;0.0;0.0;0.0
619.0;0.0;0.0;0.0
620.0;0.0;0.0;0.0
621.0;0.0;0.0;0.0
622.0;0.0;0.0;0.0
623.0;0.0;0.0;0.0
624.0;0.0;0.0;0.0
625.0;0.0;0.0;0.0
626.0;0.0;0.0;0.0
627.0;0.0;0.0;0.0
628.0;0.0;0.0;0.0
629.0;0.0;0.0;0.0
630.0;0.0;0.0;0.0
631.0;0.0;0.0;0.0
632.0;0.0;0.0;0.0
633.0;0.0;0.0;0.0
634.0;0.0;0.0;0.0
635.0;0.0;0.0;0.0
636.0;0.0;0.0;0.0
637.0;0.0;0.0;0.0
638.0;0.0;0.0;0.0
639.0;0.0;0.0;0.0
640.0;0.0;0.0;0.0
641.0;0.0;0.0;0.0
642.0;0.0;0.0;0.0
643.0;0.0;0.0;0.0
644.0;0.0;0.0;0.0
645.0;0.0;0.0;0.0
646.0;0.0;0.0;0.0
647.0;0.0;0.0;0.0
648.0;0.0;0.0;0.0
649.0;0.0;0.0;0.0
650.0;0.0;0.0;0.0
651.0;0.0;0.0;0.0
652.0;0.0;0.0;0.0
653.0;0.0;0.0;0.0
654.0;0.0;0.0;0.0
655.0;0.0;0.0;0.0
656.0;0.0;0.0;0.0
657.0;0.0;0.0;0.0
658.0;0.0;0.0;0.0
659.0;0.0;0.0;0.0
660.0;0.0;0.0;0.0
661.0;0.0;0.0;0.0
662.0;0.0;0.0;0.0
663.0;0.0;0.0;0.0
664.0;0.0;0.0;0.0
665.0;0.0;0.0;0.0
666.0;0.0;0.0;0.0
667.0;0.0;0.0;0.0
668.0;0.0;0.0;0.0
669.0;0.0;0.0;0.0
670.0;0.0;0.0;0.0
671.0;0.0;0.0;0.0
672.0;0.0;0.0;0.0
673.0;0.0;0.0;0.0
674.0;0.0;0.0;0.0
675.0;0.0;0.0;0.0
676.0;0.0;0.0;0.0
677.0;0.0;0.0;0.0
678.0;0.0;0.0;0.0
679.0;0.0;0.0;0.0
680.0;0.0;0.0;0.0
681.0;0.0;0.0;0.0
682.0;0.0;0.0;0.0
683.0;0.0;0.0;0.0
684.0;0.0;0.0;0.0
685.0;0.0;0.0;0.0
686.0;0.0;0.0;0.0
687.0;0.0;0.0;0.0
688.0;0.0;0.0;0.0
689.0;0.0;0.0;0.0
690.0;0.0;0.0;0.0
691.0;0.0;0.0;0.0
692.0;0.0;0.0;0.0
693.0;0.0;0.0;0.0
694.0;0.0;0.0;0.0
695.0;0.0;0.0;0.0
696.0;0.0;0.0;0.0
697.0;0.0;0.0;0.0
698.0;0.0;0.0;0.0
699.0;0.0;0.0;0.0
700.0;0.0;0.0;0.0
701.0;0.0;0.0;0.0
702.0;0.0;0.0;0.0
703.0;0.0;0.0;0.0
704.0;0.0;0.0;0.0
705.0;0.0;0.0;0.0
706.0;0.0;0.0;0.0
707.0;0.0;0.0;0.0
708.0;0.0;0.0;0.0
709.0;0.0;0.0;0.0
710.0;0.0;0.0;0.0
711.0;0.0;0.0;0.0
712.0;0.0;0.0;0.0
713.0;0.0;0.0;0.0
714.0;0.0;0.0;0.0
715.0;0.0;0.0;0.0
716.0;0.0;0.0;0.0
717.0;0.0;0.0;0.0
718.0;0.0;0.0;0.0
719.0;0.0;0.0;0.0
720.0;0.0;0.0;0.0
721.0;0.0;0.0;0.0
722.0;0.0;0.0;0.0
723.0;0.0;0.0;0.0
724.0;0.0;0.0;0.0
725.0;0.0;0.0;0.0
726.0;0.0;0.0;0.0
727.0;0.0;0.0;0.0
728.0;0.0;0.0;0.0
729.0;0.0;0.0;0.0
730.0;0.0;0.0;0.0
731.0;0.0;0.0;0.0
732.0;0.0;0.0;0.0
733.0;0.0;0.0;0.0
734.0;0.0;0.0;0.0
735.0;0.0;0.0;0.0
736.0;0.0;0.0;0.0
737.0;0.0;0.0;0.0
738.0;0.0;0.0;0.0
739.0;0.0;0.0;0.0
740.0;0.0;0.0;0.0
741.0;0.0;0.0;0.0
742.0;0.0;0.0;0.0
743.0;0.0;0.0;0.0
744.0;0.0;0.0;0.0
745.0;0.0;0.0;0.0
746.0;0.0;0.0;0.0
747.0;0.0;0.0;0.0
748.0;0.0;0.0;0.0
749.0;0.0;0.0;0.0
750.0;0.0;0.0;0.0
751.0;0.0;0.0;0.0
752.0;0.0;0.0;0.0
753.0;0.0;0.0;0.0
754.0;0.0;0.0;0.0
755.0;0.0;0.0;0.0
756.0;0.0;0.0;0.0
757.0;0.0;0.0;0.0
758.0;0.0;0.0;0.0
759.0;0.0;0.0;0.0
760.0;0.0;0.0;0.0
761.0;0.0;0.0;0.0
762.0;0.0;0.0;0.0
763.0;0.0;0.0;0.0
764.0;0.0;0.0;0.0
765.0;0.0;0.0;0.0
766.0;0.0;0.0;0.0
767.0;0.0;0.0;0.0
768.0;0.0;0.0;0.0
769.0;0.0;0.0;0.0
770.0;0.0;0.0;0.0
771.0;0.0;0.0;0.0
772.0;0.0;0.0;0.0
773.0;0.0;0.0;0.0
774.0;0.0;0.0;0.0
775.0;0.0;0.0;0.0
776.0;0.0;0.0;0.0
777.0;0.0;0.0;0.0
778.0;0.0;0.0;0.0
779.0;0.0;0.0;0.0
780.0;0.0;0.0;0.0
781.0;0.0;0.0;0.0
782.0;0.0;0.0;0.0
783.0;0.0;0.0;0.0
784.0;0.0;0.0;0.0
785.0;0.0;0.0;0.0
786.0;0.0;0.0;0.0
787.0;0.0;0.0;0.0
788.0;0.0;0.0;0.0
789.0;0.0;0.0;0.0
790.0;0.0;0.0;0.0
791.0;0.0;0.0;0.0
792.0;0.0;0.0;0.0
793.0;0.0;0.0;0.0
794.0;0.0;0.0;0.0
795.0;0.0;0.0;0.0
796.0;0.0;0.0;0.0
797.0;0.0;0.0;0.0
798.0;0.0;0.0;0.0
799.0;0.0;0.0;0.0
800.0;0.0;0.0;0.0
801.0;0.0;0.0;0.0
802.0;0.0;0.0;0.0
803.0;0.0;0.0;0.0
804.0;0.0;0.0;0.0
805.0;0.0;0.0;0.0
806.0;0.0;0.0;0.0
807.0;0.0;0.0;0.0
808.0;0.0;0.0;0.0
809.0;0.0;0.0;0.0
810.0;0.0;0.0;0.0
811.0;0.0;0.0;0.0
812.0;0.0;0.0;0.0
813.0;0.0;0.0;0.0
814.0;0.0;0.0;0.0
815.0;0.0;0.0;0.0
816.0;0.0;0.0;0.0
817.0;0.0;0.0;0.0
818.0;0.0;0.0;0.0
819.0;0.0;0.0;0.0
820.0;0.0;0.0;0.0
821.0;0.0;0.0;0.0
822.0;0.0;0.0;0.0
823.0;0.0;0.0;0.0
824.0;0.0;0.0;0.0
825.0;0.0;0.0;0.0
826.0;0.0;0.0;0.0
827.0;0.0;0.0;0.0
828.0;0.0;0.0;0.0
829.0;0.0;0.0;0.0
830.0;0.0;0.0;0.0
831.0;0.0;0.0;0.0
832.0;0.0;0.0;0.0
833.0;0.0;0.0;0.0
834.0;0.0;0.0;0.0
835.0;0.0;0.0;0.0
836.0;0.0;0.0;0.0
837.0;0.0;0.0;0.0
838.0;0.0;0.0;0.0
839.0;0.0;0.0;0.0
840.0;0.0;0.0;0.0
841.0;0.0;0.0;0.0
842.0;0.0;0.0;0.0
843.0;0.0;0.0;0.0
844.0;0.0;0.0;0.0
845.0;0.0;0.0;0.0
846.0;0.0;0.0;0.0
847.0;0.0;0.0;0.0
848.0;0.0;0.0;0.0
849.0;0.0;0.0;0.0
850.0;0.0;0.0;0.0
851.0;0.0;0.0;0.0
852.0;0.0;0.0;0.0
853.0;0.0;0.0;0.0
854.0;0.0;0.0;0.0
855.0;0.0;0.0;0.0
856.0;0.0;0.0;0.0
857.0;0.0;0.0;0.0
858.0;0.0;0.0;0.0
859.0;0.0;0.0;0.0
860.0;0.0;0.0;0.0
861.0;0.0;0.0;0.0
862.0;0.0;0.0;0.0
863.0;0.0;0.0;0.0
864.0;0.0;0.0;0.0
865.0;0.0;0.0;0.0
866.0;0.0;0.0;0.0
867.0;0.0;0.0;0.0
868.0;0.0;0.0;0.0
869.0;0.0;0.0;0.0
870.0;0.0;0.0;0.0
871.0;0.0;0.0;0.0
872.0;0.0;0.0;0.0
873.0;0.0;0.0;0.0
874.0;0.0;0.0;0.0
875.0;0.0;0.0;0.0
876.0;0.0;0.0;0.0
877.0;0.0;0.0;0.0
878.0;0.0;0.0;0.0
879.0;0.0;0.0;0.0
880.0;0.0;0.0;0.0
881.0;0.0;0.0;0.0
882.0;0.0;0.0;0.0
883.0;0.0;0.0;0.0
884.0;0.0;0.0;0.0
885.0;0.0;0.0;0.0
886.0;0.0;0.0;0.0
887.0;0.0;0.0;0.0
888.0;0.0;0.0;0.0
889.0;0.0;0.0;0.0
890.0;0.0;0.0;0.0
891.0;0.0;0.0;0.0
892.0;0.0;0.0;0.0
893.0;0.0;0.0;0.0
894.0;0.0;0.0;0.0
895.0;0.0;0.0;0.0
896.0;0.0;0.0;0.0
897.0;0.0;0.0;0.0
898.0;0.0;0.0;0.0
899.0;0.0;0.0;0.0
900.0;0.0;0.0;0.0
901.0;0.0;0.0;0.0
902.0;0.0;0.0;0.0
903.0;0.0;0.0;0.0
904.0;0.0;0.0;0.0
905.0;0.0;0.0;0.0
906.0;0.0;0.0;0.0
907.0;0.0;0.0;0.0
908.0;0.0;0.0;0.0
909.0;0.0;0.0;0.0
910.0;0.0;0.0;0.0
911.0;0.0;0.0;0.0
912.0;0.0;0.0;0.0
913.0;0.0;0.0;0.0
914.0;0.0;0.0;0.0
915.0;0.0;0.0;0.0
916.0;0.0;0.0;0.0
917.0;0.0;0.0;0.0
918.0;0.0;0.0;0.0
919.0;0.0;0.0;0.0
920.0;0.0;0.0;0.0
921.0;0.0;0.0;0.0
922.0;0.0;0.0;0.0
923.0;0.0;0.0;0.0
924.0;0.0;0.0;0.0
925.0;0.0;0.0;0.0
926.0;0.0;0.0;0.0
927.0;0.0;0.0;0.0
928.0;0.0;0.0;0.0
929.0;0.0;0.0;0.0
930.0;0.0;0.0;0.0
931.0;0.0;0.0;0.0
932.0;0.0;0.0;0.0
933.0;0.0;0.0;0.0
934.0;0.0;0.0;0.0
935.0;0.0;0.0;0.0
936.0;0.0;0.0;0.0
937.0;0.0;0.0;0.0
938.0;0.0;0.0;0.0
939.0;0.0;0.0;0.0
940.0;0.0;0.0;0.0
941.0;0.0;0.0;0.0
942.0;0.0;0.0;0.0
943.0;0.0;0.0;0.0
944.0;0.0;0.0;0.0
945.0;0.0;0.0;0.0
946.0;0.0;0.0;0.0
947.0;0.0;0.0;0.0
948.0;0.0;0.0;0.0
949.0;0.0;0.0;0.0
950.0;0.0;0.0;0.0
951.0;0.0;0.0;0.0
952.0;0.0;0.0;0.0
953.0;0.0;0.0;0.0
954.0;0.0;0.0;0.0
955.0;0.0;0.0;0.0
956.0;0.0;0.0;0.0
957.0;0.0;0.0;0.0
958.0;0.0;0.0;0.0
959.0;0.0;0.0;0.0
960.0;0.0;0.0;0.0
961.0;0.0;0.0;0.0
962.0;0.0;0.0;0.0
963.0;0.0;0.0;0.0
964.0;0.0;0.0;0.0
965.0;0.0;0.0;0.0
966.0;0.0;0.0;0.0
967.0;0.0;0.0;0.0
968.0;0.0;0.0;0.0
969.0;0.0;0.0;0.0
970.0;0.0;0.0;0.0
971.0;0.0;0.0;0.0
972.0;0.0;0.0;0.0
973.0;0.0;0.0;0.0
974.0;0.0;0.0;0.0
975.0;0.0;0.0;0.0
976.0;0.0;0.0;0.0
977.0;0.0;0.0;0.0
978.0;0.0;0.0;0.0
979.0;0.0;0.0;0.0
980.0;0.0;0.0;0.0
981.0;0.0;0.0;0.0
982.0;0.0;0.0;0.0
983.0;0.0;0.0;0.0
984.0;0.0;0.0;0.0
985.0;0.0;0.0;0.0
986.0;0.0;0.0;0.0
987.0;0.0;0.0;0.0
988.0;0.0;0.0;0.0
989.0;0.0;0.0;0.0
990.0;0.0;0.0;0.0
991.0;0.0;0.0;0.0
992.0;0.0;0.0;0.0
993.0;0.0;0.0;0.0
994.0;0.0;0.0;0.0
995.0;0.0;0.0;0.0
996.0;0.0;0.0;0.0
997.0;0.0;0.0;0.0
998.0;0.0;0.0;0.0
999.0;0.0;0.0;0.0
1000.0;0.0;0.0;0.0
1001.0;0.0;0.0;0.0
1002.0;0.0;0.0;0.0
1003.0;0.0;0.0;0.0
1004.0;0.0;0.0;0.0
1005.0;0.0;0.0;0.0
1006.0;0.0;0.0;0.0
1007.0;0.0;0.0;0.0
1008.0;0.0;0.0;0.0
1009.0;0.0;0.0;0.0
1010.0;0.0;0.0;0.0
1011.0;0.0;0.0;0.0
1012.0;0.0;0.0;0.0
1013.0;0.0;0.0;0.0
1014.0;0.0;0.0;0.0
1015.0;0.0;0.0;0.0
1016.0;0.0;0.0;0.0
1017.0;0.0;0.0;0.0
1018.0;0.0;0.0;0.0
1019.0;0.0;0.0;0.0
1020.0;0.0;0.0;0.0
1021.0;0.0;0.0;0.0
1022.0;0.0;0.0;0.0
1023.0;0.0;0.0;0.0
1024.0;0.0;0.0;0.0
1025.0;0.0;0.0;0.0
1026.0;0.0;0.0;0.0
1027.0;0.0;0.0;0.0
1028.0;0.0;0.0;0.0
1029.0;0.0;0.0;0.0
1030.0;0.0;0.0;0.0
1031.0;0.0;0.0;0.0
1032.0;0.0;0.0;0.0
1033.0;0.0;0.0;0.0
1034.0;0.0;0.0;0.0
1035.0;0.0;0.0;0.0
1036.0;0.0;0.0;0.0
1037.0;0.0;0.0;0.0
1038.0;0.0;0.0;0.0
1039.0;0.0;0.0;0.0
1040.0;0.0;0.0;0.0
1041.0;0.0;0.0;0.0
1042.0;0.0;0.0;0.0
1043.0;0.0;0.0;0.0
1044.0;0.0;0.0;0.0
1045.0;0.0;0.0;0.0
1046.0;0.0;0.0;0.0
1047.0;0.0;0.0;0.0
1048.0;0.0;0.0;0.0
1049.0;0.0;0.0;0.0
1050.0;0.0;0.0;0.0
1051.0;0.0;0.0;0.0
1052.0;0.0;0.0;0.0
1053.0;0.0;0.0;0.0
1054.0;0.0;0.0;0.0
1055.0;0.0;0.0;0.0
1056.0;0.0;0.0;0.0
1057.0;0.0;0.0;0.0
1058.0;0.0;0.0;0.0
1059.0;0.0;0.0;0.0
1060.0;0.0;0.0;0.0
1061.0;0.0;0.0;0.0
1062.0;0.0;0.0;0.0
1063.0;0.0;0.0;0.0
1064.0;0.0;0.0;0.0
1065.0;0.0;0.0;0.0
1066.0;0.0;0.0;0.0
1067.0;0.0;0.0;0.0
1068.0;0.0;0.0;0.0
1069.0;0.0;0.0;0.0
1070.0;0.0;0.0;0.0
1071.0;0.0;0.0;0.0
1072.0;0.0;0.0;0.0
1073.0;0.0;0.0;0.0
1074.0;0.0;0.0;0.0
1075.0;0.0;0.0;0.0
1076.0;0.0;0.0;0.0
1077.0;0.0;0.0;0.0
1078.0;0.0;0.0;0.0
1079.0;0.0;0.0;0.0
1080.0;0.0;0.0;0.0
1081.0;0.0;0.0;0.0
1082.0;0.0;0.0;0.0
1083.0;0.0;0.0;0.0
1084.0;0.0;0.0;0.0
1085.0;0.0;0.0;0.0
1086.0;0.0;0.0;0.0
1087.0;0.0;0.0;0.0
1088.0;0.0;0.0;0.0
1089.0;0.0;0.0;0.0
1090.0;0.0;0.0;0.0
1091.0;0.0;0.0;0.0
1092.0;0.0;0.0;0.0
1093.0;0.0;0.0;0.0
1094.0;0.0;0.0;0.0
1095.0;0.0;0.0;0.0
1096.0;0.0;0.0;0.0
1097.0;0.0;0.0;0.0
1098.0;0.0;0.0;0.0
1099.0;0.0;0.0;0.0
1100.0;0.0;0.0;0.0
1101.0;0.0;0.0;0.0
1102.0;0.0;0.0;0.0
1103.0;0.0;0.0;0.0
1104.0;0.0;0.0;0.0
1105.0;0.0;0.0;0.0
1106.0;0.0;0.0;0.0
1107.0;0.0;0.0;0.0
1108.0;0.0;0.0;0.0
1109.0;0.0;0.0;0.0
1110.0;0.0;0.0;0.0
1111.0;0.0;0.0;0.0
1112.0;0.0;0.0;0.0
1113.0;0.0;0.0;0.0
1114.0;0.0;0.0;0.0
1115.0;0.0;0.0;0.0
1116.0;0.0;0.0;0.0
1117.0;0.0;0.0;0.0
1118.0;0.0;0.0;0.0
1119.0;0.0;0.0;0.0
1120.0;0.0;0.0;0.0
1121.0;0.0;0.0;0.0
1122.0;0.0;0.0;0.0
1123.0;0.0;0.0;0.0
1124.0;0.0;0.0;0.0
1125.0;0.0;0.0;0.0
1126.0;0.0;0.0;0.0
1127.0;0.0;0.0;0.0
1128.0;0.0;0.0;0.0
1129.0;0.0;0.0;0.0
1130.0;0.0;0.0;0.0
1131.0;0.0;0.0;0.0
1132.0;0.0;0.0;0.0
1133.0;0.0;0.0;0.0
1134.0;0.0;0.0;0.0
1135.0;0.0;0.0;0.0
1136.0;0.0;0.0;0.0
1137.0;0.0;0.0;0.0
1138.0;0.0;0.0;0.0
1139.0;0.0;0.0;0.0
1140.0;0.0;0.0;0.0
1141.0;0.0;0.0;0.0
1142.0;0.0;0.0;0.0
1143.0;0.0;0.0;0.0
1144.0;0.0;0.0;0.0
1145.0;0.0;0.0;0.0
1146.0;0.0;0.0;0.0
1147.0;0.0;0.0;0.0
1148.0;0.0;0.0;0.0
1149.0;0.0;0.0;0.0
1150.0;0.0;0.0;0.0
1151.0;0.0;0.0;0.0
1152.0;0.0;0.0;0.0
1153.0;0.0;0.0;0.0
1154.0;0.0;0.0;0.0
1155.0;0.0;0.0;0.0
1156.0;0.0;0.0;0.0
1157.0;0.0;0.0;0.0
1158.0;0.0;0.0;0.0
1159.0;0.0;0.0;0.0
1160.0;0.0;0.0;0.0
1161.0;0.0;0.0;0.0
1162.0;0.0;0.0;0.0
1163.0;0.0;0.0;0.0
1164.0;0.0;0.0;0.0
1165.0;0.0;0.0;0.0
1166.0;0.0;0.0;0.0
1167.0;0.0;0.0;0.0
1168.0;0.0;0.0;0.0
1169.0;0.0;0.0;0.0
1170.0;0.0;0.0;0.0
1171.0;0.0;0.0;0.0
1172.0;0.0;0.0;0.0
1173.0;0.0;0.0;0.0
1174.0;0.0;0.0;0.0
1175.0;0.0;0.0;0.0
1176.0;0.0;0.0;0.0
1177.0;0.0;0.0;0.0
1178.0;0.0;0.0;0.0
1179.0;0.0;0.0;0.0
1180.0;0.0;0.0;0.0
1181.0;0.0;0.0;0.0
1182.0;0.0;0.0;0.0
1183.0;0.0;0.0;0.0
1184.0;0.0;0.0;0.0
1185.0;0.0;0.0;0.0
1186.0;0.0;0.0;0.0
1187.0;0.0;0.0;0.0
1188.0;0.0;0.0;0.0
1189.0;0.0;0.0;0.0
1190.0;0.0;0.0;0.0
1191.0;0.0;0.0;0.0
1192.0;0.0;0.0;0.0
1193.0;0.0;0.0;0.0
1194.0;0.0;0.0;0.0
1195.0;0.0;0.0;0.0
1196.0;0.0;0.0;0.0
1197.0;0.0;0.0;0.0
1198.0;0.0;0.0;0.0
1199.0;0.0;0.0;0.0
1200.0;0.0;0.0;0.0
1201.0;0.0;0.0;0.0
1202.0;0.0;0.0;0.0
1203.0;0.0;0.0;0.0
1204.0;0.0;0.0;0.0
1205.0;0.0;0.0;0.0
1206.0;0.0;0.0;0.0
1207.0;0.0;0.0;0.0
1208.0;0.0;0.0;0.0
1209.0;0.0;0.0;0.0
1210.0;0.0;0.0;0.0
1211.0;0.0;0.0;0.0
1212.0;0.0;0.0;0.0
1213.0;0.0;0.0;0.0
1214.0;0.0;0.0;0.0
1215.0;0.0;0.0;0.0
1216.0;0.0;0.0;0.0
1217.0;0.0;0.0;0.0
1218.0;0.0;0.0;0.0
1219.0;0.0;0.0;0.0
1220.0;0.0;0.0;0.0
1221.0;0.0;0.0;0.0
1222.0;0.0;0.0;0.0
1223.0;0.0;0.0;0.0
1224.0;0.0;0.0;0.0
1225.0;0.0;0.0;0.0
1226.0;0.0;0.0;0.0
1227.0;0.0;0.0;0.0
1228.0;0.0;0.0;0.0
1229.0;0.0;0.0;0.0
1230.0;0.0;0.0;0.0
1231.0;0.0;0.0;0.0
1232.0;0.0;0.0;0.0
1233.0;0.0;0.0;0.0
1234.0;0.0;0.0;0.0
1235.0;0.0;0.0;0.0
1236.0;0.0;0.0;0.0
1237.0;0.0;0.0;0.0
1238.0;0.0;0.0;0.0
1239.0;0.0;0.0;0.0
1240.0;0.0;0.0;0.0
1241.0;0.0;0.0;0.0
1242.0;0.0;0.0;0.0
1243.0;0.0;0.0;0.0
1244.0;0.0;0.0;0.0
1245.0;0.0;0.0;0.0
1246.0;0.0;0.0;0.0
1247.0;0.0;0.0;0.0
1248.0;0.0;0.0;0.0
1249.0;0.0;0.0;0.0
1250.0;0.0;0.0;0.0
1251.0;0.0;0.0;0.0
1252.0;0.0;0.0;0.0
1253.0;0.0;0.0;0.0
1254.0;0.0;0.0;0.0
1255.0;0.0;0.0;0.0
1256.0;0.0;0.0;0.0
1257.0;0.0;0.0;0.0
1258.0;0.0;0.0;0.0
1259.0;0.0;0.0;0.0
1260.0;0.0;0.0;0.0
1261.0;0.0;0.0;0.0
1262.0;0.0;0.0;0.0
1263.0;0.0;0.0;0.0
1264.0;0.0;0.0;0.0
1265.0;0.0;0.0;0.0
1266.0;0.0;0.0;0.0
1267.0;0.0;0.0;0.0
1268.0;0.0;0.0;0.0
1269.0;0.0;0.0;0.0
1270.0;0.0;0.0;0.0
1271.0;0.0;0.0;0.0
1272.0;0.0;0.0;0.0
1273.0;0.0;0.0;0.0
1274.0;0.0;0.0;0.0
1275.0;0.0;0.0;0.0
1276.0;0.0;0.0;0.0
1277.0;0.0;0.0;0.0
1278.0;0.0;0.0;0.0
1279.0;0.0;0.0;0.0
1280.0;0.0;0.0;0.0
1281.0;0.0;0.0;0.0
1282.0;0.0;0.0;0.0
1283.0;0.0;0.0;0.0
1284.0;0.0;0.0;0.0
1285.0;0.0;0.0;0.0
1286.0;0.0;0.0;0.0
1287.0;0.0;0.0;0.0
1288.0;0.0;0.0;0.0
1289.0;0.0;0.0;0.0
1290.0;0.0;0.0;0.0
1291.0;0.0;0.0;0.0
1292.0;0.0;0.0;0.0
1293.0;0.0;0.0;0.0
1294.0;0.0;0.0;0.0
1295.0;0.0;0.0;0.0
1296.0;0.0;0.0;0.0
1297.0;0.0;0.0;0.0
1298.0;0.0;0.0;0.0
1299.0;0.0;0.0;0.0
1300.0;0.0;0.0;0.0
1301.0;0.0;0.0;0.0
1302.0;0.0;0.0;0.0
1303.0;0.0;0.0;0.0
1304.0;0.0;0.0;0.0
1305.0;0.0;0.0;0.0
1306.0;0.0;0.0;0.0
1307.0;0.0;0.0;0.0
1308.0;0.0;0.0;0.0
1309.0;0.0;0.0;0.0
1310.0;0.0;0.0;0.0
1311.0;0.0;0.0;0.0
1312.0;0.0;0.0;0.0
1313.0;0.0;0.0;0.0
1314.0;0.0;0.0;0.0
1315.0;0.0;0.0;0.0
1316.0;0.0;0.0;0.0
1317.0;0.0;0.0;0.0
1318.0;0.0;0.0;0.0
1319.0;0.0;0.0;0.0
1320.0;0.0;0.0;0.0
1321.0;0.0;0.0;0.0
1322.0;0.0;0.0;0.0
1323.0;0.0;0.0;0.0
1324.0;0.0;0.0;0.0
1325.0;0.0;0.0;0.0
1326.0;0.0;0.0;0.0
1327.0;0.0;0.0;0.0
1328.0;0.0;0.0;0.0
1329.0;0.0;0.0;0.0
1330.0;0.0;0.0;0.0
1331.0;0.0;0.0;0.0
1332.0;0.0;0.0;0.0
1333.0;0.0;0.0;0.0
1334.0;0.0;0.0;0.0
1335.0;0.0;0.0;0.0
1336.0;0.0;0.0;0.0
1337.0;0.0;0.0;0.0
1338.0;0.0;0.0;0.0
1339.0;0.0;0.0;0.0
1340.0;0.0;0.0;0.0
1341.0;0.0;0.0;0.0
1342.0;0.0;0.0;0.0
1343.0;0.0;0.0;0.0
1344.0;0.0;0.0;0.0
1345.0;0.0;0.0;0.0
1346.0;0.0;0.0;0.0
1347.0;0.0;0.0;0.0
1348.0;0.0;0.0;0.0
1349.0;0.0;0.0;0.0
1350.0;0.0;0.0;0.0
1351.0;0.0;0.0;0.0
1352.0;0.0;0.0;0.0
1353.0;0.0;0.0;0.0
1354.0;0.0;0.0;0.0
1355.0;0.0;0.0;0.0
1356.0;0.0;0.0;0.0
1357.0;0.0;0.0;0.0
1358.0;0.0;0.0;0.0
1359.0;0.0;0.0;0.0
1360.0;0.0;0.0;0.0
1361.0;0.0;0.0;0.0
1362.0;0.0;0.0;0.0
1363.0;0.0;0.0;0.0
1364.0;0.0;0.0;0.0
1365.0;0.0;0.0;0.0
1366.0;0.0;0.0;0.0
1367.0;0.0;0.0;0.0
1368.0;0.0;0.0;0.0
1369.0;0.0;0.0;0.0
1370.0;0.0;0.0;0.0
1371.0;0.0;0.0;0.0
1372.0;0.0;0.0;0.0
1373.0;0.0;0.0;0.0
1374.0;0.0;0.0;0.0
1375.0;0.0;0.0;0.0
1376.0;0.0;0.0;0.0
1377.0;0.0;0.0;0.0
1378.0;0.0;0.0;0.0
1379.0;0.0;0.0;0.0
1380.0;0.0;0.0;0.0
1381.0;0.0;0.0;0.0
1382.0;0.0;0.0;0.0
1383.0;0.0;0.0;0.0
1384.0;0.0;0.0;0.0
1385.0;0.0;0.0;0.0
1386.0;0.0;0.0;0.0
1387.0;0.0;0.0;0.0
1388.0;0.0;0.0;0.0
1389.0;0.0;0.0;0.0
1390.0;0.0;0.0;0.0
1391.0;0.0;0.0;0.0
1392.0;0.0;0.0;0.0
1393.0;0.0;0.0;0.0
1394.0;0.0;0.0;0.0
1395.0;0.0;0.0;0.0
1396.0;0.0;0.0;0.0
1397.0;0.0;0.0;0.0
1398.0;0.0;0.0;0.0
1399.0;0.0;0.0;0.0
1400.0;0.0;0.0;0.0
1401.0;0.0;0.0;0.0
1402.0;0.0;0.0;0.0
1403.0;0.0;0.0;0.0
1404.0;0.0;0.0;0.0
1405.0;0.0;0.0;0.0
1406.0;0.0;0.0;0.0
1407.0;0.0;0.0;0.0
1408.0;0.0;0.0;0.0
1409.0;0.0;0.0;0.0
1410.0;0.0;0.0;0.0
1411.0;0.0;0.0;0.0
1412.0;0.0;0.0;0.0
1413.0;0.0;0.0;0.0
1414.0;0.0;0.0;0.0
1415.0;0.0;0.0;0.0
1416.0;0.0;0.0;0.0
1417.0;0.0;0.0;0.0
1418.0;0.0;0.0;0.0
1419.0;0.0;0.0;0.0
1420.0;0.0;0.0;0.0
1421.0;0.0;0.0;0.0
1422.0;0.0;0.0;0.0
1423.0;0.0;0.0;0.0
1424.0;0.0;0.0;0.0
1425.0;0.0;0.0;0.0
1426.0;0.0;0.0;0.0
1427.0;0.0;0.0;0.0
1428.0;0.0;0.0;0.0
1429.0;0.0;0.0;0.0
1430.0;0.0;0.0;0.0
1431.0;0.0;0.0;0.0
1432.0;0.0;0.0;0.0
1433.0;0.0;0.0;0.0
1434.0;0.0;0.0;0.0
1435.0;0.0;0.0;0.0
1436.0;0.0;0.0;0.0
1437.0;0.0;0.0;0.0
1438.0;0.0;0.0;0.0
1439.0;0.0;0.0;0.0
1440.0;0.0;0.0;0.0
1441.0;0.0;0.0;0.0
1442.0;0.0;0.0;0.0
1443.0;0.0;0.0;0.0
1444.0;0.0;0.0;0.0
1445.0;0.0;0.0;0.0
1446.0;0.0;0.0;0.0
1447.0;0.0;0.0;0.0
1448.0;0.0;0.0;0.0
1449.0;0.0;0.0;0.0
1450.0;0.0;0.0;0.0
1451.0;0.0;0.0;0.0
1452.0;0.0;0.0;0.0
1453.0;0.0;0.0;0.0
1454.0;0.0;0.0;0.0
1455.0;0.0;0.0;0.0
1456.0;0.0;0.0;0.0
1457.0;0.0;0.0;0.0
1458.0;0.0;0.0;0.0
1459.0;0.0;0.0;0.0
1460.0;0.0;0.0;0.0
1461.0;0.0;0.0;0.0
1462.0;0.0;0.0;0.0
1463.0;0.0;0.0;0.0
1464.0;0.0;0.0;0.0
1465.0;0.0;0.0;0.0
1466.0;0.0;0.0;0.0
1467.0;0.0;0.0;0.0
1468.0;0.0;0.0;0.0
1469.0;0.0;0.0;0.0
1470.0;0.0;0.0;0.0
1471.0;0.0;0.0;0.0
1472.0;0.0;0.0;0.0
1473.0;0.0;0.0;0.0
1474.0;0.0;0.0;0.0
1475.0;0.0;0.0;0.0
1476.0;0.0;0.0;0.0
1477.0;0.0;0.0;0.0
1478.0;0.0;0.0;0.0
1479.0;0.0;0.0;0.0
1480.0;0.0;0.0;0.0
1481.0;0.0;0.0;0.0
1482.0;0.0;0.0;0.0
1483.0;0.0;0.0;0.0
1484.0;0.0;0.0;0.0
1485.0;0.0;0.0;0.0
1486.0;0.0;0.0;0.0
1487.0;0.0;0.0;0.0
1488.0;0.0;0.0;0.0
1489.0;0.0;0.0;0.0
1490.0;0.0;0.0;0.0
1491.0;0.0;0.0;0.0
1492.0;0.0;0.0;0.0
1493.0;0.0;0.0;0.0
1494.0;0.0;0.0;0.0
1495.0;0.0;0.0;0.0
1496.0;0.0;0.0;0.0
1497.0;0.0;0.0;0.0
1498.0;0.0;0.0;0.0
1499.0;0.0;0.0;0.0
1500.0;0.0;0.0;0.0
1501.0;0.0;0.0;0.0
1502.0;0.0;0.0;0.0
1503.0;0.0;0.0;0.0
1504.0;0.0;0.0;0.0
1505.0;0.0;0.0;0.0
1506.0;0.0;0.0;0.0
1507.0;0.0;0.0;0.0
1508.0;0.0;0.0;0.0
1509.0;0.0;0.0;0.0
1510.0;0.0;0.0;0.0
1511.0;0.0;0.0;0.0
1512.0;0.0;0.0;0.0
1513.0;0.0;0.0;0.0
1514.0;0.0;0.0;0.0
1515.0;0.0;0.0;0.0
1516.0;0.0;0.0;0.0
1517.0;0.0;0.0;0.0
1518.0;0.0;0.0;0.0
1519.0;0.0;0.0;0.0
1520.0;0.0;0.0;0.0
1521.0;0.0;0.0;0.0
1522.0;0.0;0.0;0.0
1523.0;0.0;0.0;0.0
1524.0;0.0;0.0;0.0
1525.0;0.0;0.0;0.0
1526.0;0.0;0.0;0.0
1527.0;0.0;0.0;0.0
1528.0;0.0;0.0;0.0
1529.0;0.0;0.0;0.0
1530.0;0.0;0.0;0.0
1531.0;0.0;0.0;0.0
1532.0;0.0;0.0;0.0
1533.0;0.0;0.0;0.0
1534.0;0.0;0.0;0.0
1535.0;0.0;0.0;0.0
1536.0;0.0;0.0;0.0
1537.0;0.0;0.0;0.0
1538.0;0.0;0.0;0.0
1539.0;0.0;0.0;0.0
1540.0;0.0;0.0;0.0
1541.0;0.0;0.0;0.0
1542.0;0.0;0.0;0.0
1543.0;0.0;0.0;0.0
1544.0;0.0;0.0;0.0
1545.0;0.0;0.0;0.0
1546.0;0.0;0.0;0.0
1547.0;0.0;0.0;0.0
1548.0;0.0;0.0;0.0
1549.0;0.0;0.0;0.0
1550.0;0.0;0.0;0.0
1551.0;0.0;0.0;0.0
1552.0;0.0;0.0;0.0
1553.0;0.0;0.0;0.0
1554.0;0.0;0.0;0.0
1555.0;0.0;0.0;0.0
1556.0;0.0;0.0;0.0
1557.0;0.0;0.0;0.0
1558.0;0.0;0.0;0.0
1559.0;0.0;0.0;0.0
1560.0;0.0;0.0;0.0
1561.0;0.0;0.0;0.0
1562.0;0.0;0.0;0.0
1563.0;0.0;0.0;0.0
1564.0;0.0;0.0;0.0
1565.0;0.0;0.0;0.0
1566.0;0.0;0.0;0.0
1567.0;0.0;0.0;0.0
1568.0;0.0;0.0;0.0
1569.0;0.0;0.0;0.0
1570.0;0.0;0.0;0.0
1571.0;0.0;0.0;0.0
1572.0;0.0;0.0;0.0
1573.0;0.0;0.0;0.0
1574.0;0.0;0.0;0.0
1575.0;0.0;0.0;0.0
1576.0;0.0;0.0;0.0
1577.0;0.0;0.0;0.0
1578.0;0.0;0.0;0.0
1579.0;0.0;0.0;0.0
1580.0;0.0;0.0;0.0
1581.0;0.0;0.0;0.0
1582.0;0.0;0.0;0.0
1583.0;0.0;0.0;0.0
1584.0;0.0;0.0;0.0
1585.0;0.0;0.0;0.0
1586.0;0.0;0.0;0.0
1587.0;0.0;0.0;0.0
1588.0;0.0;0.0;0.0
1589.0;0.0;0.0;0.0
1590.0;0.0;0.0;0.0
1591.0;0.0;0.0;0.0
1592.0;0.0;0.0;0.0
1593.0;0.0;0.0;0.0
1594.0;0.0;0.0;0.0
1595.0;0.0;0.0;0.0
1596.0;0.0;0.0;0.0
1597.0;0.0;0.0;0.0
1598.0;0.0;0.0;0.0
1599.0;0.0;0.0;0.0
1600.0;0.0;0.0;0.0
1601.0;0.0;0.0;0.0
1602.0;0.0;0.0;0.0
1603.0;0.0;0.0;0.0
1604.0;0.0;0.0;0.0
1605.0;0.0;0.0;0.0
1606.0;0.0;0.0;0.0
1607.0;0.0;0.0;0.0
1608.0;0.0;0.0;0.0
1609.0;0.0;0.0;0.0
1610.0;0.0;0.0;0.0
1611.0;0.0;0.0;0.0
1612.0;0.0;0.0;0.0
1613.0;0.0;0.0;0.0
1614.0;0.0;0.0;0.0
1615.0;0.0;0.0;0.0
1616.0;0.0;0.0;0.0
1617.0;0.0;0.0;0.0
1618.0;0.0;0.0;0.0
1619.0;0.0;0.0;0.0
1620.0;0.0;0.0;0.0
1621.0;0.0;0.0;0.0
1622.0;0.0;0.0;0.0
1623.0;0.0;0.0;0.0
1624.0;0.0;0.0;0.0
1625.0;0.0;0.0;0.0
1626.0;0.0;0.0;0.0
1627.0;0.0;0.0;0.0
1628.0;0.0;0.0;0.0
1629.0;0.0;0.0;0.0
1630.0;0.0;0.0;0.0
1631.0;0.0;0.0;0.0
1632.0;0.0;0.0;0.0
1633.0;0.0;0.0;0.0
1634.0;0.0;0.0;0.0
1635.0;0.0;0.0;0.0
1636.0;0.0;0.0;0.0
1637.0;0.0;0.0;0.0
1638.0;0.0;0.0;0.0
1639.0;0.0;0.0;0.0
1640.0;0.0;0.0;0.0
1641.0;0.0;0.0;0.0
1642.0;0.0;0.0;0.0
1643.0;0.0;0.0;0.0
1644.0;0.0;0.0;0.0
1645.0;0.0;0.0;0.0
1646.0;0.0;0.0;0.0
1647.0;0.0;0.0;0.0
1648.0;0.0;0.0;0.0
1649.0;0.0;0.0;0.0
1650.0;0.0;0.0;0.0
1651.0;0.0;0.0;0.0
1652.0;0.0;0.0;0.0
1653.0;0.0;0.0;0.0
1654.0;0.0;0.0;0.0
1655.0;0.0;0.0;0.0
1656.0;0.0;0.0;0.0
1657.0;0.0;0.0;0.0
1658.0;0.0;0.0;0.0
1659.0;0.0;0.0;0.0
1660.0;0.0;0.0;0.0
1661.0;0.0;0.0;0.0
1662.0;0.0;0.0;0.0
1663.0;0.0;0.0;0.0
1664.0;0.0;0.0;0.0
1665.0;0.0;0.0;0.0
1666.0;0.0;0.0;0.0
1667.0;0.0;0.0;0.0
1668.0;0.0;0.0;0.0
1669.0;0.0;0.0;0.0
1670.0;0.0;0.0;0.0
1671.0;0.0;0.0;0.0
1672.0;0.0;0.0;0.0
1673.0;0.0;0.0;0.0
1674.0;0.0;0.0;0.0
1675.0;0.0;0.0;0.0
1676.0;0.0;0.0;0.0
1677.0;0.0;0.0;0.0
1678.0;0.0;0.0;0.0
1679.0;0.0;0.0;0.0
1680.0;0.0;0.0;0.0
1681.0;0.0;0.0;0.0
1682.0;0.0;0.0;0.0
1683.0;0.0;0.0;0.0
1684.0;0.0;0.0;0.0
1685.0;0.0;0.0;0.0
1686.0;0.0;0.0;0.0
1687.0;0.0;0.0;0.0
1688.0;0.0;0.0;0.0
1689.0;0.0;0.0;0.0
1690.0;0.0;0.0;0.0
1691.0;0.0;0.0;0.0
1692.0;0.0;0.0;0.0
1693.0;0.0;0.0;0.0
1694.0;0.0;0.0;0.0
1695.0;0.0;0.0;0.0
1696.0;0.0;0.0;0.0
1697.0;0.0;0.0;0.0
1698.0;0.0;0.0;0.0
1699.0;0.0;0.0;0.0
1700.0;0.0;0.0;0.0
1701.0;0.0;0.0;0.0
1702.0;0.0;0.0;0.0
1703.0;0.0;0.0;0.0
1704.0;0.0;0.0;0.0
1705.0;0.0;0.0;0.0
1706.0;0.0;0.0;0.0
1707.0;0.0;0.0;0.0
1708.0;0.0;0.0;0.0
1709.0;0.0;0.0;0.0
1710.0;0.0;0.0;0.0
1711.0;0.0;0.0;0.0
1712.0;0.0;0.0;0.0
1713.0;0.0;0.0;0.0
1714.0;0.0;0.0;0.0
1715.0;0.0;0.0;0.0
1716.0;0.0;0.0;0.0
1717.0;0.0;0.0;0.0
1718.0;0.0;0.0;0.0
1719.0;0.0;0.0;0.0
1720.0;0.0;0.0;0.0
1721.0;0.0;0.0;0.0
1722.0;0.0;0.0;0.0
1723.0;0.0;0.0;0.0
1724.0;0.0;0.0;0.0
1725.0;0.0;0.0;0.0
1726.0;0.0;0.0;0.0
1727.0;0.0;0.0;0.0
1728.0;0.0;0.0;0.0
1729.0;0.0;0.0;0.0
1730.0;0.0;0.0;0.0
1731.0;0.0;0.0;0.0
1732.0;0.0;0.0;0.0
1733.0;0.0;0.0;0.0
1734.0;0.0;0.0;0.0
1735.0;0.0;0.0;0.0
1736.0;0.0;0.0;0.0
1737.0;0.0;0.0;0.0
1738.0;0.0;0.0;0.0
1739.0;0.0;0.0;0.0
1740.0;0.0;0.0;0.0
1741.0;0.0;0.0;0.0
1742.0;0.0;0.0;0.0
1743.0;0.0;0.0;0.0
1744.0;0.0;0.0;0.0
1745.0;0.0;0.0;0.0
1746.0;0.0;0.0;0.0
1747.0;0.0;0.0;0.0
1748.0;0.0;0.0;0.0
1749.0;0.0;0.0;0.0
1750.0;0.0;0.0;0.0
1751.0;0.0;0.0;0.0
1752.0;0.0;0.0;0.0
1753.0;0.0;0.0;0.0
1754.0;0.0;0.0;0.0
1755.0;0.0;0.0;0.0
1756.0;0.0;0.0;0.0
1757.0;0.0;0.0;0.0
1758.0;0.0;0.0;0.0
1759.0;0.0;0.0;0.0
1760.0;0.0;0.0;0.0
1761.0;0.0;0.0;0.0
1762.0;0.0;0.0;0.0
1763.0;0.0;0.0;0.0
1764.0;0.0;0.0;0.0
1765.0;0.0;0.0;0.0
1766.0;0.0;0.0;0.0
1767.0;0.0;0.0;0.0
1768.0;0.0;0.0;0.0
1769.0;0.0;0.0;0.0
1770.0;0.0;0.0;0.0
1771.0;0.0;0.0;0.0
1772.0;0.0;0.0;0.0
1773.0;0.0;0.0;0.0
1774.0;0.0;0.0;0.0
1775.0;0.0;0.0;0.0
1776.0;0.0;0.0;0.0
1777.0;0.0;0.0;0.0
1778.0;0.0;0.0;0.0
1779.0;0.0;0.0;0.0
1780.0;0.0;0.0;0.0
1781.0;0.0;0.0;0.0
1782.0;0.0;0.0;0.0
1783.0;0.0;0.0;0.0
1784.0;0.0;0.0;0.0
1785.0;0.0;0.0;0.0
1786.0;0.0;0.0;0.0
1787.0;0.0;0.0;0.0
1788.0;0.0;0.0;0.0
1789.0;0.0;0.0;0.0
1790.0;0.0;0.0;0.0
1791.0;0.0;0.0;0.0
1792.0;0.0;0.0;0.0
1793.0;0.0;0.0;0.0
1794.0;0.0;0.0;0.0
1795.0;0.0;0.0;0.0
1796.0;0.0;0.0;0.0
1797.0;0.0;0.0;0.0
1798.0;0.0;0.0;0.0
1799.0;0.0;0.0;0.0
1800.0;0.0;0.0;0.0
1801.0;0.0;0.0;0.0
1802.0;0.0;0.0;0.0
1803.0;0.0;0.0;0.0
1804.0;0.0;0.0;0.0
1805.0;0.0;0.0;0.0
1806.0;0.0;0.0;0.0
1807.0;0.0;0.0;0.0
1808.0;0.0;0.0;0.0
1809.0;0.0;0.0;0.0
1810.0;0.0;0.0;0.0
1811.0;0.0;0.0;0.0
1812.0;0.0;0.0;0.0
1813.0;0.0;0.0;0.0
1814.0;0.0;0.0;0.0
1815.0;0.0;0.0;0.0
1816.0;0.0;0.0;0.0
1817.0;0.0;0.0;0.0
1818.0;0.0;0.0;0.0
1819.0;0.0;0.0;0.0
1820.0;0.0;0.0;0.0
1821.0;0.0;0.0;0.0
1822.0;0.0;0.0;0.0
1823.0;0.0;0.0;0.0
1824.0;0.0;0.0;0.0
1825.0;0.0;0.0;0.0
1826.0;0.0;0.0;0.0
1827.0;0.0;0.0;0.0
1828.0;0.0;0.0;0.0
1829.0;0.0;0.0;0.0
1830.0;0.0;0.0;0.0
1831.0;0.0;0.0;0.0
1832.0;0.0;0.0;0.0
1833.0;0.0;0.0;0.0
1834.0;0.0;0.0;0.0
1835.0;0.0;0.0;0.0
1836.0;0.0;0.0;0.0
1837.0;0.0;0.0;0.0
1838.0;0.0;0.0;0.0
1839.0;0.0;0.0;0.0
1840.0;0.0;0.0;0.0
1841.0;0.0;0.0;0.0
1842.0;0.0;0.0;0.0
1843.0;0.0;0.0;0.0
1844.0;0.0;0.0;0.0
1845.0;0.0;0.0;0.0
1846.0;0.0;0.0;0.0
1847.0;0.0;0.0;0.0
1848.0;0.0;0.0;0.0
1849.0;0.0;0.0;0.0
1850.0;0.0;0.0;0.0
1851.0;0.0;0.0;0.0
1852.0;0.0;0.0;0.0
1853.0;0.0;0.0;0.0
1854.0;0.0;0.0;0.0
1855.0;0.0;0.0;0.0
1856.0;0.0;0.0;0.0
1857.0;0.0;0.0;0.0
1858.0;0.0;0.0;0.0
1859.0;0.0;0.0;0.0
1860.0;0.0;0.0;0.0
1861.0;0.0;0.0;0.0
1862.0;0.0;0.0;0.0
1863.0;0.0;0.0;0.0
1864.0;0.0;0.0;0.0
1865.0;0.0;0.0;0.0
1866.0;0.0;0.0;0.0
1867.0;0.0;0.0;0.0
1868.0;0.0;0.0;0.0
1869.0;0.0;0.0;0.0
1870.0;0.0;0.0;0.0
1871.0;0.0;0.0;0.0
1872.0;0.0;0.0;0.0
1873.0;0.0;0.0;0.0
1874.0;0.0;0.0;0.0
1875.0;0.0;0.0;0.0
1876.0;0.0;0.0;0.0
1877.0;0.0;0.0;0.0
1878.0;0.0;0.0;0.0
1879.0;0.0;0.0;0.0
1880.0;0.0;0.0;0.0
1881.0;0.0;0.0;0.0
1882.0;0.0;0.0;0.0
1883.0;0.0;0.0;0.0
1884.0;0.0;0.0;0.0
1885.0;0.0;0.0;0.0
1886.0;0.0;0.0;0.0
1887.0;0.0;0.0;0.0
1888.0;0.0;0.0;0.0
1889.0;0.0;0.0;0.0
1890.0;0.0;0.0;0.0
1891.0;0.0;0.0;0.0
1892.0;0.0;0.0;0.0
1893.0;0.0;0.0;0.0
1894.0;0.0;0.0;0.0
1895.0;0.0;0.0;0.0
1896.0;0.0;0.0;0.0
1897.0;0.0;0.0;0.0
1898.0;0.0;0.0;0.0
1899.0;0.0;0.0;0.0
1900.0;0.0;0.0;0.0
1901.0;0.0;0.0;0.0
1902.0;0.0;0.0;0.0
1903.0;0.0;0.0;0.0
1904.0;0.0;0.0;0.0
1905.0;0.0;0.0;0.0
1906.0;0.0;0.0;0.0
1907.0;0.0;0.0;0.0
1908.0;0.0;0.0;0.0
1909.0;0.0;0.0;0.0
1910.0;0.0;0.0;0.0
1911.0;0.0;0.0;0.0
1912.0;0.0;0.0;0.0
1913.0;0.0;0.0;0.0
1914.0;0.0;0.0;0.0
1915.0;0.0;0.0;0.0
1916.0;0.0;0.0;0.0
1917.0;0.0;0.0;0.0
1918.0;0.0;0.0;0.0
1919.0;0.0;0.0;0.0
1920.0;0.0;0.0;0.0
1921.0;0.0;0.0;0.0
1922.0;0.0;0.0;0.0
1923.0;0.0;0.0;0.0
1924.0;0.0;0.0;0.0
1925.0;0.0;0.0;0.0
1926.0;0.0;0.0;0.0
1927.0;0.0;0.0;0.0
1928.0;0.0;0.0;0.0
1929.0;0.0;0.0;0.0
1930.0;0.0;0.0;0.0
1931.0;0.0;0.0;0.0
1932.0;0.0;0.0;0.0
1933.0;0.0;0.0;0.0
1934.0;0.0;0.0;0.0
1935.0;0.0;0.0;0.0
1936.0;0.0;0.0;0.0
1937.0;0.0;0.0;0.0
1938.0;0.0;0.0;0.0
1939.0;0.0;0.0;0.0
1940.0;0.0;0.0;0.0
1941.0;0.0;0.0;0.0
1942.0;0.0;0.0;0.0
1943.0;0.0;0.0;0.0
1944.0;0.0;0.0;0.0
1945.0;0.0;0.0;0.0
1946.0;0.0;0.0;0.0
1947.0;0.0;0.0;0.0
1948.0;0.0;0.0;0.0
1949.0;0.0;0.0;0.0
1950.0;0.0;0.0;0.0
1951.0;0.0;0.0;0.0
1952.0;0.0;0.0;0.0
1953.0;0.0;0.0;0.0
1954.0;0.0;0.0;0.0
1955.0;0.0;0.0;0.0
1956.0;0.0;0.0;0.0
1957.0;0.0;0.0;0.0
1958.0;0.0;0.0;0.0
1959.0;0.0;0.0;0.0
1960.0;0.0;0.0;0.0
1961.0;0.0;0.0;0.0
1962.0;0.0;0.0;0.0
1963.0;0.0;0.0;0.0
1964.0;0.0;0.0;0.0
1965.0;0.0;0.0;0.0
1966.0;0.0;0.0;0.0
1967.0;0.0;0.0;0.0
1968.0;0.0;0.0;0.0
1969.0;0.0;0.0;0.0
1970.0;0.0;0.0;0.0
1971.0;0.0;0.0;0.0
1972.0;0.0;0.0;0.0
1973.0;0.0;0.0;0.0
1974.0;0.0;0.0;0.0
1975.0;0.0;0.0;0.0
1976.0;0.0;0.0;0.0
1977.0;0.0;0.0;0.0
1978.0;0.0;0.0;0.0
1979.0;0.0;0.0;0.0
1980.0;0.0;0.0;0.0
1981.0;0.0;0.0;0.0
1982.0;0.0;0.0;0.0
1983.0;0.0;0.0;0.0
1984.0;0.0;0.0;0.0
1985.0;0.0;0.0;0.0
1986.0;0.0;0.0;0.0
1987.0;0.0;0.0;0.0
1988.0;0.0;0.0;0.0
1989.0;0.0;0.0;0.0
1990.0;0.0;0.0;0.0
1991.0;0.0;0.0;0.0
1992.0;0.0;0.0;0.0
1993.0;0.0;0.0;0.0
1994.0;0.0;0.0;0.0
1995.0;0.0;0.0;0.0
1996.0;0.0;0.0;0.0
1997.0;0.0;0.0;0.0
1998.0;0.0;0.0;0.0
1999.0;0.0;0.0;0.0
2000.0;0.0;0.0;0.0
2001.0;0.0;0.0;0.0
2002.0;0.0;0.0;0.0
2003.0;0.0;0.0;0.0
2004.0;0.0;0.0;0.0
2005.0;0.0;0.0;0.0
2006.0;0.0;0.0;0.0
2007.0;0.0;0.0;0.0
2008.0;0.0;0.0;0.0
2009.0;0.0;0.0;0.0
2010.0;0.0;0.0;0.0
2011.0;0.0;0.0;0.0
2012.0;0.0;0.0;0.0
2013.0;0.0;0.0;0.0
2014.0;0.0;0.0;0.0
2015.0;0.0;0.0;0.0
2016.0;0.0;0.0;0.0
2017.0;0.0;0.0;0.0
2018.0;0.0;0.0;0.0
2019.0;0.0;0.0;0.0
2020.0;0.0;0.0;0.0
2021.0;0.0;0.0;0.0
2022.0;0.0;0.0;0.0
2023.0;0.0;0.0;0.0
2024.0;0.0;0.0;0.0
2025.0;0.0;0.0;0.0
2026.0;0.0;0.0;0.0
2027.0;0.0;0.0;0.0
2028.0;0.0;0.0;0.0
2029.0;0.0;0.0;0.0
2030.0;0.0;0.0;0.0
2031.0;0.0;0.0;0.0
2032.0;0.0;0.0;0.0
2033.0;0.0;0.0;0.0
2034.0;0.0;0.0;0.0
2035.0;0.0;0.0;0.0
2036.0;0.0;0.0;0.0
2037.0;0.0;0.0;0.0
2038.0;0.0;0.0;0.0
2039.0;0.0;0.0;0.0
2040.0;0.0;0.0;0.0
2041.0;0.0;0.0;0.0
2042.0;0.0;0.0;0.0
2043.0;0.0;0.0;0.0
2044.0;0.0;0.0;0.0
2045.0;0.0;0.0;0.0
2046.0;0.0;0.0;0.0
2047.0;0.0;0.0;0.0
2048.0;0.0;0.0;0.0
2049.0;0.0;0.0;0.0
2050.0;0.0;0.0;0.0
2051.0;0.0;0.0;0.0
2052.0;0.0;0.0;0.0
2053.0;0.0;0.0;0.0
2054.0;0.0;0.0;0.0
2055.0;0.0;0.0;0.0
2056.0;0.0;0.0;0.0
2057.0;0.0;0.0;0.0
2058.0;0.0;0.0;0.0
2059.0;0.0;0.0;0.0
2060.0;0.0;0.0;0.0
2061.0;0.0;0.0;0.0
2062.0;0.0;0.0;0.0
2063.0;0.0;0.0;0.0
2064.0;0.0;0.0;0.0
2065.0;0.0;0.0;0.0
2066.0;0.0;0.0;0.0
2067.0;0.0;0.0;0.0
2068.0;0.0;0.0;0.0
2069.0;0.0;0.0;0.0
2070.0;0.0;0.0;0.0
2071.0;0.0;0.0;0.0
2072.0;0.0;0.0;0.0
2073.0;0.0;0.0;0.0
2074.0;0.0;0.0;0.0
2075.0;0.0;0.0;0.0
2076.0;0.0;0.0;0.0
2077.0;0.0;0.0;0.0
2078.0;0.0;0.0;0.0
2079.0;0.0;0.0;0.0
2080.0;0.0;0.0;0.0
2081.0;0.0;0.0;0.0
2082.0;0.0;0.0;0.0
2083.0;0.0;0.0;0.0
2084.0;0.0;0.0;0.0
2085.0;0.0;0.0;0.0
2086.0;0.0;0.0;0.0
2087.0;0.0;0.0;0.0
2088.0;0.0;0.0;0.0
2089.0;0.0;0.0;0.0
2090.0;0.0;0.0;0.0
2091.0;0.0;0.0;0.0
2092.0;0.0;0.0;0.0
2093.0;0.0;0.0;0.0
2094.0;0.0;0.0;0.0
2095.0;0.0;0.0;0.0
2096.0;0.0;0.0;0.0
2097.0;0.0;0.0;0.0
2098.0;0.0;0.0;0.0
2099.0;0.0;0.0;0.0
2100.0;0.0;0.0;0.0
2101.0;0.0;0.0;0.0
2102.0;0.0;0.0;0.0
2103.0;0.0;0.0;0.0
2104.0;0.0;0.0;0.0
2105.0;0.0;0.0;0.0
2106.0;0.0;0.0;0.0
2107.0;0.0;0.0;0.0
2108.0;0.0;0.0;0.0
2109.0;0.0;0.0;0.0
2110.0;0.0;0.0;0.0
2111.0;0.0;0.0;0.0
2112.0;0.0;0.0;0.0
2113.0;0.0;0.0;0.0
2114.0;0.0;0.0;0.0
2115.0;0.0;0.0;0.0
2116.0;0.0;0.0;0.0
2117.0;0.0;0.0;0.0
2118.0;0.0;0.0;0.0
2119.0;0.0;0.0;0.0
2120.0;0.0;0.0;0.0
2121.0;0.0;0.0;0.0
2122.0;0.0;0.0;0.0
2123.0;0.0;0.0;0.0
2124.0;0.0;0.0;0.0
2125.0;0.0;0.0;0.0
2126.0;0.0;0.0;0.0
2127.0;0.0;0.0;0.0
2128.0;0.0;0.0;0.0
2129.0;0.0;0.0;0.0
2130.0;0.0;0.0;0.0
2131.0;0.0;0.0;0.0
2132.0;0.0;0.0;0.0
2133.0;0.0;0.0;0.0
2134.0;0.0;0.0;0.0
2135.0;0.0;0.0;0.0
2136.0;0.0;0.0;0.0
2137.0;0.0;0.0;0.0
2138.0;0.0;0.0;0.0
2139.0;0.0;0.0;0.0
2140.0;0.0;0.0;0.0
2141.0;0.0;0.0;0.0
2142.0;0.0;0.0;0.0
2143.0;0.0;0.0;0.0
2144.0;0.0;0.0;0.0
2145.0;0.0;0.0;0.0
2146.0;0.0;0.0;0.0
2147.0;0.0;0.0;0.0
2148.0;0.0;0.0;0.0
2149.0;0.0;0.0;0.0
2150.0;0.0;0.0;0.0
2151.0;0.0;0.0;0.0
2152.0;0.0;0.0;0.0
2153.0;0.0;0.0;0.0
2154.0;0.0;0.0;0.0
2155.0;0.0;0.0;0.0
2156.0;0.0;0.0;0.0
2157.0;0.0;0.0;0.0
2158.0;0.0;0.0;0.0
2159.0;0.0;0.0;0.0
2160.0;0.0;0.0;0.0
2161.0;0.0;0.0;0.0
2162.0;0.0;0.0;0.0
2163.0;0.0;0.0;0.0
2164.0;0.0;0.0;0.0
2165.0;0.0;0.0;0.0
2166.0;0.0;0.0;0.0
2167.0;0.0;0.0;0.0
2168.0;0.0;0.0;0.0
2169.0;0.0;0.0;0.0
2170.0;0.0;0.0;0.0
2171.0;0.0;0.0;0.0
2172.0;0.0;0.0;0.0
2173.0;0.0;0.0;0.0
2174.0;0.0;0.0;0.0
2175.0;0.0;0.0;0.0
2176.0;0.0;0.0;0.0
2177.0;0.0;0.0;0.0
2178.0;0.0;0.0;0.0
2179.0;0.0;0.0;0.0
2180.0;0.0;0.0;0.0
2181.0;0.0;0.0;0.0
2182.0;0.0;0.0;0.0
2183.0;0.0;0.0;0.0
2184.0;0.0;0.0;0.0
2185.0;0.0;0.0;0.0
2186.0;0.0;0.0;0.0
2187.0;0.0;0.0;0.0
2188.0;0.0;0.0;0.0
2189.0;0.0;0.0;0.0
