0.0;144.0;0.0;0.0
1.0;143.81000000000003;0.4407817795171498;0.019712360444873428
2.0;143.60999999999999;0.6470992775068536;0.028939159453926503
3.0;143.40600000000003;0.7657262391655982;0.034244318458590786
4.0;143.26400000000018;0.8554341208241328;0.03825617688871059
5.0;143.09199999999998;0.9323489417048709;0.041695912248041596
6.0;142.90800000000002;1.0264712789811283;0.04590519113505908
7.0;142.7739999999999;1.0868700810797465;0.04860630768010042
8.0;142.58800000000016;1.1648905269937433;0.052095488094071274
9.0;142.43999999999983;1.2350914548338516;0.055234969028752065
10.0;142.29399999999993;1.2754676143558248;0.05704064577598222
11.0;142.11599999999999;1.3394522255493326;0.05990212457883377
12.0;141.92600000000016;1.347648438067308;0.06026867034579832
13.0;141.7559999999999;1.4228538315835892;0.06363195778933885
14.0;141.58800000000008;1.4854862297165001;0.06643296378571925
15.0;141.38399999999993;1.5714588654915091;0.07027777694167425
16.0;141.20200000000003;1.6317233350308382;0.07297288595203236
17.0;141.03400000000013;1.6847910974611051;0.07534614843619009
18.0;140.88000000000002;1.73886379414524;0.07776435294643914
19.0;140.7119999999999;1.7976426335832514;0.08039302255887792
20.0;140.55199999999996;1.8499027759752997;0.0827301671769267
21.0;140.35400000000033;1.8760926008312628;0.08390141175086165
22.0;140.14399999999998;1.9623878138287856;0.08776065099876733
23.0;139.94999999999987;2.011863611277046;0.08997327592547373
24.0;139.78399999999985;2.0962185631582018;0.0937457440583735
25.0;139.608;2.1078952642125715;0.09426794200458379
26.0;139.44800000000006;2.1607020309457448;0.09662953240633078
27.0;139.29599999999996;2.218609577396127;0.09921923661179642
28.0;139.1000000000001;2.280438730069991;0.10198432037919586
29.0;138.89400000000006;2.3378826725867983;0.10455329158645929
30.0;138.7120000000001;2.395105229027782;0.10711236210742646
31.0;138.52000000000004;2.433401505253815;0.10882502364595684
32.0;138.33199999999994;2.4694072049558278;0.11043524748817972
33.0;138.16599999999994;2.5137784636535914;0.11241959050208829
34.0;137.98599999999996;2.5688522736833277;0.11488256616221629
35.0;137.8080000000001;2.6246740421727246;0.11737899154154724
36.0;137.5899999999999;2.646489715761478;0.11835461812393522
37.0;137.38199999999995;2.6829970081779377;0.11998727387428855
38.0;137.2020000000002;2.7077407038782195;0.12109384558629654
39.0;137.00600000000003;2.8188394263282976;0.12606233149853166
40.0;136.81000000000012;2.8911273293421353;0.12929514480032872
41.0;136.61399999999983;2.931585302318442;0.13110448035646616
42.0;136.42999999999986;2.992492275685947;0.13382832301153635
43.0;136.252;3.0540383593860043;0.13658074754958077
44.0;136.07600000000008;3.1050776180359856;0.1388632925868318
45.0;135.8939999999997;3.1385450339065883;0.14036000092519027
46.0;135.7060000000001;3.164742515652859;0.1415315879256697
47.0;135.51999999999987;3.2258972125055756;0.14426650911179104
48.0;135.33;3.266564078931184;0.1460851866669823
49.0;135.10400000000013;3.3031811957602475;0.14772275391437906
50.0;134.92000000000021;3.3412464524053695;0.14942508394316845
51.0;134.7519999999999;3.369451350711213;0.15068644534137512
52.0;134.52200000000008;3.407747273928338;0.1523990910928672
53.0;134.29799999999994;3.455586514083041;0.15453852695242426
54.0;134.09800000000007;3.5049915737222177;0.1567479883881369
55.0;133.89200000000008;3.5678839094318113;0.15956061914634465
56.0;133.72199999999967;3.5914499893569434;0.16061452627986042
57.0;133.52599999999993;3.6292791756310643;0.16230629892070916
58.0;133.32799999999992;3.7013261989809183;0.1655283397564449
59.0;133.1280000000001;3.7528367360084154;0.16783196100346498
60.0;132.928;3.7841055627214786;0.1692303454456064
61.0;132.69399999999996;3.834288400090707;0.17147459015883462
62.0;132.482;3.8935839520914373;0.17412636785957475
63.0;132.23799999999997;3.9130525117764416;0.1749970283171684
64.0;132.02999999999986;3.9405781698407174;0.1762280131683111
65.0;131.8340000000002;4.00080703281572;0.17892152980470363
66.0;131.63;4.056848041529792;0.18142775990495008
67.0;131.43600000000006;4.090889237011804;0.18295012844761283
68.0;131.20000000000007;4.149510437840527;0.18557174824712666
69.0;130.96800000000022;4.168179872185682;0.1864066707330714
70.0;130.7460000000001;4.2010452941055405;0.1878764570835117
71.0;130.5479999999999;4.245909973492844;0.18988286654148656
72.0;130.35199999999983;4.293829286299085;0.19202588335888318
73.0;130.11000000000004;4.316383014127601;0.19303451673029504
74.0;129.90399999999994;4.347019341377333;0.1944046149365216
75.0;129.66799999999995;4.394587671398001;0.19653193532656876
76.0;129.41800000000015;4.4401244814556335;0.198568403381916
77.0;129.184;4.486691967320597;0.2006509646606224
78.0;128.966;4.498145242346277;0.20116317069107081
79.0;128.72000000000003;4.547852892504745;0.20338616438619303
80.0;128.50800000000004;4.5742522413105196;0.20456677915602187
81.0;128.2360000000001;4.646664069410212;0.2078051345561407
82.0;127.98399999999995;4.651776224635936;0.2080337570880657
83.0;127.74199999999995;4.665508540328668;0.2086478849156144
84.0;127.50800000000002;4.689767995081992;0.20973280071412465
85.0;127.29599999999998;4.707090119680048;0.21050746967644415
86.0;127.04800000000004;4.7555153087445134;0.21267310996787264
87.0;126.81600000000003;4.828329891285201;0.21592947709415758
88.0;126.53600000000004;4.874034923230002;0.21797346826100505
89.0;126.28600000000002;4.90635798708113;0.2194189996212488
90.0;126.08199999999997;4.943293264271618;0.2210707954325634
91.0;125.828;5.02522853646353;0.22473505220008466
92.0;125.56999999999996;5.079044534828727;0.2271417768125166
93.0;125.30200000000002;5.099294225989166;0.22804737053167898
94.0;125.02000000000004;5.1428102234078175;0.2299934650984152
95.0;124.72799999999998;5.2077112547669175;0.23289592745699106
96.0;124.46399999999997;5.264611692475053;0.23544059239028872
97.0;124.18600000000006;5.299393469283498;0.23699608073672687
98.0;123.9060000000001;5.386203335629425;0.24087833598207017
99.0;123.63799999999999;5.420120978617148;0.24239517908921254
100.0;123.35999999999996;5.43151938278887;0.24290493122047227
101.0;123.10799999999998;5.49333135526681;0.2456692466661527
102.0;122.83599999999997;5.5177890492464385;0.24676302799237942
103.0;122.53599999999993;5.546732053465886;0.24805739849053438
104.0;122.31200000000001;5.560620198681799;0.24867849522621777
105.0;122.03000000000003;5.6342336815539245;0.25197059026146956
106.0;121.73999999999991;5.704514262050001;0.255113633371217
107.0;121.49599999999994;5.751882500939079;0.25723200541382557
108.0;121.24199999999995;5.841548028282701;0.2612419697013997
109.0;120.996;5.9169252156855965;0.26461294000111196
110.0;120.70199999999997;5.933262442064464;0.265343562976051
111.0;120.46599999999992;6.008414607214146;0.26870446997467057
112.0;120.21600000000001;6.067204128085999;0.27133361727535266
113.0;119.94;6.192017616603543;0.27691544617203506
114.0;119.63000000000005;6.233684114171217;0.278778828590948
115.0;119.28199999999998;6.2840635666596825;0.2810318661996166
116.0;118.96999999999996;6.348046580703516;0.28389327357576327
117.0;118.68199999999997;6.433323503649201;0.28770697350813457
118.0;118.36600000000003;6.4348160591761205;0.28777372262050227
119.0;118.088;6.53618385595124;0.29230702830687333
120.0;117.76200000000001;6.618229213001888;0.2959762082189431
121.0;117.48599999999999;6.682148323138662;0.29883475772548557
122.0;117.17399999999988;6.7375450296122;0.3013121737535742
123.0;116.86399999999996;6.819862538944623;0.30499352468568963
124.0;116.56400000000005;6.85710900363816;0.3066592372252156
125.0;116.26200000000004;6.942171381273583;0.3104633423996268
126.0;115.92999999999992;7.056677219965043;0.31558419918232145
127.0;115.60399999999993;7.151606459383779;0.31982956383017436
128.0;115.29;7.1956552800853055;0.3217994869785206
129.0;114.93800000000007;7.300187770390976;0.32647432206213695
130.0;114.602;7.415225359641373;0.3316189594527687
131.0;114.28800000000001;7.460856838831521;0.33365966124042945
132.0;113.948;7.478579698620404;0.33445225162530223
133.0;113.62199999999994;7.575611908722829;0.3387916639812235
134.0;113.27;7.671427611807752;0.34307667248942
135.0;112.98200000000007;7.753832590382606;0.3467619351649758
136.0;112.65400000000007;7.812320314566909;0.34937758570748295
137.0;112.27399999999989;7.9325136966219025;0.35475279716189434
138.0;111.96200000000002;8.01655076528208;0.35851104912497384
139.0;111.68800000000003;8.089842216890782;0.3617887424843077
140.0;111.32200000000003;8.183658138084832;0.3659843180275409
141.0;110.97999999999999;8.238649810581991;0.36844362038554196
142.0;110.62199999999997;8.301623329192887;0.3712598817534682
143.0;110.26200000000004;8.327547784564697;0.3724192586432887
144.0;109.938;8.420211156011687;0.37656329059488436
145.0;109.58799999999992;8.479744579659963;0.3792257062391011
146.0;109.22999999999999;8.576959161434418;0.38357327450413903
147.0;108.86400000000006;8.616379052476272;0.38533618562484345
148.0;108.50400000000005;8.714463135240795;0.3897226391562872
149.0;108.12399999999992;8.816580299433149;0.3942894575723594
150.0;107.77600000000002;8.827098012293582;0.3947598239908345
151.0;107.33800000000002;8.92451960052755;0.39911664986617734
152.0;106.97799999999994;9.019990935302868;0.4033862577553824
153.0;106.59000000000005;9.078476605408527;0.4060018164367
154.0;106.17400000000006;9.163386891244816;0.4097991198590776
155.0;105.81000000000003;9.285167131361426;0.41524529776341734
156.0;105.41000000000003;9.352477622285482;0.4182555144295188
157.0;104.988;9.444482648880774;0.4223701043042937
158.0;104.55800000000005;9.545515687456549;0.42688843914886954
159.0;104.176;9.650455252118743;0.4315814791511476
160.0;103.77799999999996;9.71831298191352;0.4346161690835463
161.0;103.35399999999997;9.825363073140755;0.4394035947031793
162.0;102.93599999999996;9.95601066173561;0.44524633248706974
163.0;102.50200000000002;10.074969280946915;0.45056632366838956
164.0;102.05399999999996;10.18186745394475;0.4553469552982634
165.0;101.64400000000002;10.304835917498794;0.4608462721701743
166.0;101.164;10.455416561330395;0.4675804432842372
167.0;100.704;10.592865599223206;0.47372735112764264
168.0;100.29000000000006;10.654056402876387;0.47646388705896975
169.0;99.88600000000002;10.718898898075976;0.4793637316009094
170.0;99.45600000000006;10.821565346709608;0.48395511476397524
171.0;98.994;10.975741332392602;0.4908500744536794
172.0;98.47799999999995;11.142613322884657;0.49831281673929806
173.0;98.04999999999991;11.268960864157602;0.5039632505608234
174.0;97.53200000000001;11.360947066000838;0.5080769985670932
175.0;97.02799999999993;11.487870051346908;0.5137531670299137
176.0;96.57599999999996;11.57411527023025;0.5176101704730637
177.0;96.06600000000005;11.646498437371791;0.520847244116168
178.0;95.612;11.709127351201424;0.5236480942897688
179.0;95.096;11.899663355572367;0.5321691234484612
180.0;94.60999999999994;12.062707732332386;0.5394606896441511
181.0;94.07800000000002;12.156458158110848;0.5436533361433548
182.0;93.57199999999997;12.263343556729577;0.5484333964856276
183.0;93.07999999999998;12.417971332872698;0.5553485608589404
184.0;92.57000000000002;12.603920724729685;0.5636644704702798
185.0;92.076;12.741857551696913;0.5698331929042667
186.0;91.56399999999998;12.836801429557283;0.5740792122031313
187.0;91.06000000000002;12.947729043146882;0.5790400458944946
188.0;90.58599999999998;13.096474307177376;0.5856921363285614
189.0;90.05600000000001;13.221136899746691;0.5912672169532884
190.0;89.49799999999996;13.355700861092318;0.5972851002510979
191.0;88.96600000000001;13.430025135877472;0.6006089828670576
192.0;88.46400000000011;13.550643670607517;0.6060032077271135
193.0;87.9160000000001;13.628367797268874;0.6094791363412455
194.0;87.36599999999999;13.730735967909407;0.6140571801069361
195.0;86.84199999999996;13.859046950087492;0.6197954216751353
196.0;86.336;14.033709202772295;0.6276065550772646
197.0;85.74400000000004;14.142081208996206;0.6324530985327586
198.0;85.1940000000001;14.30165860583155;0.6395896166726843
199.0;84.60799999999986;14.47637616718589;0.6474032235537102
200.0;84.06000000000006;14.674163080879554;0.6562485232352885
201.0;83.50999999999996;14.798238940884252;0.6617973643820335
202.0;82.94999999999992;14.918868767121095;0.6671920942136249
203.0;82.416;15.035527199147785;0.6724092178968293
204.0;81.77399999999997;15.157388193012256;0.6778590072185621
205.0;81.19600000000008;15.26891822387738;0.6828467818295034
206.0;80.62400000000002;15.360942063628915;0.686962213054203
207.0;80.0420000000001;15.528248097514282;0.6944443663504744
208.0;79.3959999999999;15.753715215344355;0.7045275623936543
209.0;78.74399999999997;15.958188856607947;0.7136719016231002
210.0;78.20200000000006;16.115974847665317;0.7207283056611293
211.0;77.62799999999994;16.307467092284192;0.7292920991837657
212.0;76.98399999999997;16.53258590764274;0.7393597186668845
213.0;76.33799999999997;16.661782196750266;0.7451375523645873
214.0;75.66199999999999;16.827420484445046;0.7525451217838313
215.0;74.98199999999997;17.042375454209566;0.7621582002737288
216.0;74.33400000000009;17.16110284631507;0.7674678506645125
217.0;73.63799999999999;17.36081079624468;0.7763990616983072
218.0;73.01999999999998;17.471522778980443;0.7813502520847261
219.0;72.36600000000003;17.65092502699553;0.7893733645222862
220.0;71.70200000000007;17.841800797885355;0.7979095885016327
221.0;71.052;18.08655697157899;0.808855417347467
222.0;70.36;18.262349981689315;0.816717119758987
223.0;69.68399999999998;18.440831666307524;0.8246990633498869
224.0;69.03599999999997;18.59177269719184;0.8314493514629113
225.0;68.38;18.725514406273575;0.8374304625215865
226.0;67.71599999999998;18.944792274095203;0.847236866889794
227.0;67.04399999999995;19.12384655381936;0.8552444177123035
228.0;66.34199999999997;19.36375340402225;0.865973378218734
229.0;65.62200000000003;19.595179461189748;0.8763230661305595
230.0;64.89800000000001;19.75398785238426;0.8834251932927256
231.0;64.15999999999995;19.90353489716853;0.8901131404521624
232.0;63.40199999999999;20.14805907697162;0.9010485942158042
233.0;62.66400000000003;20.327950096116925;0.9090935651628166
234.0;61.93999999999998;20.48911925915881;0.9163012692515845
235.0;61.21199999999998;20.656632080225354;0.9237926703517355
236.0;60.494;20.786392477398504;0.9295957317290663
237.0;59.788000000000046;20.994489590994405;0.9389021175675049
238.0;59.03400000000001;21.240318883966538;0.9498959377664329
239.0;58.262;21.397407649250802;0.9569211609199754
240.0;57.497999999999976;21.572778345198433;0.9647639768679823
241.0;56.72999999999999;21.724663910958174;0.9715565058647783
242.0;55.91399999999998;21.880313073637698;0.978517348032625
243.0;55.12799999999999;22.047035163918014;0.985973386576978
244.0;54.292;22.1481334570492;0.9904946396939887
245.0;53.55200000000003;22.290109779630434;0.9968440138637301
246.0;52.792;22.459956261545596;1.00443977944976
247.0;51.998000000000026;22.591741179888693;1.0103333801662484
248.0;51.24599999999999;22.75092730828292;1.0174524002495384
249.0;50.501999999999974;22.79950945223438;1.0196250597769012
250.0;49.76400000000003;22.883172489109384;1.023366584530033
251.0;49.016;23.028947192992444;1.0298858274756815
252.0;48.213999999999984;23.078245488547417;1.0320905142763972
253.0;47.40200000000002;23.226349748621512;1.038713938142057
254.0;46.65199999999996;23.33160138624207;1.043420934471312
255.0;45.91199999999996;23.438322592111053;1.0481936518905877
256.0;45.08;23.54328295596622;1.052887622061053
257.0;44.28000000000001;23.637068812441367;1.0570818530691823
258.0;43.52600000000003;23.66417779305341;1.0582942035381673
259.0;42.678000000000075;23.71157509713714;1.0604138754157963
260.0;41.88400000000001;23.784236877556012;1.0636634090234516
261.0;41.12800000000003;23.800684047359734;1.0643989488178238
262.0;40.39199999999999;23.85574415226061;1.0668613115659562
263.0;39.59800000000002;23.892217815520773;1.0684924633747195
264.0;38.84600000000002;23.976906976010742;1.0722798777709788
265.0;38.11200000000003;24.049120074395752;1.075509345708074
266.0;37.378000000000064;24.028188105791383;1.0745732396140288
267.0;36.56399999999998;24.03041459590955;1.074672811279138
268.0;35.751999999999974;24.00172204910816;1.0733896415772277
269.0;34.986000000000004;23.989430788977852;1.0728399597136178
270.0;34.22400000000002;23.978986792924168;1.0723728900109621
271.0;33.38400000000001;23.931610643162983;1.0702541641833978
272.0;32.63799999999998;23.92864635186171;1.0701215970463025
273.0;31.952000000000027;23.847328700974973;1.0664849611432359
274.0;31.17399999999999;23.757958776174807;1.0624882166032916
275.0;30.403999999999975;23.652815802580083;1.0577860798770062
276.0;29.576000000000004;23.60437580437636;1.0556197773007363
277.0;28.81;23.6058546285766;1.0556859123295066
278.0;28.166;23.528400184255226;1.052222044276265
279.0;27.39999999999999;23.465832407591297;1.0494239282398339
280.0;26.629999999999992;23.36778137549274;1.045038952779106
281.0;25.938000000000013;23.280079041109822;1.0411167851497936
282.0;25.188;23.153072918538108;1.0354368986772131
283.0;24.458000000000013;23.005537278902704;1.0288389042906396
284.0;23.778000000000002;22.888260329737687;1.0235941196801044
285.0;23.10599999999998;22.723456492133845;1.016223868003404
286.0;22.484000000000005;22.573898772955094;1.0095354434705335
287.0;21.86399999999999;22.354528711377828;0.9997249160722319
288.0;21.198000000000015;22.20362127210763;0.9929761302218603
289.0;20.47200000000001;22.014506421584198;0.9845186569953581
290.0;19.738000000000014;21.84242521054281;0.9768229512845775
291.0;19.082000000000022;21.707549641146652;0.9707911324511016
292.0;18.52200000000001;21.465111647416887;0.9599489757649331
293.0;17.9;21.324621425899124;0.9536660620551787
294.0;17.26199999999999;21.120167588300905;0.9445226084725723
295.0;16.698;20.944118702309556;0.9366494629437769
296.0;16.122000000000003;20.761049065898227;0.9284623399111389
297.0;15.548;20.55784390182452;0.9193747287061828
298.0;15.025999999999987;20.339141706835658;0.9095940692097125
299.0;14.479999999999988;20.12360601477966;0.8999550200294192
300.0;13.938000000000006;19.90000443097201;0.8899552532040087
301.0;13.460000000000003;19.658823430646972;0.879169310971845
302.0;12.996000000000006;19.412100434692096;0.8681355231604948
303.0;12.516000000000009;19.09604833792187;0.8540012437043035
304.0;12.044000000000002;18.81526221407422;0.8414441065030631
305.0;11.619999999999997;18.535877576069336;0.8289496456541012
306.0;11.122000000000003;18.261381988893625;0.816673829805129
307.0;10.689999999999994;18.038199835532726;0.8066928204795341
308.0;10.21399999999999;17.763086964743326;0.7943893988681298
309.0;9.759999999999991;17.44255961066331;0.7800549798207085
310.0;9.390000000000004;17.188740663912018;0.7687038514424427
311.0;8.977999999999987;16.897234954222437;0.7556673197885383
312.0;8.593999999999998;16.623894602152845;0.7434431676241117
313.0;8.26999999999999;16.37245291423547;0.7321983534929009
314.0;7.862;16.08266957072247;0.719238848396056
315.0;7.573999999999997;15.83065834028939;0.7079685635492214
316.0;7.231999999999999;15.532052836977506;0.6946145194720033
317.0;6.919999999999998;15.26734369715748;0.6827763668539417
318.0;6.633999999999996;14.993654101874338;0.6705365960581915
319.0;6.349999999999999;14.709460781175697;0.6578270843815203
320.0;6.072000000000005;14.434247850928845;0.645519187975143
321.0;5.751999999999998;14.1423657503982;0.6324658236111039
322.0;5.502000000000001;13.889269946231103;0.6211470351523519
323.0;5.211999999999999;13.562704372646317;0.6065425787194161
324.0;4.980000000000003;13.257115153924277;0.5928762133943454
325.0;4.767999999999998;13.033876625154907;0.5828926828838383
326.0;4.566000000000002;12.76870093027845;0.5710336652893483
327.0;4.365999999999999;12.516764069260516;0.5597667063438679
328.0;4.1240000000000006;12.194344101103274;0.5453476470218097
329.0;3.909999999999996;11.888843054660814;0.5316852248809565
330.0;3.7080000000000006;11.583570010509577;0.5180329993125473
331.0;3.5259999999999994;11.350550382601543;0.5076120447506659
332.0;3.3459999999999956;11.095788256544378;0.49621873611154205
333.0;3.1960000000000006;10.828300336449516;0.4842563126616992
334.0;3.0420000000000016;10.588695715427265;0.47354086825512265
335.0;2.8780000000000037;10.308620242428427;0.46101551232600646
336.0;2.7440000000000015;10.0696205746311;0.4503271222501127
337.0;2.618000000000002;9.855065735005653;0.44073193812403133
338.0;2.504;9.660260102631861;0.43201996539627874
339.0;2.3960000000000004;9.408518717040307;0.4207617483776247
340.0;2.2740000000000005;9.193691964814123;0.4111544039503597
341.0;2.164;8.97162661775091;0.40122333972075114
342.0;2.0579999999999945;8.727139389504886;0.3902895384809788
343.0;1.9420000000000002;8.459418391298424;0.3783166914611038
344.0;1.8180000000000003;8.152902282700472;0.3646088743606292
345.0;1.7080000000000002;7.88308455137253;0.3525422585849482
346.0;1.5979999999999999;7.592343733441832;0.3395399339304096
347.0;1.4999999999999996;7.403757914905448;0.3311061197336137
348.0;1.4040000000000001;7.176055709866126;0.3209229675517233
349.0;1.3219999999999994;6.941951987358427;0.31045353080546406
350.0;1.2399999999999998;6.6890872154241725;0.29914507442226457
351.0;1.1580000000000001;6.439251814291445;0.28797209561989046
352.0;1.0819999999999999;6.219375955395293;0.2781389482778315
353.0;1.0139999999999993;6.0480543916079075;0.2704772150250283
354.0;0.9419999999999995;5.828084517084198;0.260639863176286
355.0;0.8779999999999992;5.625870317885698;0.25159656926781543
356.0;0.8119999999999993;5.410656745056524;0.24197192569728274
357.0;0.7419999999999997;5.253058656678126;0.2349239249225204
358.0;0.688;5.111056818663554;0.22857340966791045
359.0;0.6219999999999997;4.89725251179972;0.21901179038731527
360.0;0.5800000000000002;4.767500195724429;0.2132090904076675
361.0;0.5240000000000002;4.601714414335398;0.20579492486989165
362.0;0.4779999999999997;4.507121508077759;0.20156460149826472
363.0;0.43799999999999983;4.454417995581323;0.1992076287663639
364.0;0.3940000000000004;4.384656705930091;0.19608780904919976
365.0;0.3620000000000003;4.2576061843296005;0.19040593699168973
366.0;0.3459999999999998;4.213049200654353;0.1884132881042857
367.0;0.32800000000000007;4.151009245413821;0.1856387769595082
368.0;0.3200000000000001;4.106010062977751;0.18362635234232888
369.0;0.3000000000000003;4.012255773599879;0.1794335330577067
370.0;0.2700000000000002;3.8723494393405056;0.17317673157997138
371.0;0.26199999999999984;3.820805295511986;0.17087160739111945
372.0;0.23600000000000007;3.715361600658444;0.16615602200129415
373.0;0.22400000000000017;3.671073079510979;0.16417537912312077
374.0;0.20799999999999996;3.6087091269768847;0.16138637837888467
375.0;0.19400000000000026;3.485492981293363;0.15587598482540724
376.0;0.18200000000000002;3.419394759462864;0.1529199824813101
377.0;0.17399999999999974;3.3589118144354897;0.15021510295009827
378.0;0.16399999999999992;3.288576206648383;0.1470695989450836
379.0;0.15600000000000014;3.230562965513641;0.1444751679296362
380.0;0.1499999999999999;3.1798936219461473;0.14220916599779204
381.0;0.1420000000000001;3.086890634210278;0.1380499459440324
382.0;0.13800000000000012;3.0412916515552446;0.13601069744560262
383.0;0.12400000000000003;2.7727242920997397;0.12400000000000001
384.0;0.12199999999999993;2.7280029325497424;0.12199999999999994
385.0;0.12000000000000004;2.683281572999747;0.11999999999999995
386.0;0.11599999999999985;2.5938388538997565;0.11600000000000002
387.0;0.11599999999999985;2.5938388538997565;0.11600000000000002
388.0;0.11200000000000018;2.5043961347997645;0.112
389.0;0.11000000000000013;2.4596747752497685;0.10999999999999999
390.0;0.11000000000000013;2.4596747752497685;0.10999999999999999
391.0;0.10600000000000004;2.370232056149777;0.10599999999999998
392.0;0.0979999999999999;2.1913466179497947;0.09800000000000003
393.0;0.0959999999999999;2.1466252583997982;0.096
394.0;0.0959999999999999;2.1466252583997982;0.096
395.0;0.0959999999999999;2.1466252583997982;0.096
396.0;0.08600000000000005;1.92301846064982;0.08600000000000003
397.0;0.084;1.8782971010998235;0.084
398.0;0.07800000000000007;1.7441330224498355;0.07799999999999997
399.0;0.07600000000000004;1.6994116628998408;0.07600000000000003
400.0;0.07200000000000001;1.6099689437998477;0.07199999999999995
401.0;0.066;1.4758048651498616;0.06600000000000002
402.0;0.06200000000000001;1.3863621460498698;0.062000000000000006
403.0;0.06000000000000002;1.3416407864998734;0.05999999999999998
404.0;0.05399999999999999;1.2074767078498865;0.054
405.0;0.051999999999999956;1.1627553482998905;0.05199999999999999
406.0;0.04999999999999995;1.118033988749895;0.05
407.0;0.043999999999999984;0.9838699100999073;0.04399999999999999
408.0;0.04000000000000004;0.8944271909999157;0.039999999999999994
409.0;0.04000000000000004;0.8944271909999157;0.039999999999999994
410.0;0.03800000000000002;0.8497058314499204;0.03800000000000001
411.0;0.036000000000000004;0.8049844718999238;0.035999999999999976
412.0;0.03000000000000001;0.6708203932499367;0.02999999999999999
413.0;0.025999999999999978;0.5813776741499452;0.025999999999999995
414.0;0.023999999999999976;0.5366563145999496;0.024
415.0;0.023999999999999976;0.5366563145999496;0.024
416.0;0.02000000000000002;0.44721359549995787;0.019999999999999997
417.0;0.02000000000000002;0.44721359549995787;0.019999999999999997
418.0;0.02000000000000002;0.44721359549995787;0.019999999999999997
419.0;0.018000000000000002;0.4024922359499619;0.017999999999999988
420.0;0.016000000000000014;0.3577708763999664;0.016
421.0;0.01000000000000001;0.22360679774997894;0.009999999999999998
422.0;0.008000000000000007;0.1788854381999832;0.008
423.0;0.0040000000000000036;0.0894427190999916;0.004
424.0;0.0040000000000000036;0.0894427190999916;0.004
425.0;0.0020000000000000018;0.0447213595499958;0.002
426.0;0.0;0.0;0.0
427.0;0.0;0.0;0.0
428.0;0.0;0.0;0.0
429.0;0.0;0.0;0.0
430.0;0.0;0.0;0.0
431.0;0.0;0.0;0.0
432.0;0.0;0.0;0.0
433.0;0.0;0.0;0.0
434.0;0.0;0.0;0.0
435.0;0.0;0.0;0.0
436.0;0.0;0.0;0.0
437.0;0.0;0.0;0.0
438.0;0.0;0.0;0.0
439.0;0.0;0.0;0.0
440.0;0.0;0.0;0.0
441.0;0.0;0.0;0.0
442.0;0.0;0.0;0.0
443.0;0.0;0.0;0.0
444.0;0.0;0.0;0.0
445.0;0.0;0.0;0.0
446.0;0.0;0.0;0.0
447.0;0.0;0.0;0.0
448.0;0.0;0.0;0.0
449.0;0.0;0.0;0.0
450.0;0.0;0.0;0.0
451.0;0.0;0.0;0.0
452.0;0.0;0.0;0.0
453.0;0.0;0.0;0.0
454.0;0.0;0.0;0.0
455.0;0.0;0.0;0.0
456.0;0.0;0.0;0.0
457.0;0.0;0.0;0.0
458.0;0.0;0.0;0.0
459.0;0.0;0.0;0.0
460.0;0.0;0.0;0.0
461.0;0.0;0.0;0.0
462.0;0.0;0.0;0.0
463.0;0.0;0.0;0.0
464.0;0.0;0.0;0.0
465.0;0.0;0.0;0.0
466.0;0.0;0.0;0.0
467.0;0.0;0.0;0.0
468.0;0.0;0.0;0.0
469.0;0.0;0.0;0.0
470.0;0.0;0.0;0.0
471.0;0.0;0.0;0.0
472.0;0.0;0.0;0.0
473.0;0.0;0.0;0.0
474.0;0.0;0.0;0.0
475.0;0.0;0.0;0.0
476.0;0.0;0.0;0.0
477.0;0.0;0.0;0.0
478.0;0.0;0.0;0.0
479.0;0.0;0.0;0.0
480.0;0.0;0.0;0.0
481.0;0.0;0.0;0.0
482.0;0.0;0.0;0.0
483.0;0.0;0.0;0.0
484.0;0.0;0.0;0.0
485.0;0.0;0.0;0.0
486.0;0.0;0.0;0.0
487.0;0.0;0.0;0.0
488.0;0.0;0.0;0.0
489.0;0.0;0.0;0.0
490.0;0.0;0.0;0.0
491.0;0.0;0.0;0.0
492.0;0.0;0.0;0.0
493.0;0.0;0.0;0.0
494.0;0.0;0.0;0.0
495.0;0.0;0.0;0.0
496.0;0.0;0.0;0.0
497.0;0.0;0.0;0.0
498.0;0.0;0.0;0.0
499.0;0.0;0.0;0.0
500.0;0.0;0.0;0.0
501.0;0.0;0.0;0.0
502.0;0.0;0.0;0.0
503.0;0.0;0.0;0.0
504.0;0.0;0.0;0.0
505.0;0.0;0.0;0.0
506.0;0.0;0.0;0.0
507.0;0.0;0.0;0.0
508.0;0.0;0.0;0.0
509.0;0.0;0.0;0.0
510.0;0.0;0.0;0.0
511.0;0.0;0.0;0.0
512.0;0.0;0.0;0.0
513.0;0.0;0.0;0.0
514.0;0.0;0.0;0.0
515.0;0.0;0.0;0.0
516.0;0.0;0.0;0.0
517.0;0.0;0.0;0.0
518.0;0.0;0.0;0.0
519.0;0.0;0.0;0.0
520.0;0.0;0.0;0.0
521.0;0.0;0.0;0.0
522.0;0.0;0.0;0.0
523.0;0.0;0.0;0.0
524.0;0.0;0.0;0.0
525.0;0.0;0.0;0.0
526.0;0.0;0.0;0.0
527.0;0.0;0.0;0.0
528.0;0.0;0.0;0.0
529.0;0.0;0.0;0.0
530.0;0.0;0.0;0.0
531.0;0.0;0.0;0.0
532.0;0.0;0.0;0.0
533.0;0.0;0.0;0.0
534.0;0.0;0.0;0.0
535.0;0.0;0.0;0.0
536.0;0.0;0.0;0.0
537.0;0.0;0.0;0.0
538.0;0.0;0.0;0.0
539.0;0.0;0.0;0.0
540.0;0.0;0.0;0.0
541.0;0.0;0.0;0.0
542.0;0.0;0.0;0.0
543.0;0.0;0.0;0.0
544.0;0.0;0.0;0.0
545.0;0.0;0.0;0.0
546.0;0.0;0.0;0.0
547.0;0.0;0.0;0.0
548.0;0.0;0.0;0.0
549.0;0.0;0.0;0.0
550.0;0.0;0.0;0.0
551.0;0.0;0.0;0.0
552.0;0.0;0.0;0.0
553.0;0.0;0.0;0.0
554.0;0.0;0.0;0.0
555.0;0.0;0.0;0.0
556.0;0.0;0.0;0.0
557.0;0.0;0.0;0.0
558.0;0.0;0.0;0.0
559.0;0.0;0.0;0.0
560.0;0.0;0.0;0.0
561.0;0.0;0.0;0.0
562.0;0.0;0.0;0.0
563.0;0.0;0.0;0.0
564.0;0.0;0.0;0.0
565.0;0.0;0.0;0.0
566.0;0.0;0.0;0.0
567.0;0.0;0.0;0.0
568.0;0.0;0.0;0.0
569.0;0.0;0.0;0.0
570.0;0.0;0.0;0.0
571.0;0.0;0.0;0.0
572.0;0.0;0.0;0.0
573.0;0.0;0.0;0.0
574.0;0.0;0.0;0.0
575.0;0.0;0.0;0.0
576.0;0.0;0.0;0.0
577.0;0.0;0.0;0.0
578.0;0.0;0.0;0.0
579.0;0.0;0.0;0.0
580.0;0.0;0.0;0.0
581.0;0.0;0.0;0.0
582.0;0.0;0.0;0.0
583.0;0.0;0.0;0.0
584.0;0.0;0.0;0.0
585.0;0.0;0.0;0.0
586.0;0.0;0.0;0.0
587.0;0.0;0.0;0.0
588.0;0.0;0.0;0.0
589.0;0.0;0.0;0.0
590.0;0.0;0.0;0.0
591.0;0.0;0.0;0.0
592.0;0.0;0.0;0.0
593.0;0.0;0.0;0.0
594.0;0.0;0.0;0.0
595.0;0.0;0.0;0.0
596.0;0.0;0.0;0.0
597.0;0.0;0.0;0.0
598.0;0.0;0.0;0.0
599.0;0.0;0.0;0.0
600.0;0.0;0.0;0.0
601.0;0.0;0.0;0.0
602.0;0.0;0.0;0.0
603.0;0.0;0.0;0.0
604.0;0.0;0.0;0.0
605.0;0.0;0.0;0.0
606.0;0.0;0.0;0.0
607.0;0.0;0.0;0.0
608.0;0.0;0.0;0.0
609.0;0.0;0.0;0.0
610.0;0.0;0.0;0.0
611.0;0.0;0.0;0.0
612.0;0.0;0.0;0.0
613.0;0.0;0.0;0.0
614.0;0.0;0.0;0.0
615.0;0.0;0.0;0.0
616.0;0.0;0.0;0.0
617.0;0.0;0.0;0.0
618.0;0.0;0.0;0.0
619.0;0.0;0.0;0.0
620.0;0.0;0.0;0.0
621.0;0.0;0.0;0.0
622.0;0.0;0.0;0.0
623.0;0.0;0.0;0.0
624.0;0.0;0.0;0.0
625.0;0.0;0.0;0.0
626.0;0.0;0.0;0.0
627.0;0.0;0.0;0.0
628.0;0.0;0.0;0.0
629.0;0.0;0.0;0.0
630.0;0.0;0.0;0.0
631.0;0.0;0.0;0.0
632.0;0.0;0.0;0.0
633.0;0.0;0.0;0.0
634.0;0.0;0.0;0.0
635.0;0.0;0.0;0.0
636.0;0.0;0.0;0.0
637.0;0.0;0.0;0.0
638.0;0.0;0.0;0.0
639.0;0.0;0.0;0.0
640.0;0.0;0.0;0.0
641.0;0.0;0.0;0.0
642.0;0.0;0.0;0.0
643.0;0.0;0.0;0.0
644.0;0.0;0.0;0.0
645.0;0.0;0.0;0.0
646.0;0.0;0.0;0.0
647.0;0.0;0.0;0.0
648.0;0.0;0.0;0.0
649.0;0.0;0.0;0.0
650.0;0.0;0.0;0.0
651.0;0.0;0.0;0.0
652.0;0.0;0.0;0.0
653.0;0.0;0.0;0.0
654.0;0.0;0.0;0.0
655.0;0.0;0.0;0.0
656.0;0.0;0.0;0.0
657.0;0.0;0.0;0.0
658.0;0.0;0.0;0.0
659.0;0.0;0.0;0.0
660.0;0.0;0.0;0.0
661.0;0.0;0.0;0.0
662.0;0.0;0.0;0.0
663.0;0.0;0.0;0.0
664.0;0.0;0.0;0.0
665.0;0.0;0.0;0.0
666.0;0.0;0.0;0.0
667.0;0.0;0.0;0.0
668.0;0.0;0.0;0.0
669.0;0.0;0.0;0.0
670.0;0.0;0.0;0.0
671.0;0.0;0.0;0.0
672.0;0.0;0.0;0.0
673.0;0.0;0.0;0.0
674.0;0.0;0.0;0.0
675.0;0.0;0.0;0.0
676.0;0.0;0.0;0.0
677.0;0.0;0.0;0.0
678.0;0.0;0.0;0.0
679.0;0.0;0.0;0.0
680.0;0.0;0.0;0.0
681.0;0.0;0.0;0.0
682.0;0.0;0.0;0.0
683.0;0.0;0.0;0.0
684.0;0.0;0.0;0.0
685.0;0.0;0.0;0.0
686.0;0.0;0.0;0.0
687.0;0.0;0.0;0.0
688.0;0.0;0.0;0.0
689.0;0.0;0.0;0.0
690.0;0.0;0.0;0.0
691.0;0.0;0.0;0.0
692.0;0.0;0.0;0.0
693.0;0.0;0.0;0.0
694.0;0.0;0.0;0.0
695.0;0.0;0.0;0.0
696.0;0.0;0.0;0.0
697.0;0.0;0.0;0.0
698.0;0.0;0.0;0.0
699.0;0.0;0.0;0.0
700.0;0.0;0.0;0.0
701.0;0.0;0.0;0.0
702.0;0.0;0.0;0.0
703.0;0.0;0.0;0.0
704.0;0.0;0.0;0.0
705.0;0.0;0.0;0.0
706.0;0.0;0.0;0.0
707.0;0.0;0.0;0.0
708.0;0.0;0.0;0.0
709.0;0.0;0.0;0.0
710.0;0.0;0.0;0.0
711.0;0.0;0.0;0.0
712.0;0.0;0.0;0.0
713.0;0.0;0.0;0.0
714.0;0.0;0.0;0.0
715.0;0.0;0.0;0.0
716.0;0.0;0.0;0.0
717.0;0.0;0.0;0.0
718.0;0.0;0.0;0.0
719.0;0.0;0.0;0.0
720.0;0.0;0.0;0.0
721.0;0.0;0.0;0.0
722.0;0.0;0.0;0.0
723.0;0.0;0.0;0.0
724.0;0.0;0.0;0.0
725.0;0.0;0.0;0.0
726.0;0.0;0.0;0.0
727.0;0.0;0.0;0.0
728.0;0.0;0.0;0.0
729.0;0.0;0.0;0.0
730.0;0.0;0.0;0.0
731.0;0.0;0.0;0.0
732.0;0.0;0.0;0.0
733.0;0.0;0.0;0.0
734.0;0.0;0.0;0.0
735.0;0.0;0.0;0.0
736.0;0.0;0.0;0.0
737.0;0.0;0.0;0.0
738.0;0.0;0.0;0.0
739.0;0.0;0.0;0.0
740.0;0.0;0.0;0.0
741.0;0.0;0.0;0.0
742.0;0.0;0.0;0.0
743.0;0.0;0.0;0.0
744.0;0.0;0.0;0.0
745.0;0.0;0.0;0.0
746.0;0.0;0.0;0.0
747.0;0.0;0.0;0.0
748.0;0.0;0.0;0.0
749.0;0.0;0.0;0.0
750.0;0.0;0.0;0.0
751.0;0.0;0.0;0.0
752.0;0.0;0.0;0.0
753.0;0.0;0.0;0.0
754.0;0.0;0.0;0.0
755.0;0.0;0.0;0.0
756.0;0.0;0.0;0.0
757.0;0.0;0.0;0.0
758.0;0.0;0.0;0.0
759.0;0.0;0.0;0.0
760.0;0.0;0.0;0.0
761.0;0.0;0.0;0.0
762.0;0.0;0.0;0.0
763.0;0.0;0.0;0.0
764.0;0.0;0.0;0.0
765.0;0.0;0.0;0.0
766.0;0.0;0.0;0.0
767.0;0.0;0.0;0.0
768.0;0.0;0.0;0.0
769.0;0.0;0.0;0.0
770.0;0.0;0.0;0.0
771.0;0.0;0.0;0.0
772.0;0.0;0.0;0.0
773.0;0.0;0.0;0.0
774.0;0.0;0.0;0.0
775.0;0.0;0.0;0.0
776.0;0.0;0.0;0.0
777.0;0.0;0.0;0.0
778.0;0.0;0.0;0.0
779.0;0.0;0.0;0.0
780.0;0.0;0.0;0.0
781.0;0.0;0.0;0.0
782.0;0.0;0.0;0.0
783.0;0.0;0.0;0.0
784.0;0.0;0.0;0.0
785.0;0.0;0.0;0.0
786.0;0.0;0.0;0.0
787.0;0.0;0.0;0.0
788.0;0.0;0.0;0.0
789.0;0.0;0.0;0.0
790.0;0.0;0.0;0.0
791.0;0.0;0.0;0.0
792.0;0.0;0.0;0.0
793.0;0.0;0.0;0.0
794.0;0.0;0.0;0.0
795.0;0.0;0.0;0.0
796.0;0.0;0.0;0.0
797.0;0.0;0.0;0.0
798.0;0.0;0.0;0.0
799.0;0.0;0.0;0.0
800.0;0.0;0.0;0.0
801.0;0.0;0.0;0.0
802.0;0.0;0.0;0.0
803.0;0.0;0.0;0.0
804.0;0.0;0.0;0.0
805.0;0.0;0.0;0.0
806.0;0.0;0.0;0.0
807.0;0.0;0.0;0.0
808.0;0.0;0.0;0.0
809.0;0.0;0.0;0.0
810.0;0.0;0.0;0.0
811.0;0.0;0.0;0.0
812.0;0.0;0.0;0.0
813.0;0.0;0.0;0.0
814.0;0.0;0.0;0.0
815.0;0.0;0.0;0.0
816.0;0.0;0.0;0.0
817.0;0.0;0.0;0.0
818.0;0.0;0.0;0.0
819.0;0.0;0.0;0.0
820.0;0.0;0.0;0.0
821.0;0.0;0.0;0.0
822.0;0.0;0.0;0.0
823.0;0.0;0.0;0.0
824.0;0.0;0.0;0.0
825.0;0.0;0.0;0.0
826.0;0.0;0.0;0.0
827.0;0.0;0.0;0.0
828.0;0.0;0.0;0.0
829.0;0.0;0.0;0.0
830.0;0.0;0.0;0.0
831.0;0.0;0.0;0.0
832.0;0.0;0.0;0.0
833.0;0.0;0.0;0.0
834.0;0.0;0.0;0.0
835.0;0.0;0.0;0.0
836.0;0.0;0.0;0.0
837.0;0.0;0.0;0.0
838.0;0.0;0.0;0.0
839.0;0.0;0.0;0.0
840.0;0.0;0.0;0.0
841.0;0.0;0.0;0.0
842.0;0.0;0.0;0.0
843.0;0.0;0.0;0.0
844.0;0.0;0.0;0.0
845.0;0.0;0.0;0.0
846.0;0.0;0.0;0.0
847.0;0.0;0.0;0.0
848.0;0.0;0.0;0.0
849.0;0.0;0.0;0.0
850.0;0.0;0.0;0.0
851.0;0.0;0.0;0.0
852.0;0.0;0.0;0.0
853.0;0.0;0.0;0.0
854.0;0.0;0.0;0.0
855.0;0.0;0.0;0.0
856.0;0.0;0.0;0.0
857.0;0.0;0.0;0.0
858.0;0.0;0.0;0.0
859.0;0.0;0.0;0.0
860.0;0.0;0.0;0.0
861.0;0.0;0.0;0.0
862.0;0.0;0.0;0.0
863.0;0.0;0.0;0.0
864.0;0.0;0.0;0.0
865.0;0.0;0.0;0.0
866.0;0.0;0.0;0.0
867.0;0.0;0.0;0.0
868.0;0.0;0.0;0.0
869.0;0.0;0.0;0.0
870.0;0.0;0.0;0.0
871.0;0.0;0.0;0.0
872.0;0.0;0.0;0.0
873.0;0.0;0.0;0.0
874.0;0.0;0.0;0.0
875.0;0.0;0.0;0.0
876.0;0.0;0.0;0.0
877.0;0.0;0.0;0.0
878.0;0.0;0.0;0.0
879.0;0.0;0.0;0.0
880.0;0.0;0.0;0.0
881.0;0.0;0.0;0.0
882.0;0.0;0.0;0.0
883.0;0.0;0.0;0.0
884.0;0.0;0.0;0.0
885.0;0.0;0.0;0.0
886.0;0.0;0.0;0.0
887.0;0.0;0.0;0.0
888.0;0.0;0.0;0.0
889.0;0.0;0.0;0.0
890.0;0.0;0.0;0.0
891.0;0.0;0.0;0.0
892.0;0.0;0.0;0.0
893.0;0.0;0.0;0.0
894.0;0.0;0.0;0.0
895.0;0.0;0.0;0.0
896.0;0.0;0.0;0.0
897.0;0.0;0.0;0.0
898.0;0.0;0.0;0.0
899.0;0.0;0.0;0.0
900.0;0.0;0.0;0.0
901.0;0.0;0.0;0.0
902.0;0.0;0.0;0.0
903.0;0.0;0.0;0.0
904.0;0.0;0.0;0.0
905.0;0.0;0.0;0.0
906.0;0.0;0.0;0.0
907.0;0.0;0.0;0.0
908.0;0.0;0.0;0.0
909.0;0.0;0.0;0.0
910.0;0.0;0.0;0.0
911.0;0.0;0.0;0.0
912.0;0.0;0.0;0.0
913.0;0.0;0.0;0.0
914.0;0.0;0.0;0.0
915.0;0.0;0.0;0.0
916.0;0.0;0.0;0.0
917.0;0.0;0.0;0.0
918.0;0.0;0.0;0.0
919.0;0.0;0.0;0.0
920.0;0.0;0.0;0.0
921.0;0.0;0.0;0.0
922.0;0.0;0.0;0.0
923.0;0.0;0.0;0.0
924.0;0.0;0.0;0.0
925.0;0.0;0.0;0.0
926.0;0.0;0.0;0.0
927.0;0.0;0.0;0.0
928.0;0.0;0.0;0.0
929.0;0.0;0.0;0.0
930.0;0.0;0.0;0.0
931.0;0.0;0.0;0.0
932.0;0.0;0.0;0.0
933.0;0.0;0.0;0.0
934.0;0.0;0.0;0.0
935.0;0.0;0.0;0.0
936.0;0.0;0.0;0.0
937.0;0.0;0.0;0.0
938.0;0.0;0.0;0.0
939.0;0.0;0.0;0.0
940.0;0.0;0.0;0.0
941.0;0.0;0.0;0.0
942.0;0.0;0.0;0.0
943.0;0.0;0.0;0.0
944.0;0.0;0.0;0.0
945.0;0.0;0.0;0.0
946.0;0.0;0.0;0.0
947.0;0.0;0.0;0.0
948.0;0.0;0.0;0.0
949.0;0.0;0.0;0.0
950.0;0.0;0.0;0.0
951.0;0.0;0.0;0.0
952.0;0.0;0.0;0.0
953.0;0.0;0.0;0.0
954.0;0.0;0.0;0.0
955.0;0.0;0.0;0.0
956.0;0.0;0.0;0.0
957.0;0.0;0.0;0.0
958.0;0.0;0.0;0.0
959.0;0.0;0.0;0.0
960.0;0.0;0.0;0.0
961.0;0.0;0.0;0.0
962.0;0.0;0.0;0.0
963.0;0.0;0.0;0.0
964.0;0.0;0.0;0.0
965.0;0.0;0.0;0.0
966.0;0.0;0.0;0.0
967.0;0.0;0.0;0.0
968.0;0.0;0.0;0.0
969.0;0.0;0.0;0.0
970.0;0.0;0.0;0.0
971.0;0.0;0.0;0.0
972.0;0.0;0.0;0.0
973.0;0.0;0.0;0.0
974.0;0.0;0.0;0.0
975.0;0.0;0.0;0.0
976.0;0.0;0.0;0.0
977.0;0.0;0.0;0.0
978.0;0.0;0.0;0.0
979.0;0.0;0.0;0.0
980.0;0.0;0.0;0.0
981.0;0.0;0.0;0.0
982.0;0.0;0.0;0.0
983.0;0.0;0.0;0.0
984.0;0.0;0.0;0.0
985.0;0.0;0.0;0.0
986.0;0.0;0.0;0.0
987.0;0.0;0.0;0.0
988.0;0.0;0.0;0.0
989.0;0.0;0.0;0.0
990.0;0.0;0.0;0.0
991.0;0.0;0.0;0.0
992.0;0.0;0.0;0.0
993.0;0.0;0.0;0.0
994.0;0.0;0.0;0.0
995.0;0.0;0.0;0.0
996.0;0.0;0.0;0.0
997.0;0.0;0.0;0.0
998.0;0.0;0.0;0.0
999.0;0.0;0.0;0.0
1000.0;0.0;0.0;0.0
1001.0;0.0;0.0;0.0
1002.0;0.0;0.0;0.0
1003.0;0.0;0.0;0.0
1004.0;0.0;0.0;0.0
1005.0;0.0;0.0;0.0
1006.0;0.0;0.0;0.0
1007.0;0.0;0.0;0.0
1008.0;0.0;0.0;0.0
1009.0;0.0;0.0;0.0
1010.0;0.0;0.0;0.0
1011.0;0.0;0.0;0.0
1012.0;0.0;0.0;0.0
1013.0;0.0;0.0;0.0
1014.0;0.0;0.0;0.0
1015.0;0.0;0.0;0.0
1016.0;0.0;0.0;0.0
1017.0;0.0;0.0;0.0
1018.0;0.0;0.0;0.0
1019.0;0.0;0.0;0.0
1020.0;0.0;0.0;0.0
1021.0;0.0;0.0;0.0
1022.0;0.0;0.0;0.0
1023.0;0.0;0.0;0.0
1024.0;0.0;0.0;0.0
1025.0;0.0;0.0;0.0
1026.0;0.0;0.0;0.0
1027.0;0.0;0.0;0.0
1028.0;0.0;0.0;0.0
1029.0;0.0;0.0;0.0
1030.0;0.0;0.0;0.0
1031.0;0.0;0.0;0.0
1032.0;0.0;0.0;0.0
1033.0;0.0;0.0;0.0
1034.0;0.0;0.0;0.0
1035.0;0.0;0.0;0.0
1036.0;0.0;0.0;0.0
1037.0;0.0;0.0;0.0
1038.0;0.0;0.0;0.0
1039.0;0.0;0.0;0.0
1040.0;0.0;0.0;0.0
1041.0;0.0;0.0;0.0
1042.0;0.0;0.0;0.0
1043.0;0.0;0.0;0.0
1044.0;0.0;0.0;0.0
1045.0;0.0;0.0;0.0
1046.0;0.0;0.0;0.0
1047.0;0.0;0.0;0.0
1048.0;0.0;0.0;0.0
1049.0;0.0;0.0;0.0
1050.0;0.0;0.0;0.0
1051.0;0.0;0.0;0.0
1052.0;0.0;0.0;0.0
1053.0;0.0;0.0;0.0
1054.0;0.0;0.0;0.0
1055.0;0.0;0.0;0.0
1056.0;0.0;0.0;0.0
1057.0;0.0;0.0;0.0
1058.0;0.0;0.0;0.0
1059.0;0.0;0.0;0.0
1060.0;0.0;0.0;0.0
1061.0;0.0;0.0;0.0
1062.0;0.0;0.0;0.0
1063.0;0.0;0.0;0.0
1064.0;0.0;0.0;0.0
1065.0;0.0;0.0;0.0
1066.0;0.0;0.0;0.0
1067.0;0.0;0.0;0.0
1068.0;0.0;0.0;0.0
1069.0;0.0;0.0;0.0
1070.0;0.0;0.0;0.0
1071.0;0.0;0.0;0.0
1072.0;0.0;0.0;0.0
1073.0;0.0;0.0;0.0
1074.0;0.0;0.0;0.0
1075.0;0.0;0.0;0.0
1076.0;0.0;0.0;0.0
1077.0;0.0;0.0;0.0
1078.0;0.0;0.0;0.0
1079.0;0.0;0.0;0.0
1080.0;0.0;0.0;0.0
1081.0;0.0;0.0;0.0
1082.0;0.0;0.0;0.0
1083.0;0.0;0.0;0.0
1084.0;0.0;0.0;0.0
1085.0;0.0;0.0;0.0
1086.0;0.0;0.0;0.0
1087.0;0.0;0.0;0.0
1088.0;0.0;0.0;0.0
1089.0;0.0;0.0;0.0
1090.0;0.0;0.0;0.0
1091.0;0.0;0.0;0.0
1092.0;0.0;0.0;0.0
1093.0;0.0;0.0;0.0
1094.0;0.0;0.0;0.0
1095.0;0.0;0.0;0.0
1096.0;0.0;0.0;0.0
1097.0;0.0;0.0;0.0
1098.0;0.0;0.0;0.0
1099.0;0.0;0.0;0.0
1100.0;0.0;0.0;0.0
1101.0;0.0;0.0;0.0
1102.0;0.0;0.0;0.0
1103.0;0.0;0.0;0.0
1104.0;0.0;0.0;0.0
1105.0;0.0;0.0;0.0
1106.0;0.0;0.0;0.0
1107.0;0.0;0.0;0.0
1108.0;0.0;0.0;0.0
1109.0;0.0;0.0;0.0
1110.0;0.0;0.0;0.0
1111.0;0.0;0.0;0.0
1112.0;0.0;0.0;0.0
1113.0;0.0;0.0;0.0
1114.0;0.0;0.0;0.0
1115.0;0.0;0.0;0.0
1116.0;0.0;0.0;0.0
1117.0;0.0;0.0;0.0
1118.0;0.0;0.0;0.0
1119.0;0.0;0.0;0.0
1120.0;0.0;0.0;0.0
1121.0;0.0;0.0;0.0
1122.0;0.0;0.0;0.0
1123.0;0.0;0.0;0.0
1124.0;0.0;0.0;0.0
1125.0;0.0;0.0;0.0
1126.0;0.0;0.0;0.0
1127.0;0.0;0.0;0.0
1128.0;0.0;0.0;0.0
1129.0;0.0;0.0;0.0
1130.0;0.0;0.0;0.0
1131.0;0.0;0.0;0.0
1132.0;0.0;0.0;0.0
1133.0;0.0;0.0;0.0
1134.0;0.0;0.0;0.0
1135.0;0.0;0.0;0.0
1136.0;0.0;0.0;0.0
1137.0;0.0;0.0;0.0
1138.0;0.0;0.0;0.0
1139.0;0.0;0.0;0.0
1140.0;0.0;0.0;0.0
1141.0;0.0;0.0;0.0
1142.0;0.0;0.0;0.0
1143.0;0.0;0.0;0.0
1144.0;0.0;0.0;0.0
1145.0;0.0;0.0;0.0
1146.0;0.0;0.0;0.0
1147.0;0.0;0.0;0.0
1148.0;0.0;0.0;0.0
1149.0;0.0;0.0;0.0
1150.0;0.0;0.0;0.0
1151.0;0.0;0.0;0.0
1152.0;0.0;0.0;0.0
1153.0;0.0;0.0;0.0
1154.0;0.0;0.0;0.0
1155.0;0.0;0.0;0.0
1156.0;0.0;0.0;0.0
1157.0;0.0;0.0;0.0
1158.0;0.0;0.0;0.0
1159.0;0.0;0.0;0.0
1160.0;0.0;0.0;0.0
1161.0;0.0;0.0;0.0
1162.0;0.0;0.0;0.0
1163.0;0.0;0.0;0.0
1164.0;0.0;0.0;0.0
1165.0;0.0;0.0;0.0
1166.0;0.0;0.0;0.0
1167.0;0.0;0.0;0.0
1168.0;0.0;0.0;0.0
1169.0;0.0;0.0;0.0
1170.0;0.0;0.0;0.0
1171.0;0.0;0.0;0.0
1172.0;0.0;0.0;0.0
1173.0;0.0;0.0;0.0
1174.0;0.0;0.0;0.0
1175.0;0.0;0.0;0.0
1176.0;0.0;0.0;0.0
1177.0;0.0;0.0;0.0
1178.0;0.0;0.0;0.0
1179.0;0.0;0.0;0.0
1180.0;0.0;0.0;0.0
1181.0;0.0;0.0;0.0
1182.0;0.0;0.0;0.0
1183.0;0.0;0.0;0.0
1184.0;0.0;0.0;0.0
1185.0;0.0;0.0;0.0
1186.0;0.0;0.0;0.0
1187.0;0.0;0.0;0.0
1188.0;0.0;0.0;0.0
1189.0;0.0;0.0;0.0
1190.0;0.0;0.0;0.0
1191.0;0.0;0.0;0.0
1192.0;0.0;0.0;0.0
1193.0;0.0;0.0;0.0
1194.0;0.0;0.0;0.0
1195.0;0.0;0.0;0.0
1196.0;0.0;0.0;0.0
1197.0;0.0;0.0;0.0
1198.0;0.0;0.0;0.0
1199.0;0.0;0.0;0.0
1200.0;0.0;0.0;0.0
1201.0;0.0;0.0;0.0
1202.0;0.0;0.0;0.0
1203.0;0.0;0.0;0.0
1204.0;0.0;0.0;0.0
1205.0;0.0;0.0;0.0
1206.0;0.0;0.0;0.0
1207.0;0.0;0.0;0.0
1208.0;0.0;0.0;0.0
1209.0;0.0;0.0;0.0
1210.0;0.0;0.0;0.0
1211.0;0.0;0.0;0.0
1212.0;0.0;0.0;0.0
1213.0;0.0;0.0;0.0
1214.0;0.0;0.0;0.0
1215.0;0.0;0.0;0.0
1216.0;0.0;0.0;0.0
1217.0;0.0;0.0;0.0
1218.0;0.0;0.0;0.0
1219.0;0.0;0.0;0.0
1220.0;0.0;0.0;0.0
1221.0;0.0;0.0;0.0
1222.0;0.0;0.0;0.0
1223.0;0.0;0.0;0.0
1224.0;0.0;0.0;0.0
1225.0;0.0;0.0;0.0
1226.0;0.0;0.0;0.0
1227.0;0.0;0.0;0.0
1228.0;0.0;0.0;0.0
1229.0;0.0;0.0;0.0
1230.0;0.0;0.0;0.0
1231.0;0.0;0.0;0.0
1232.0;0.0;0.0;0.0
1233.0;0.0;0.0;0.0
1234.0;0.0;0.0;0.0
1235.0;0.0;0.0;0.0
1236.0;0.0;0.0;0.0
1237.0;0.0;0.0;0.0
1238.0;0.0;0.0;0.0
1239.0;0.0;0.0;0.0
1240.0;0.0;0.0;0.0
1241.0;0.0;0.0;0.0
1242.0;0.0;0.0;0.0
1243.0;0.0;0.0;0.0
1244.0;0.0;0.0;0.0
1245.0;0.0;0.0;0.0
1246.0;0.0;0.0;0.0
1247.0;0.0;0.0;0.0
1248.0;0.0;0.0;0.0
1249.0;0.0;0.0;0.0
1250.0;0.0;0.0;0.0
1251.0;0.0;0.0;0.0
1252.0;0.0;0.0;0.0
1253.0;0.0;0.0;0.0
1254.0;0.0;0.0;0.0
1255.0;0.0;0.0;0.0
1256.0;0.0;0.0;0.0
1257.0;0.0;0.0;0.0
1258.0;0.0;0.0;0.0
1259.0;0.0;0.0;0.0
1260.0;0.0;0.0;0.0
1261.0;0.0;0.0;0.0
1262.0;0.0;0.0;0.0
1263.0;0.0;0.0;0.0
1264.0;0.0;0.0;0.0
1265.0;0.0;0.0;0.0
1266.0;0.0;0.0;0.0
1267.0;0.0;0.0;0.0
1268.0;0.0;0.0;0.0
1269.0;0.0;0.0;0.0
1270.0;0.0;0.0;0.0
1271.0;0.0;0.0;0.0
1272.0;0.0;0.0;0.0
1273.0;0.0;0.0;0.0
1274.0;0.0;0.0;0.0
1275.0;0.0;0.0;0.0
1276.0;0.0;0.0;0.0
1277.0;0.0;0.0;0.0
1278.0;0.0;0.0;0.0
1279.0;0.0;0.0;0.0
1280.0;0.0;0.0;0.0
1281.0;0.0;0.0;0.0
1282.0;0.0;0.0;0.0
1283.0;0.0;0.0;0.0
1284.0;0.0;0.0;0.0
1285.0;0.0;0.0;0.0
1286.0;0.0;0.0;0.0
1287.0;0.0;0.0;0.0
1288.0;0.0;0.0;0.0
1289.0;0.0;0.0;0.0
1290.0;0.0;0.0;0.0
1291.0;0.0;0.0;0.0
1292.0;0.0;0.0;0.0
1293.0;0.0;0.0;0.0
1294.0;0.0;0.0;0.0
1295.0;0.0;0.0;0.0
1296.0;0.0;0.0;0.0
1297.0;0.0;0.0;0.0
1298.0;0.0;0.0;0.0
1299.0;0.0;0.0;0.0
1300.0;0.0;0.0;0.0
1301.0;0.0;0.0;0.0
1302.0;0.0;0.0;0.0
1303.0;0.0;0.0;0.0
1304.0;0.0;0.0;0.0
1305.0;0.0;0.0;0.0
1306.0;0.0;0.0;0.0
1307.0;0.0;0.0;0.0
1308.0;0.0;0.0;0.0
1309.0;0.0;0.0;0.0
1310.0;0.0;0.0;0.0
1311.0;0.0;0.0;0.0
1312.0;0.0;0.0;0.0
1313.0;0.0;0.0;0.0
1314.0;0.0;0.0;0.0
1315.0;0.0;0.0;0.0
1316.0;0.0;0.0;0.0
1317.0;0.0;0.0;0.0
1318.0;0.0;0.0;0.0
1319.0;0.0;0.0;0.0
1320.0;0.0;0.0;0.0
1321.0;0.0;0.0;0.0
1322.0;0.0;0.0;0.0
1323.0;0.0;0.0;0.0
1324.0;0.0;0.0;0.0
1325.0;0.0;0.0;0.0
1326.0;0.0;0.0;0.0
1327.0;0.0;0.0;0.0
1328.0;0.0;0.0;0.0
1329.0;0.0;0.0;0.0
1330.0;0.0;0.0;0.0
1331.0;0.0;0.0;0.0
1332.0;0.0;0.0;0.0
1333.0;0.0;0.0;0.0
1334.0;0.0;0.0;0.0
1335.0;0.0;0.0;0.0
1336.0;0.0;0.0;0.0
1337.0;0.0;0.0;0.0
1338.0;0.0;0.0;0.0
1339.0;0.0;0.0;0.0
1340.0;0.0;0.0;0.0
1341.0;0.0;0.0;0.0
1342.0;0.0;0.0;0.0
1343.0;0.0;0.0;0.0
1344.0;0.0;0.0;0.0
1345.0;0.0;0.0;0.0
1346.0;0.0;0.0;0.0
1347.0;0.0;0.0;0.0
1348.0;0.0;0.0;0.0
1349.0;0.0;0.0;0.0
1350.0;0.0;0.0;0.0
1351.0;0.0;0.0;0.0
1352.0;0.0;0.0;0.0
1353.0;0.0;0.0;0.0
1354.0;0.0;0.0;0.0
1355.0;0.0;0.0;0.0
1356.0;0.0;0.0;0.0
1357.0;0.0;0.0;0.0
1358.0;0.0;0.0;0.0
1359.0;0.0;0.0;0.0
1360.0;0.0;0.0;0.0
1361.0;0.0;0.0;0.0
1362.0;0.0;0.0;0.0
1363.0;0.0;0.0;0.0
1364.0;0.0;0.0;0.0
1365.0;0.0;0.0;0.0
1366.0;0.0;0.0;0.0
1367.0;0.0;0.0;0.0
1368.0;0.0;0.0;0.0
1369.0;0.0;0.0;0.0
1370.0;0.0;0.0;0.0
1371.0;0.0;0.0;0.0
1372.0;0.0;0.0;0.0
1373.0;0.0;0.0;0.0
1374.0;0.0;0.0;0.0
1375.0;0.0;0.0;0.0
1376.0;0.0;0.0;0.0
1377.0;0.0;0.0;0.0
1378.0;0.0;0.0;0.0
1379.0;0.0;0.0;0.0
1380.0;0.0;0.0;0.0
1381.0;0.0;0.0;0.0
1382.0;0.0;0.0;0.0
1383.0;0.0;0.0;0.0
1384.0;0.0;0.0;0.0
1385.0;0.0;0.0;0.0
1386.0;0.0;0.0;0.0
1387.0;0.0;0.0;0.0
1388.0;0.0;0.0;0.0
1389.0;0.0;0.0;0.0
1390.0;0.0;0.0;0.0
1391.0;0.0;0.0;0.0
1392.0;0.0;0.0;0.0
1393.0;0.0;0.0;0.0
1394.0;0.0;0.0;0.0
1395.0;0.0;0.0;0.0
1396.0;0.0;0.0;0.0
1397.0;0.0;0.0;0.0
1398.0;0.0;0.0;0.0
1399.0;0.0;0.0;0.0
1400.0;0.0;0.0;0.0
1401.0;0.0;0.0;0.0
1402.0;0.0;0.0;0.0
1403.0;0.0;0.0;0.0
1404.0;0.0;0.0;0.0
1405.0;0.0;0.0;0.0
1406.0;0.0;0.0;0.0
1407.0;0.0;0.0;0.0
1408.0;0.0;0.0;0.0
1409.0;0.0;0.0;0.0
1410.0;0.0;0.0;0.0
1411.0;0.0;0.0;0.0
1412.0;0.0;0.0;0.0
1413.0;0.0;0.0;0.0
1414.0;0.0;0.0;0.0
1415.0;0.0;0.0;0.0
1416.0;0.0;0.0;0.0
1417.0;0.0;0.0;0.0
1418.0;0.0;0.0;0.0
1419.0;0.0;0.0;0.0
1420.0;0.0;0.0;0.0
1421.0;0.0;0.0;0.0
1422.0;0.0;0.0;0.0
1423.0;0.0;0.0;0.0
1424.0;0.0;0.0;0.0
1425.0;0.0;0.0;0.0
1426.0;0.0;0.0;0.0
1427.0;0.0;0.0;0.0
1428.0;0.0;0.0;0.0
1429.0;0.0;0.0;0.0
1430.0;0.0;0.0;0.0
1431.0;0.0;0.0;0.0
1432.0;0.0;0.0;0.0
1433.0;0.0;0.0;0.0
1434.0;0.0;0.0;0.0
1435.0;0.0;0.0;0.0
1436.0;0.0;0.0;0.0
1437.0;0.0;0.0;0.0
1438.0;0.0;0.0;0.0
1439.0;0.0;0.0;0.0
1440.0;0.0;0.0;0.0
1441.0;0.0;0.0;0.0
1442.0;0.0;0.0;0.0
1443.0;0.0;0.0;0.0
1444.0;0.0;0.0;0.0
1445.0;0.0;0.0;0.0
1446.0;0.0;0.0;0.0
1447.0;0.0;0.0;0.0
1448.0;0.0;0.0;0.0
1449.0;0.0;0.0;0.0
1450.0;0.0;0.0;0.0
1451.0;0.0;0.0;0.0
1452.0;0.0;0.0;0.0
1453.0;0.0;0.0;0.0
1454.0;0.0;0.0;0.0
1455.0;0.0;0.0;0.0
1456.0;0.0;0.0;0.0
1457.0;0.0;0.0;0.0
1458.0;0.0;0.0;0.0
1459.0;0.0;0.0;0.0
1460.0;0.0;0.0;0.0
1461.0;0.0;0.0;0.0
1462.0;0.0;0.0;0.0
1463.0;0.0;0.0;0.0
1464.0;0.0;0.0;0.0
1465.0;0.0;0.0;0.0
1466.0;0.0;0.0;0.0
1467.0;0.0;0.0;0.0
1468.0;0.0;0.0;0.0
1469.0;0.0;0.0;0.0
1470.0;0.0;0.0;0.0
1471.0;0.0;0.0;0.0
1472.0;0.0;0.0;0.0
1473.0;0.0;0.0;0.0
1474.0;0.0;0.0;0.0
1475.0;0.0;0.0;0.0
1476.0;0.0;0.0;0.0
1477.0;0.0;0.0;0.0
1478.0;0.0;0.0;0.0
1479.0;0.0;0.0;0.0
1480.0;0.0;0.0;0.0
1481.0;0.0;0.0;0.0
1482.0;0.0;0.0;0.0
1483.0;0.0;0.0;0.0
1484.0;0.0;0.0;0.0
1485.0;0.0;0.0;0.0
1486.0;0.0;0.0;0.0
1487.0;0.0;0.0;0.0
1488.0;0.0;0.0;0.0
1489.0;0.0;0.0;0.0
1490.0;0.0;0.0;0.0
1491.0;0.0;0.0;0.0
1492.0;0.0;0.0;0.0
1493.0;0.0;0.0;0.0
1494.0;0.0;0.0;0.0
1495.0;0.0;0.0;0.0
1496.0;0.0;0.0;0.0
1497.0;0.0;0.0;0.0
1498.0;0.0;0.0;0.0
1499.0;0.0;0.0;0.0
1500.0;0.0;0.0;0.0
1501.0;0.0;0.0;0.0
1502.0;0.0;0.0;0.0
1503.0;0.0;0.0;0.0
1504.0;0.0;0.0;0.0
1505.0;0.0;0.0;0.0
1506.0;0.0;0.0;0.0
1507.0;0.0;0.0;0.0
1508.0;0.0;0.0;0.0
1509.0;0.0;0.0;0.0
1510.0;0.0;0.0;0.0
1511.0;0.0;0.0;0.0
1512.0;0.0;0.0;0.0
1513.0;0.0;0.0;0.0
1514.0;0.0;0.0;0.0
1515.0;0.0;0.0;0.0
1516.0;0.0;0.0;0.0
1517.0;0.0;0.0;0.0
1518.0;0.0;0.0;0.0
1519.0;0.0;0.0;0.0
1520.0;0.0;0.0;0.0
1521.0;0.0;0.0;0.0
1522.0;0.0;0.0;0.0
1523.0;0.0;0.0;0.0
1524.0;0.0;0.0;0.0
1525.0;0.0;0.0;0.0
1526.0;0.0;0.0;0.0
1527.0;0.0;0.0;0.0
1528.0;0.0;0.0;0.0
1529.0;0.0;0.0;0.0
1530.0;0.0;0.0;0.0
1531.0;0.0;0.0;0.0
1532.0;0.0;0.0;0.0
1533.0;0.0;0.0;0.0
1534.0;0.0;0.0;0.0
1535.0;0.0;0.0;0.0
1536.0;0.0;0.0;0.0
1537.0;0.0;0.0;0.0
1538.0;0.0;0.0;0.0
1539.0;0.0;0.0;0.0
1540.0;0.0;0.0;0.0
1541.0;0.0;0.0;0.0
1542.0;0.0;0.0;0.0
1543.0;0.0;0.0;0.0
1544.0;0.0;0.0;0.0
1545.0;0.0;0.0;0.0
1546.0;0.0;0.0;0.0
1547.0;0.0;0.0;0.0
1548.0;0.0;0.0;0.0
1549.0;0.0;0.0;0.0
1550.0;0.0;0.0;0.0
1551.0;0.0;0.0;0.0
1552.0;0.0;0.0;0.0
1553.0;0.0;0.0;0.0
1554.0;0.0;0.0;0.0
1555.0;0.0;0.0;0.0
1556.0;0.0;0.0;0.0
1557.0;0.0;0.0;0.0
1558.0;0.0;0.0;0.0
1559.0;0.0;0.0;0.0
1560.0;0.0;0.0;0.0
1561.0;0.0;0.0;0.0
1562.0;0.0;0.0;0.0
1563.0;0.0;0.0;0.0
1564.0;0.0;0.0;0.0
1565.0;0.0;0.0;0.0
1566.0;0.0;0.0;0.0
1567.0;0.0;0.0;0.0
1568.0;0.0;0.0;0.0
1569.0;0.0;0.0;0.0
1570.0;0.0;0.0;0.0
1571.0;0.0;0.0;0.0
1572.0;0.0;0.0;0.0
1573.0;0.0;0.0;0.0
1574.0;0.0;0.0;0.0
1575.0;0.0;0.0;0.0
1576.0;0.0;0.0;0.0
1577.0;0.0;0.0;0.0
1578.0;0.0;0.0;0.0
1579.0;0.0;0.0;0.0
1580.0;0.0;0.0;0.0
1581.0;0.0;0.0;0.0
1582.0;0.0;0.0;0.0
1583.0;0.0;0.0;0.0
1584.0;0.0;0.0;0.0
1585.0;0.0;0.0;0.0
1586.0;0.0;0.0;0.0
1587.0;0.0;0.0;0.0
1588.0;0.0;0.0;0.0
1589.0;0.0;0.0;0.0
1590.0;0.0;0.0;0.0
1591.0;0.0;0.0;0.0
1592.0;0.0;0.0;0.0
1593.0;0.0;0.0;0.0
1594.0;0.0;0.0;0.0
1595.0;0.0;0.0;0.0
1596.0;0.0;0.0;0.0
1597.0;0.0;0.0;0.0
1598.0;0.0;0.0;0.0
1599.0;0.0;0.0;0.0
1600.0;0.0;0.0;0.0
1601.0;0.0;0.0;0.0
1602.0;0.0;0.0;0.0
1603.0;0.0;0.0;0.0
1604.0;0.0;0.0;0.0
1605.0;0.0;0.0;0.0
1606.0;0.0;0.0;0.0
1607.0;0.0;0.0;0.0
1608.0;0.0;0.0;0.0
1609.0;0.0;0.0;0.0
1610.0;0.0;0.0;0.0
1611.0;0.0;0.0;0.0
1612.0;0.0;0.0;0.0
1613.0;0.0;0.0;0.0
1614.0;0.0;0.0;0.0
1615.0;0.0;0.0;0.0
1616.0;0.0;0.0;0.0
1617.0;0.0;0.0;0.0
1618.0;0.0;0.0;0.0
1619.0;0.0;0.0;0.0
1620.0;0.0;0.0;0.0
1621.0;0.0;0.0;0.0
1622.0;0.0;0.0;0.0
1623.0;0.0;0.0;0.0
1624.0;0.0;0.0;0.0
1625.0;0.0;0.0;0.0
1626.0;0.0;0.0;0.0
1627.0;0.0;0.0;0.0
1628.0;0.0;0.0;0.0
1629.0;0.0;0.0;0.0
1630.0;0.0;0.0;0.0
1631.0;0.0;0.0;0.0
1632.0;0.0;0.0;0.0
1633.0;0.0;0.0;0.0
1634.0;0.0;0.0;0.0
1635.0;0.0;0.0;0.0
1636.0;0.0;0.0;0.0
1637.0;0.0;0.0;0.0
1638.0;0.0;0.0;0.0
1639.0;0.0;0.0;0.0
1640.0;0.0;0.0;0.0
1641.0;0.0;0.0;0.0
1642.0;0.0;0.0;0.0
1643.0;0.0;0.0;0.0
1644.0;0.0;0.0;0.0
1645.0;0.0;0.0;0.0
1646.0;0.0;0.0;0.0
1647.0;0.0;0.0;0.0
1648.0;0.0;0.0;0.0
1649.0;0.0;0.0;0.0
1650.0;0.0;0.0;0.0
1651.0;0.0;0.0;0.0
1652.0;0.0;0.0;0.0
1653.0;0.0;0.0;0.0
1654.0;0.0;0.0;0.0
1655.0;0.0;0.0;0.0
1656.0;0.0;0.0;0.0
1657.0;0.0;0.0;0.0
1658.0;0.0;0.0;0.0
1659.0;0.0;0.0;0.0
1660.0;0.0;0.0;0.0
1661.0;0.0;0.0;0.0
1662.0;0.0;0.0;0.0
1663.0;0.0;0.0;0.0
1664.0;0.0;0.0;0.0
1665.0;0.0;0.0;0.0
1666.0;0.0;0.0;0.0
1667.0;0.0;0.0;0.0
1668.0;0.0;0.0;0.0
1669.0;0.0;0.0;0.0
1670.0;0.0;0.0;0.0
1671.0;0.0;0.0;0.0
1672.0;0.0;0.0;0.0
1673.0;0.0;0.0;0.0
1674.0;0.0;0.0;0.0
1675.0;0.0;0.0;0.0
1676.0;0.0;0.0;0.0
1677.0;0.0;0.0;0.0
1678.0;0.0;0.0;0.0
1679.0;0.0;0.0;0.0
1680.0;0.0;0.0;0.0
1681.0;0.0;0.0;0.0
1682.0;0.0;0.0;0.0
1683.0;0.0;0.0;0.0
1684.0;0.0;0.0;0.0
1685.0;0.0;0.0;0.0
1686.0;0.0;0.0;0.0
1687.0;0.0;0.0;0.0
1688.0;0.0;0.0;0.0
1689.0;0.0;0.0;0.0
1690.0;0.0;0.0;0.0
1691.0;0.0;0.0;0.0
1692.0;0.0;0.0;0.0
1693.0;0.0;0.0;0.0
1694.0;0.0;0.0;0.0
1695.0;0.0;0.0;0.0
1696.0;0.0;0.0;0.0
1697.0;0.0;0.0;0.0
1698.0;0.0;0.0;0.0
1699.0;0.0;0.0;0.0
1700.0;0.0;0.0;0.0
1701.0;0.0;0.0;0.0
1702.0;0.0;0.0;0.0
1703.0;0.0;0.0;0.0
1704.0;0.0;0.0;0.0
1705.0;0.0;0.0;0.0
1706.0;0.0;0.0;0.0
1707.0;0.0;0.0;0.0
1708.0;0.0;0.0;0.0
1709.0;0.0;0.0;0.0
1710.0;0.0;0.0;0.0
1711.0;0.0;0.0;0.0
1712.0;0.0;0.0;0.0
1713.0;0.0;0.0;0.0
1714.0;0.0;0.0;0.0
1715.0;0.0;0.0;0.0
1716.0;0.0;0.0;0.0
1717.0;0.0;0.0;0.0
1718.0;0.0;0.0;0.0
1719.0;0.0;0.0;0.0
1720.0;0.0;0.0;0.0
1721.0;0.0;0.0;0.0
1722.0;0.0;0.0;0.0
1723.0;0.0;0.0;0.0
1724.0;0.0;0.0;0.0
1725.0;0.0;0.0;0.0
1726.0;0.0;0.0;0.0
1727.0;0.0;0.0;0.0
1728.0;0.0;0.0;0.0
1729.0;0.0;0.0;0.0
1730.0;0.0;0.0;0.0
1731.0;0.0;0.0;0.0
1732.0;0.0;0.0;0.0
1733.0;0.0;0.0;0.0
1734.0;0.0;0.0;0.0
1735.0;0.0;0.0;0.0
1736.0;0.0;0.0;0.0
1737.0;0.0;0.0;0.0
1738.0;0.0;0.0;0.0
1739.0;0.0;0.0;0.0
1740.0;0.0;0.0;0.0
1741.0;0.0;0.0;0.0
1742.0;0.0;0.0;0.0
1743.0;0.0;0.0;0.0
1744.0;0.0;0.0;0.0
1745.0;0.0;0.0;0.0
1746.0;0.0;0.0;0.0
1747.0;0.0;0.0;0.0
1748.0;0.0;0.0;0.0
1749.0;0.0;0.0;0.0
1750.0;0.0;0.0;0.0
1751.0;0.0;0.0;0.0
1752.0;0.0;0.0;0.0
1753.0;0.0;0.0;0.0
1754.0;0.0;0.0;0.0
1755.0;0.0;0.0;0.0
1756.0;0.0;0.0;0.0
1757.0;0.0;0.0;0.0
1758.0;0.0;0.0;0.0
1759.0;0.0;0.0;0.0
1760.0;0.0;0.0;0.0
1761.0;0.0;0.0;0.0
1762.0;0.0;0.0;0.0
1763.0;0.0;0.0;0.0
1764.0;0.0;0.0;0.0
1765.0;0.0;0.0;0.0
1766.0;0.0;0.0;0.0
1767.0;0.0;0.0;0.0
1768.0;0.0;0.0;0.0
1769.0;0.0;0.0;0.0
1770.0;0.0;0.0;0.0
1771.0;0.0;0.0;0.0
1772.0;0.0;0.0;0.0
1773.0;0.0;0.0;0.0
1774.0;0.0;0.0;0.0
1775.0;0.0;0.0;0.0
1776.0;0.0;0.0;0.0
1777.0;0.0;0.0;0.0
1778.0;0.0;0.0;0.0
1779.0;0.0;0.0;0.0
1780.0;0.0;0.0;0.0
1781.0;0.0;0.0;0.0
1782.0;0.0;0.0;0.0
1783.0;0.0;0.0;0.0
1784.0;0.0;0.0;0.0
1785.0;0.0;0.0;0.0
1786.0;0.0;0.0;0.0
1787.0;0.0;0.0;0.0
1788.0;0.0;0.0;0.0
1789.0;0.0;0.0;0.0
1790.0;0.0;0.0;0.0
1791.0;0.0;0.0;0.0
1792.0;0.0;0.0;0.0
1793.0;0.0;0.0;0.0
1794.0;0.0;0.0;0.0
1795.0;0.0;0.0;0.0
1796.0;0.0;0.0;0.0
1797.0;0.0;0.0;0.0
1798.0;0.0;0.0;0.0
1799.0;0.0;0.0;0.0
1800.0;0.0;0.0;0.0
1801.0;0.0;0.0;0.0
1802.0;0.0;0.0;0.0
1803.0;0.0;0.0;0.0
1804.0;0.0;0.0;0.0
1805.0;0.0;0.0;0.0
1806.0;0.0;0.0;0.0
1807.0;0.0;0.0;0.0
1808.0;0.0;0.0;0.0
1809.0;0.0;0.0;0.0
1810.0;0.0;0.0;0.0
1811.0;0.0;0.0;0.0
1812.0;0.0;0.0;0.0
1813.0;0.0;0.0;0.0
1814.0;0.0;0.0;0.0
1815.0;0.0;0.0;0.0
1816.0;0.0;0.0;0.0
1817.0;0.0;0.0;0.0
1818.0;0.0;0.0;0.0
1819.0;0.0;0.0;0.0
1820.0;0.0;0.0;0.0
1821.0;0.0;0.0;0.0
1822.0;0.0;0.0;0.0
1823.0;0.0;0.0;0.0
1824.0;0.0;0.0;0.0
1825.0;0.0;0.0;0.0
1826.0;0.0;0.0;0.0
1827.0;0.0;0.0;0.0
1828.0;0.0;0.0;0.0
1829.0;0.0;0.0;0.0
1830.0;0.0;0.0;0.0
1831.0;0.0;0.0;0.0
1832.0;0.0;0.0;0.0
1833.0;0.0;0.0;0.0
1834.0;0.0;0.0;0.0
1835.0;0.0;0.0;0.0
1836.0;0.0;0.0;0.0
1837.0;0.0;0.0;0.0
1838.0;0.0;0.0;0.0
1839.0;0.0;0.0;0.0
1840.0;0.0;0.0;0.0
1841.0;0.0;0.0;0.0
1842.0;0.0;0.0;0.0
1843.0;0.0;0.0;0.0
1844.0;0.0;0.0;0.0
1845.0;0.0;0.0;0.0
1846.0;0.0;0.0;0.0
1847.0;0.0;0.0;0.0
1848.0;0.0;0.0;0.0
1849.0;0.0;0.0;0.0
1850.0;0.0;0.0;0.0
1851.0;0.0;0.0;0.0
1852.0;0.0;0.0;0.0
1853.0;0.0;0.0;0.0
1854.0;0.0;0.0;0.0
1855.0;0.0;0.0;0.0
1856.0;0.0;0.0;0.0
1857.0;0.0;0.0;0.0
1858.0;0.0;0.0;0.0
1859.0;0.0;0.0;0.0
1860.0;0.0;0.0;0.0
1861.0;0.0;0.0;0.0
1862.0;0.0;0.0;0.0
1863.0;0.0;0.0;0.0
1864.0;0.0;0.0;0.0
1865.0;0.0;0.0;0.0
1866.0;0.0;0.0;0.0
1867.0;0.0;0.0;0.0
1868.0;0.0;0.0;0.0
1869.0;0.0;0.0;0.0
1870.0;0.0;0.0;0.0
1871.0;0.0;0.0;0.0
1872.0;0.0;0.0;0.0
1873.0;0.0;0.0;0.0
1874.0;0.0;0.0;0.0
1875.0;0.0;0.0;0.0
1876.0;0.0;0.0;0.0
1877.0;0.0;0.0;0.0
1878.0;0.0;0.0;0.0
1879.0;0.0;0.0;0.0
1880.0;0.0;0.0;0.0
1881.0;0.0;0.0;0.0
1882.0;0.0;0.0;0.0
1883.0;0.0;0.0;0.0
1884.0;0.0;0.0;0.0
1885.0;0.0;0.0;0.0
1886.0;0.0;0.0;0.0
1887.0;0.0;0.0;0.0
1888.0;0.0;0.0;0.0
1889.0;0.0;0.0;0.0
1890.0;0.0;0.0;0.0
1891.0;0.0;0.0;0.0
1892.0;0.0;0.0;0.0
1893.0;0.0;0.0;0.0
1894.0;0.0;0.0;0.0
1895.0;0.0;0.0;0.0
1896.0;0.0;0.0;0.0
1897.0;0.0;0.0;0.0
1898.0;0.0;0.0;0.0
1899.0;0.0;0.0;0.0
1900.0;0.0;0.0;0.0
1901.0;0.0;0.0;0.0
1902.0;0.0;0.0;0.0
1903.0;0.0;0.0;0.0
1904.0;0.0;0.0;0.0
1905.0;0.0;0.0;0.0
1906.0;0.0;0.0;0.0
1907.0;0.0;0.0;0.0
1908.0;0.0;0.0;0.0
1909.0;0.0;0.0;0.0
1910.0;0.0;0.0;0.0
1911.0;0.0;0.0;0.0
1912.0;0.0;0.0;0.0
1913.0;0.0;0.0;0.0
1914.0;0.0;0.0;0.0
1915.0;0.0;0.0;0.0
1916.0;0.0;0.0;0.0
1917.0;0.0;0.0;0.0
1918.0;0.0;0.0;0.0
1919.0;0.0;0.0;0.0
1920.0;0.0;0.0;0.0
1921.0;0.0;0.0;0.0
1922.0;0.0;0.0;0.0
1923.0;0.0;0.0;0.0
1924.0;0.0;0.0;0.0
1925.0;0.0;0.0;0.0
1926.0;0.0;0.0;0.0
1927.0;0.0;0.0;0.0
1928.0;0.0;0.0;0.0
1929.0;0.0;0.0;0.0
1930.0;0.0;0.0;0.0
1931.0;0.0;0.0;0.0
1932.0;0.0;0.0;0.0
1933.0;0.0;0.0;0.0
1934.0;0.0;0.0;0.0
1935.0;0.0;0.0;0.0
1936.0;0.0;0.0;0.0
1937.0;0.0;0.0;0.0
1938.0;0.0;0.0;0.0
1939.0;0.0;0.0;0.0
1940.0;0.0;0.0;0.0
1941.0;0.0;0.0;0.0
1942.0;0.0;0.0;0.0
1943.0;0.0;0.0;0.0
1944.0;0.0;0.0;0.0
1945.0;0.0;0.0;0.0
1946.0;0.0;0.0;0.0
1947.0;0.0;0.0;0.0
1948.0;0.0;0.0;0.0
1949.0;0.0;0.0;0.0
1950.0;0.0;0.0;0.0
1951.0;0.0;0.0;0.0
1952.0;0.0;0.0;0.0
1953.0;0.0;0.0;0.0
1954.0;0.0;0.0;0.0
1955.0;0.0;0.0;0.0
1956.0;0.0;0.0;0.0
1957.0;0.0;0.0;0.0
1958.0;0.0;0.0;0.0
1959.0;0.0;0.0;0.0
1960.0;0.0;0.0;0.0
1961.0;0.0;0.0;0.0
1962.0;0.0;0.0;0.0
1963.0;0.0;0.0;0.0
1964.0;0.0;0.0;0.0
1965.0;0.0;0.0;0.0
1966.0;0.0;0.0;0.0
1967.0;0.0;0.0;0.0
1968.0;0.0;0.0;0.0
1969.0;0.0;0.0;0.0
1970.0;0.0;0.0;0.0
1971.0;0.0;0.0;0.0
1972.0;0.0;0.0;0.0
1973.0;0.0;0.0;0.0
1974.0;0.0;0.0;0.0
1975.0;0.0;0.0;0.0
1976.0;0.0;0.0;0.0
1977.0;0.0;0.0;0.0
1978.0;0.0;0.0;0.0
1979.0;0.0;0.0;0.0
1980.0;0.0;0.0;0.0
1981.0;0.0;0.0;0.0
1982.0;0.0;0.0;0.0
1983.0;0.0;0.0;0.0
1984.0;0.0;0.0;0.0
1985.0;0.0;0.0;0.0
1986.0;0.0;0.0;0.0
1987.0;0.0;0.0;0.0
1988.0;0.0;0.0;0.0
1989.0;0.0;0.0;0.0
1990.0;0.0;0.0;0.0
1991.0;0.0;0.0;0.0
1992.0;0.0;0.0;0.0
1993.0;0.0;0.0;0.0
1994.0;0.0;0.0;0.0
1995.0;0.0;0.0;0.0
1996.0;0.0;0.0;0.0
1997.0;0.0;0.0;0.0
1998.0;0.0;0.0;0.0
1999.0;0.0;0.0;0.0
2000.0;0.0;0.0;0.0
2001.0;0.0;0.0;0.0
2002.0;0.0;0.0;0.0
2003.0;0.0;0.0;0.0
2004.0;0.0;0.0;0.0
2005.0;0.0;0.0;0.0
2006.0;0.0;0.0;0.0
2007.0;0.0;0.0;0.0
2008.0;0.0;0.0;0.0
2009.0;0.0;0.0;0.0
2010.0;0.0;0.0;0.0
2011.0;0.0;0.0;0.0
2012.0;0.0;0.0;0.0
2013.0;0.0;0.0;0.0
2014.0;0.0;0.0;0.0
2015.0;0.0;0.0;0.0
2016.0;0.0;0.0;0.0
2017.0;0.0;0.0;0.0
2018.0;0.0;0.0;0.0
2019.0;0.0;0.0;0.0
2020.0;0.0;0.0;0.0
2021.0;0.0;0.0;0.0
2022.0;0.0;0.0;0.0
2023.0;0.0;0.0;0.0
2024.0;0.0;0.0;0.0
2025.0;0.0;0.0;0.0
2026.0;0.0;0.0;0.0
2027.0;0.0;0.0;0.0
2028.0;0.0;0.0;0.0
2029.0;0.0;0.0;0.0
2030.0;0.0;0.0;0.0
2031.0;0.0;0.0;0.0
2032.0;0.0;0.0;0.0
2033.0;0.0;0.0;0.0
2034.0;0.0;0.0;0.0
2035.0;0.0;0.0;0.0
2036.0;0.0;0.0;0.0
2037.0;0.0;0.0;0.0
2038.0;0.0;0.0;0.0
2039.0;0.0;0.0;0.0
2040.0;0.0;0.0;0.0
2041.0;0.0;0.0;0.0
2042.0;0.0;0.0;0.0
2043.0;0.0;0.0;0.0
2044.0;0.0;0.0;0.0
2045.0;0.0;0.0;0.0
2046.0;0.0;0.0;0.0
2047.0;0.0;0.0;0.0
2048.0;0.0;0.0;0.0
2049.0;0.0;0.0;0.0
2050.0;0.0;0.0;0.0
2051.0;0.0;0.0;0.0
2052.0;0.0;0.0;0.0
2053.0;0.0;0.0;0.0
2054.0;0.0;0.0;0.0
2055.0;0.0;0.0;0.0
2056.0;0.0;0.0;0.0
2057.0;0.0;0.0;0.0
2058.0;0.0;0.0;0.0
2059.0;0.0;0.0;0.0
2060.0;0.0;0.0;0.0
2061.0;0.0;0.0;0.0
2062.0;0.0;0.0;0.0
2063.0;0.0;0.0;0.0
2064.0;0.0;0.0;0.0
2065.0;0.0;0.0;0.0
2066.0;0.0;0.0;0.0
2067.0;0.0;0.0;0.0
2068.0;0.0;0.0;0.0
2069.0;0.0;0.0;0.0
2070.0;0.0;0.0;0.0
2071.0;0.0;0.0;0.0
2072.0;0.0;0.0;0.0
2073.0;0.0;0.0;0.0
2074.0;0.0;0.0;0.0
2075.0;0.0;0.0;0.0
2076.0;0.0;0.0;0.0
2077.0;0.0;0.0;0.0
2078.0;0.0;0.0;0.0
2079.0;0.0;0.0;0.0
2080.0;0.0;0.0;0.0
2081.0;0.0;0.0;0.0
2082.0;0.0;0.0;0.0
2083.0;0.0;0.0;0.0
2084.0;0.0;0.0;0.0
2085.0;0.0;0.0;0.0
2086.0;0.0;0.0;0.0
2087.0;0.0;0.0;0.0
2088.0;0.0;0.0;0.0
2089.0;0.0;0.0;0.0
2090.0;0.0;0.0;0.0
2091.0;0.0;0.0;0.0
2092.0;0.0;0.0;0.0
2093.0;0.0;0.0;0.0
2094.0;0.0;0.0;0.0
2095.0;0.0;0.0;0.0
2096.0;0.0;0.0;0.0
2097.0;0.0;0.0;0.0
2098.0;0.0;0.0;0.0
2099.0;0.0;0.0;0.0
2100.0;0.0;0.0;0.0
2101.0;0.0;0.0;0.0
2102.0;0.0;0.0;0.0
2103.0;0.0;0.0;0.0
2104.0;0.0;0.0;0.0
2105.0;0.0;0.0;0.0
2106.0;0.0;0.0;0.0
2107.0;0.0;0.0;0.0
2108.0;0.0;0.0;0.0
2109.0;0.0;0.0;0.0
2110.0;0.0;0.0;0.0
2111.0;0.0;0.0;0.0
2112.0;0.0;0.0;0.0
2113.0;0.0;0.0;0.0
2114.0;0.0;0.0;0.0
2115.0;0.0;0.0;0.0
2116.0;0.0;0.0;0.0
2117.0;0.0;0.0;0.0
2118.0;0.0;0.0;0.0
2119.0;0.0;0.0;0.0
2120.0;0.0;0.0;0.0
2121.0;0.0;0.0;0.0
2122.0;0.0;0.0;0.0
2123.0;0.0;0.0;0.0
2124.0;0.0;0.0;0.0
2125.0;0.0;0.0;0.0
2126.0;0.0;0.0;0.0
2127.0;0.0;0.0;0.0
2128.0;0.0;0.0;0.0
2129.0;0.0;0.0;0.0
2130.0;0.0;0.0;0.0
2131.0;0.0;0.0;0.0
2132.0;0.0;0.0;0.0
2133.0;0.0;0.0;0.0
2134.0;0.0;0.0;0.0
2135.0;0.0;0.0;0.0
2136.0;0.0;0.0;0.0
2137.0;0.0;0.0;0.0
2138.0;0.0;0.0;0.0
2139.0;0.0;0.0;0.0
2140.0;0.0;0.0;0.0
2141.0;0.0;0.0;0.0
2142.0;0.0;0.0;0.0
2143.0;0.0;0.0;0.0
2144.0;0.0;0.0;0.0
2145.0;0.0;0.0;0.0
2146.0;0.0;0.0;0.0
2147.0;0.0;0.0;0.0
2148.0;0.0;0.0;0.0
2149.0;0.0;0.0;0.0
2150.0;0.0;0.0;0.0
2151.0;0.0;0.0;0.0
2152.0;0.0;0.0;0.0
2153.0;0.0;0.0;0.0
2154.0;0.0;0.0;0.0
2155.0;0.0;0.0;0.0
2156.0;0.0;0.0;0.0
2157.0;0.0;0.0;0.0
2158.0;0.0;0.0;0.0
2159.0;0.0;0.0;0.0
2160.0;0.0;0.0;0.0
2161.0;0.0;0.0;0.0
2162.0;0.0;0.0;0.0
2163.0;0.0;0.0;0.0
2164.0;0.0;0.0;0.0
2165.0;0.0;0.0;0.0
2166.0;0.0;0.0;0.0
2167.0;0.0;0.0;0.0
2168.0;0.0;0.0;0.0
2169.0;0.0;0.0;0.0
2170.0;0.0;0.0;0.0
2171.0;0.0;0.0;0.0
2172.0;0.0;0.0;0.0
2173.0;0.0;0.0;0.0
2174.0;0.0;0.0;0.0
2175.0;0.0;0.0;0.0
2176.0;0.0;0.0;0.0
2177.0;0.0;0.0;0.0
2178.0;0.0;0.0;0.0
2179.0;0.0;0.0;0.0
2180.0;0.0;0.0;0.0
2181.0;0.0;0.0;0.0
2182.0;0.0;0.0;0.0
2183.0;0.0;0.0;0.0
2184.0;0.0;0.0;0.0
2185.0;0.0;0.0;0.0
2186.0;0.0;0.0;0.0
2187.0;0.0;0.0;0.0
2188.0;0.0;0.0;0.0
2189.0;0.0;0.0;0.0
