0.0;0.5040241448692153;0.0;0.0
1.0;0.5033976988753945;7.211845216414219E-4;3.225235229421775E-5
2.0;0.5026851111729642;0.0011151790768204656;4.987232445712042E-5
3.0;0.5020090149385584;0.0013363601604655267;5.976384322446889E-5
4.0;0.5013553756852168;0.001503207547768179;6.722548522200821E-5
5.0;0.5007101129929507;0.0016696507759358555;7.466905267355685E-5
6.0;0.5000591633970404;0.0018559779582189725;8.300185758637774E-5
7.0;0.49939832617469665;0.0019798444654157313;8.854133619092612E-5
8.0;0.4987190490318458;0.002120088275981209;9.481323006788635E-5
9.0;0.4980613838346982;0.002318574001517228;1.0368978156512444E-4
10.0;0.49738211000036836;0.002501010256865374;1.1184857893550373E-4
11.0;0.49669789443778617;0.002713366008219579;1.2134541684432464E-4
12.0;0.4960344692403107;0.0028659311167517814;1.2816833591777738E-4
13.0;0.49535729533748885;0.003073100497370709;1.3743323227618636E-4
14.0;0.49471782093626776;0.00314765047352808;1.4076720856436378E-4
15.0;0.49405829060632067;0.0032512266791712165;1.453992772977548E-4
16.0;0.49339746378720956;0.0033862736921242967;1.5143876332018242E-4
17.0;0.49273336964544134;0.003472586983115592;1.5529881104054755E-4
18.0;0.49207444915887577;0.0035339218411838103;1.580417892811643E-4
19.0;0.4914213781543902;0.003656712443534275;1.6353315195824E-4
20.0;0.49076846554805775;0.0037758464481572706;1.6886098661361584E-4
21.0;0.4900985548802669;0.003853087403329798;1.7231530714187157E-4
22.0;0.4893815309188229;0.003933392614658943;1.7590666537146063E-4
23.0;0.4886003045610636;0.0040133080223443435;1.7948059105214392E-4
24.0;0.48792780968966;0.004181825740052899;1.8701693249633294E-4
25.0;0.48718942192021075;0.004284382443706467;1.9160340771468652E-4
26.0;0.4864807482702008;0.0043656638126932075;1.9523842104185842E-4
27.0;0.48588119971755106;0.004425766098629443;1.9792627698098948E-4
28.0;0.48516046937152446;0.004510312026896364;2.017072858375026E-4
29.0;0.4844806095687257;0.004674069571620171;2.0903074587412047E-4
30.0;0.4838196318866556;0.004842232585068317;2.1655122446154578E-4
31.0;0.48312697140288174;0.0049047180139265446;2.1934565779215028E-4
32.0;0.4824593140547705;0.0049773138212952026;2.2259224099530626E-4
33.0;0.4817843004148692;0.005104810221941667;2.282940533699471E-4
34.0;0.48107567022695646;0.005255933092713551;2.350524736099641E-4
35.0;0.4804055122582615;0.0052970530872586226;2.368914156707081E-4
36.0;0.4797121501918985;0.005376757454274592;2.4045590332573408E-4
37.0;0.47906973475418885;0.0054452804376892115;2.435203443044577E-4
38.0;0.47837105112339257;0.005566936752051826;2.4896098008059546E-4
39.0;0.47753397849088053;0.005706035017777983;2.551816436349158E-4
40.0;0.4768068117902967;0.00586250022545556;2.621789804445295E-4
41.0;0.47614431606176116;0.005981433638262815;2.6749784436119083E-4
42.0;0.4754529404498649;0.00602027540129738;2.6923490081141535E-4
43.0;0.47476042015058345;0.006154117315915172;2.7522049319789746E-4
44.0;0.47405990668769094;0.006228231759439462;2.785349918745951E-4
45.0;0.4733559225783665;0.006311289794535064;2.822494601256217E-4
46.0;0.4727057329459866;0.006358976391929431;2.843820695934111E-4
47.0;0.4719624021427558;0.006352330764551766;2.840848681020192E-4
48.0;0.471234254284275;0.006494393875315107;2.9043812355725743E-4
49.0;0.4705200612526805;0.006583014916635138;2.944013770098256E-4
50.0;0.46981806701498996;0.006695412153938984;2.9942793427171707E-4
51.0;0.4691659369920309;0.006793508833734828;3.0381495115952784E-4
52.0;0.46845552828291576;0.006852050533672863;3.0643301557112463E-4
53.0;0.4677578738944296;0.006906954976903004;3.088884169177121E-4
54.0;0.4670678833660417;0.006977314718085972;3.120350002010003E-4
55.0;0.4664096315893319;0.0071052712293778715;3.177573893492484E-4
56.0;0.4657159688208579;0.007216939002518328;3.2275132398201014E-4
57.0;0.4650739408163402;0.007295977711409664;3.26286042500707E-4
58.0;0.46435883189093563;0.007379580994533612;3.300248949848532E-4
59.0;0.46371656028773106;0.007482084900051707;3.346090089988067E-4
60.0;0.46303965198163693;0.007581482873090924;3.3905422148963434E-4
61.0;0.4623346967634934;0.007683497308471261;3.436164457335682E-4
62.0;0.4616131870532192;0.007794088264059777;3.4856222362141984E-4
63.0;0.4609354869727032;0.007890231331758143;3.5286187232019806E-4
64.0;0.46021136603984175;0.007975663505557493;3.566825152818165E-4
65.0;0.4595263023703621;0.008085247565642988;3.6158326343384826E-4
66.0;0.4588141601019162;0.008183076403700244;3.6595830207496513E-4
67.0;0.45812720458778095;0.008260851627450912;3.694365158204001E-4
68.0;0.45738596019153943;0.008355739868555504;3.736800469679053E-4
69.0;0.4566574768808278;0.008478233735717225;3.79158139243914E-4
70.0;0.45597088483241854;0.008611377162076168;3.851124942858307E-4
71.0;0.4553021256942575;0.008750120928937054;3.913173041689372E-4
72.0;0.4546087648365162;0.008848623443296646;3.957224705301911E-4
73.0;0.4539436102271472;0.008923343678666651;3.990640610418334E-4
74.0;0.453252024019401;0.009018130404867156;4.0330305230481324E-4
75.0;0.45254435717777547;0.009079650510028691;4.0605431504729575E-4
76.0;0.4518372796368218;0.009222945402014912;4.1246265743348937E-4
77.0;0.45110032845056247;0.009355171395088456;4.1837598361158657E-4
78.0;0.4503510563787408;0.009508634750164014;4.252390734916693E-4
79.0;0.449671703928672;0.009665576349862265;4.3225771520012625E-4
80.0;0.448988386967759;0.009755779025326757;4.362917014819454E-4
81.0;0.4482748212832154;0.009923551827265766;4.4379472928017E-4
82.0;0.4475487584373046;0.010019487304221643;4.480850942387142E-4
83.0;0.446907355841305;0.010136062728319817;4.532985056945019E-4
84.0;0.44617291114063473;0.010281831218470485;4.5981747075358987E-4
85.0;0.4454607566972109;0.010390267915665993;4.646669072772842E-4
86.0;0.4447547024806348;0.010462438514380243;4.678944745713226E-4
87.0;0.4439812866985444;0.010576836070946508;4.730104888301636E-4
88.0;0.4432386150125016;0.010729110843216937;4.7982042367126316E-4
89.0;0.44251256860168464;0.010797714618794776;4.8288847778536694E-4
90.0;0.44182723151340386;0.010961296941333073;4.902041016476255E-4
91.0;0.4411086651884202;0.011052456838733946;4.942808961958306E-4
92.0;0.4403511031409354;0.011191466060350827;5.004975775765243E-4
93.0;0.43961575368597083;0.01125519412690239;5.033475833542027E-4
94.0;0.4388584276289478;0.011349133342608902;5.075486727956583E-4
95.0;0.43811097777007635;0.011488297012517924;5.137722613139566E-4
96.0;0.4373869105145765;0.011571994661346932;5.17515333960728E-4
97.0;0.43666913906819427;0.011676886123738418;5.222062227640624E-4
98.0;0.435873201450155;0.011739722350145098;5.250163442379605E-4
99.0;0.4351433102695241;0.011878796014226296;5.312359075732711E-4
100.0;0.43441133259644155;0.011916987096646046;5.329438647017682E-4
101.0;0.43362486391671695;0.012052287778921408;5.389946951611645E-4
102.0;0.4328882642560349;0.012156032405866216;5.436342959241435E-4
103.0;0.432079885936861;0.012292631558663333;5.497431957506081E-4
104.0;0.43125535862256187;0.012414057361560007;5.551735227405972E-4
105.0;0.43046223480774115;0.012539639387362984;5.60789721669549E-4
106.0;0.429672264464277;0.012700615358782525;5.679887859663121E-4
107.0;0.4288952790499971;0.012856187117491912;5.749461665233797E-4
108.0;0.4281396677864856;0.0129699678265859;5.800345945246255E-4
109.0;0.42736619189712294;0.013122112194727817;5.868386975158071E-4
110.0;0.42659013208893726;0.013298168730605556;5.947121851579222E-4
111.0;0.4256974070547464;0.01341293746238297;5.99844798876837E-4
112.0;0.42494802841489865;0.013519581440978624;6.046140625874552E-4
113.0;0.42417334041931537;0.013696905186588842;6.125442215716418E-4
114.0;0.423414815206528;0.013839048177035383;6.189010493549131E-4
115.0;0.42260318607393693;0.013997639254218253;6.259934579390295E-4
116.0;0.42178094212127853;0.014196070778353317;6.348675854759273E-4
117.0;0.421051904844988;0.01433683163975672;6.41162602569316E-4
118.0;0.42030836001683647;0.014482723589053162;6.47687088889252E-4
119.0;0.4194436413801411;0.014628326057893654;6.541986292496346E-4
120.0;0.4186156464309843;0.01473139359132613;6.588079494701996E-4
121.0;0.41776913301299795;0.014822783039837938;6.62895009856172E-4
122.0;0.41692702472287296;0.014918846626520573;6.671911040558683E-4
123.0;0.41614445827285285;0.015074708021940648;6.741614375604136E-4
124.0;0.41526047732244875;0.015229971883616326;6.811050485435324E-4
125.0;0.41443955982336933;0.015365919766451108;6.871848226918473E-4
126.0;0.4135794919886561;0.015556594635191549;6.957120620539369E-4
127.0;0.412669325164852;0.01573262950283035;7.035845806629477E-4
128.0;0.4118449996236881;0.01592909949388261;7.123709857735802E-4
129.0;0.41098162013528916;0.016044593945985904;7.175360546921213E-4
130.0;0.4101482387525899;0.01615927763853405;7.226648653410882E-4
131.0;0.4093413589050008;0.01629422689879707;7.286999797303167E-4
132.0;0.4084913435026356;0.016399578392110065;7.334114417418961E-4
133.0;0.40761548805279335;0.0164376827270564;7.351155194054446E-4
134.0;0.40680359244302783;0.016575106867788562;7.412613138139769E-4
135.0;0.4059499510692093;0.016726700841003923;7.480408023957534E-4
136.0;0.4050628602706007;0.016900318636609606;7.558052262573129E-4
137.0;0.40420395613857535;0.017043281087683177;7.621987014339227E-4
138.0;0.4033275913094339;0.017246150093715953;7.712712791942647E-4
139.0;0.4024299238697181;0.017414840077935794;7.788153246310434E-4
140.0;0.4015935325092671;0.017539631479297803;7.843961657601016E-4
141.0;0.4007069039417963;0.017691026090766265;7.911667386135146E-4
142.0;0.39981498421559375;0.01786409167821959;7.98906466975746E-4
143.0;0.3989171524702092;0.01793085982843396;8.018924294279711E-4
144.0;0.3979709443136769;0.018110873211121075;8.099428726389325E-4
145.0;0.3970604410147052;0.01827582662151438;8.173198134141294E-4
146.0;0.39617209543273646;0.018515151809746958;8.28022761206449E-4
147.0;0.3952367387242604;0.01861159298957581;8.323357418850008E-4
148.0;0.3943340616810617;0.018713266444638676;8.368827170255577E-4
149.0;0.3934558055583474;0.018883032996020923;8.44474908009486E-4
150.0;0.39253746535796646;0.019066210494040378;8.526668547598826E-4
151.0;0.39158895446582304;0.019181685990473447;8.578310759550802E-4
152.0;0.39066371348805057;0.019372852061745705;8.66380282562207E-4
153.0;0.3896981088485757;0.019582258629979254;8.757452289923103E-4
154.0;0.3888042149852447;0.019772539929477136;8.842548674027954E-4
155.0;0.387875673770844;0.019979633117019294;8.935163563032229E-4
156.0;0.3869600772588301;0.020107281436618076;8.992249626999529E-4
157.0;0.38604791018922185;0.020248119630063385;9.055234381873924E-4
158.0;0.38511649578228485;0.02041311256507347;9.129021465571876E-4
159.0;0.38419996199519646;0.020584000659393965;9.20544494466108E-4
160.0;0.38320004617817355;0.02071928609726136;9.265946431748543E-4
161.0;0.3822233061165292;0.020870583137404947;9.333608525059658E-4
162.0;0.38124065356451914;0.021086203854503608;9.43003704121763E-4
163.0;0.38021748313853404;0.02126821319431152;9.5114340924877E-4
164.0;0.37923620069979985;0.021464213789225393;9.599088223259264E-4
165.0;0.3783039287073573;0.021605162958182555;9.662122607891327E-4
166.0;0.3773162504758314;0.021718230187581376;9.712687810083993E-4
167.0;0.37639741204942134;0.021813458468235028;9.755275191868392E-4
168.0;0.3754365414316855;0.02196897844895539;9.824825841618428E-4
169.0;0.37437204530246143;0.022177743601642763;9.918188456166847E-4
170.0;0.37344157315095267;0.022316638337179066;9.980304070242051E-4
171.0;0.3724647198617792;0.022448567073388957;0.0010039304394712243
172.0;0.3714049821135908;0.02261911475896116;0.0010115575638381185
173.0;0.3703810016109576;0.022770199157519145;0.001018314263548425
174.0;0.36938505707048164;0.02291689704124096;0.0010248747923515718
175.0;0.368369096001142;0.023023650415756717;0.0010296489483964662
176.0;0.3673503272748529;0.02316073757102369;0.0010357796723568468
177.0;0.36630042921867945;0.023393873502804037;0.0010462058281860188
178.0;0.3652828953332529;0.0235400851905468;0.0010527446136439746
179.0;0.36429987000040737;0.02371088113565541;0.0010603828405148581
180.0;0.3632714565662052;0.023849224816801406;0.0010665697580208582
181.0;0.36223313612913655;0.02403781807500349;0.0010750039049296188
182.0;0.3612208826687374;0.02415714900736266;0.0010803405464610894
183.0;0.3602081175326271;0.024258535563361477;0.0010848746910854484
184.0;0.35914946254757574;0.024400523657926745;0.0010912245917143206
185.0;0.35813428283769666;0.02459052681133649;0.0010997217910535906
186.0;0.35712526626961116;0.024743844594604995;0.00110657837076455
187.0;0.35616608220853;0.024867137200104736;0.0011120921837049595
188.0;0.3551925706005023;0.02504589976699744;0.0011200866887330484
189.0;0.35410443620884235;0.025186574292728737;0.0011263778447778029
190.0;0.35307696689736673;0.025334867848363526;0.0011330097341982935
191.0;0.35201852903151926;0.025491842942039933;0.0011400298738029903
192.0;0.3509746577594354;0.02559882954146249;0.0011448144599827978
193.0;0.34992113705069733;0.025731440818799436;0.0011507450165969676
194.0;0.34890778922770377;0.025866159552879388;0.0011567698215418775
195.0;0.34783702627905144;0.02597134003411846;0.0011614736356610116
196.0;0.3467882117286442;0.026152357328413995;0.0011695689751639697
197.0;0.3457668337880908;0.02636885439969458;0.0011792510185302297
198.0;0.3446907884131397;0.02651517925714483;0.0011857948650913642
199.0;0.34367601968384126;0.02673506938209355;0.0011956286504306896
200.0;0.3426731393239134;0.026831408439151702;0.0011999370640400947
201.0;0.3417016932561565;0.02697549296494547;0.0012063807199237085
202.0;0.34063636423011484;0.027047515699828394;0.0012096016745461818
203.0;0.33958892283177544;0.027125936580825447;0.0012131087629614784
204.0;0.3385150326194698;0.02729478132389607;0.0012206597294244664
205.0;0.337468422876019;0.027502550319746792;0.001229951441391248
206.0;0.3363617191994423;0.027630414117597216;0.0012356696842683447
207.0;0.335285695663555;0.027839200718123597;0.0012450069048997065
208.0;0.3342309590257701;0.02795631076394262;0.0012502442253656955
209.0;0.33315880764898287;0.02816271711256077;0.0012594749978956496
210.0;0.3320745484323491;0.02826827694085755;0.0012641957769309457
211.0;0.3309433479551693;0.02837581375158983;0.0012690049693085638
212.0;0.3299000098565467;0.02846939474753591;0.0012731900386753151
213.0;0.3288126932602268;0.028581958690535585;0.0012782240512425687
214.0;0.32770308313676894;0.028766535437972387;0.0012864785743292588
215.0;0.3266101665304551;0.028841717475346203;0.0012898408172543545
216.0;0.3255036451687388;0.02898515902853995;0.0012962557185291418
217.0;0.32444892470212144;0.02912803702556202;0.001302645416805749
218.0;0.32332695406747464;0.029224796425549326;0.0013069726287224233
219.0;0.32230169000504677;0.029300310554388087;0.0013103497232293262
220.0;0.32118307096437104;0.029413620908870383;0.0013154171163328664
221.0;0.32008476224502097;0.029579122393020168;0.0013228185677115869
222.0;0.31901085022178377;0.02966281167879344;0.0013265612663511356
223.0;0.3179744252473596;0.029771125721360984;0.0013314052175931123
224.0;0.3168462022854361;0.029833899451263225;0.0013342125441383648
225.0;0.3157631929541268;0.029916106499348446;0.0013378889550933277
226.0;0.3147132372045151;0.03005610223720203;0.001344149754821345
227.0;0.31361890058284486;0.03013808222998734;0.0013478160115546027
228.0;0.3125280912447285;0.030194752775678436;0.0013503503954043487
229.0;0.3113548115645362;0.030260630048982995;0.0013532965166299753
230.0;0.31027728181056957;0.030362204771181987;0.0013578390763026274
231.0;0.3092144569707796;0.030379673278835798;0.0013586202917142153
232.0;0.3080740619954979;0.030384210320247206;0.001358823194374468
233.0;0.30703216718905985;0.030505326327791522;0.0013642396668951174
234.0;0.30594695266316313;0.030588246580364284;0.0013679479733244005
235.0;0.304866725712379;0.030639808661564006;0.0013702538996968792
236.0;0.3037590216190937;0.030748901330617123;0.0013751326721738724
237.0;0.3027258484812263;0.030860478241872897;0.0013801225433396197
238.0;0.30168968551297587;0.030921998196315022;0.0013828737993417256
239.0;0.3005465169523609;0.030999219001403015;0.0013863272187308057
240.0;0.29946897849498383;0.031061083777496303;0.0013890938956259537
241.0;0.2983831636084427;0.03104833353743255;0.0013885236875557138
242.0;0.29729741749329297;0.03106071841547857;0.0013890775561397927
243.0;0.2961934826668006;0.031128823385024987;0.0013921233029700196
244.0;0.2950996033116117;0.031198207602495528;0.0013952262595066146
245.0;0.2940156785515361;0.031287578905349715;0.0013992230656750084
246.0;0.2929207858073395;0.03136477923597074;0.0014026755694180896
247.0;0.29180173376077484;0.031452912323844395;0.001406617000929139
248.0;0.29073409603195455;0.03149685139119747;0.001408582015758527
249.0;0.2896389105511849;0.03153014908913384;0.0014100711340801267
250.0;0.2885844533590276;0.031581470912054044;0.0014123663157757024
251.0;0.2874837841542406;0.031578474632811354;0.001412232318094378
252.0;0.2863172019605393;0.03161435500531855;0.00141383693713406
253.0;0.28525812430180814;0.03165870862096119;0.0014158204911265569
254.0;0.2841512331194063;0.03172010071383978;0.001418566028985707
255.0;0.28289808026470165;0.03176581775042523;0.0014206105570164053
256.0;0.2818787178342322;0.031793229473449036;0.0014218364465376377
257.0;0.28082164517988445;0.031820134235343064;0.0014230396640679075
258.0;0.27970646060883614;0.03183321795174118;0.001423624785653198
259.0;0.27866059752808336;0.03189838159956942;0.001426538992577314
260.0;0.27756174696315145;0.03199200477018466;0.0014307259480526085
261.0;0.27648745805713576;0.03203328061309686;0.0014325718598642144
262.0;0.27538329319693705;0.032075633149477166;0.0014344659228715322
263.0;0.27438408403689707;0.032139928639011536;0.0014373413045764417
264.0;0.2733335093792182;0.03216304403195407;0.0014383750563753644
265.0;0.27222610477045023;0.03226213138437379;0.0014428063774897836
266.0;0.27118756001296607;0.03231641263568847;0.0014452339088466511
267.0;0.27018899066361923;0.03227017876925621;0.0014431662674825477
268.0;0.2691117229369445;0.03237211382619248;0.001447724941814544
269.0;0.26810485246418553;0.032384152923707214;0.0014482633466231577
270.0;0.26710869043609153;0.03234062339320329;0.0014463166468384491
271.0;0.2660994259561094;0.032356305389318184;0.0014470179670251651
272.0;0.26502702864597966;0.03237590666129285;0.0014478945625567815
273.0;0.26395854376484046;0.032355738422928305;0.0014469926115173906
274.0;0.262922818542523;0.032324474759382896;0.0014455944579791261
275.0;0.2619048658569289;0.03228456984916336;0.001443809856141388
276.0;0.26087219889598495;0.03228268381942713;0.001443725510327432
277.0;0.2598465825208363;0.03224179614778054;0.001441896958062563
278.0;0.2587843173546945;0.03218841842921741;0.0014395098339187425
279.0;0.2577573008716324;0.032213440556316295;0.0014406288574614376
280.0;0.25675931066108765;0.03222584314384318;0.0014411835180375774
281.0;0.25574258328539445;0.03235355695942369;0.0014468950535036556
282.0;0.2547453321333889;0.032296318489350016;0.001444335271303399
283.0;0.25374223983338356;0.03230515693617359;0.0014447305386616597
284.0;0.2526908065017874;0.03238017689933319;0.0014480855334075473
285.0;0.2516879251135994;0.032360536318913224;0.0014472071799488157
286.0;0.25072657029550194;0.03232807007731664;0.0014457552454851376
287.0;0.24972131012531298;0.03232003302585952;0.0014453958176172022
288.0;0.24870553034348325;0.032352141848590726;0.0014468317678232915
289.0;0.24770443921303248;0.03230732742641726;0.0014448276059362464
290.0;0.24673194717621758;0.0322902431626274;0.0014440635744326531
291.0;0.24575133042773417;0.03226188478374978;0.0014427953491746122
292.0;0.2447440170586453;0.03222823451216892;0.0014412904632802896
293.0;0.24380439680697946;0.03219403769826296;0.0014397611352701368
294.0;0.2428156722282712;0.032165001248170066;0.001438462585745477
295.0;0.24176669855401206;0.032129073151693235;0.0014368558324249897
296.0;0.2407637327732151;0.032146048705568225;0.0014376150022733934
297.0;0.23986262302443334;0.032185813424174786;0.0014393933345516019
298.0;0.23887554789041107;0.03218954382321638;0.0014395601630684059
299.0;0.23788372616085404;0.032145045888967376;0.0014375701549516242
300.0;0.23690165797026225;0.03211753274041212;0.001436339729542732
301.0;0.23595342798020358;0.032107251753156964;0.0014358799498151653
302.0;0.23500863215385534;0.03205416779174523;0.0014335059628905332
303.0;0.23412048400600985;0.03202475557164646;0.0014321906084203324
304.0;0.23315963211666407;0.03202627866202728;0.0014322587230928801
305.0;0.23219246941130595;0.032013321512378096;0.0014316792617446758
306.0;0.2313267773103559;0.03196877873963888;0.0014296872483896517
307.0;0.23040140237644216;0.03193879035702558;0.0014283461271484793
308.0;0.22944961021492372;0.031914391688487476;0.0014272549855202457
309.0;0.2285490862593987;0.03191413621281106;0.0014272435603006645
310.0;0.2276477810016007;0.03193533997508238;0.001428191821377013
311.0;0.22668290152199375;0.03196441397074034;0.0014294920499903874
312.0;0.22568827154614504;0.03197624378000606;0.0014300210951439676
313.0;0.22478836590140983;0.031975946284847054;0.0014300077907559972
314.0;0.22390237294770757;0.03202445834368682;0.001432177315981881
315.0;0.22287214299392855;0.03194732131198667;0.0014287276430525993
316.0;0.22195247047061392;0.03187858799999557;0.0014256537958939831
317.0;0.22103918527348076;0.03188998456285568;0.0014261634656792842
318.0;0.22012974000368338;0.03185897516603448;0.001424776683294615
319.0;0.21923180468875553;0.031842472516437584;0.0014240386623684644
320.0;0.21826488015847423;0.031821941981449754;0.00142312050893152
321.0;0.21730811958119728;0.03184882487539411;0.0014243227484973498
322.0;0.21640845010094312;0.03190940568329792;0.0014270320045894455
323.0;0.21545441755805916;0.03186393519021235;0.00142499850231925
324.0;0.2145935936352618;0.03181759795375697;0.0014229262381071758
325.0;0.21370101322228344;0.03182536996775648;0.0014232738131396755
326.0;0.21280441544752635;0.031826953101799935;0.0014233446130464487
327.0;0.21191850755852287;0.0318476679826065;0.0014242710106790344
328.0;0.2110493883542453;0.03188099910178756;0.0014257616236441342
329.0;0.21016949240314742;0.031882943797719714;0.0014258485930901317
330.0;0.209264572786603;0.031843499478961375;0.0014240845895287352
331.0;0.20834146439794538;0.03188512711292559;0.0014259462339144646
332.0;0.20742979185761803;0.031860461589803706;0.001424843158186442
333.0;0.2064940997962498;0.031901586394515735;0.001426682315364392
334.0;0.20561951819899804;0.031887878450155734;0.001426069277455977
335.0;0.20474445544808514;0.03190017291657326;0.0014266191027091106
336.0;0.20383505763350884;0.03191763277586414;0.0014273999313541505
337.0;0.20293634197201008;0.03197604658583276;0.001430012276352442
338.0;0.20205934750128213;0.03200650099708149;0.00143137423902778
339.0;0.20119461812606124;0.03198636438190965;0.0014304737022205606
340.0;0.20029255078916242;0.03200565773515966;0.0014313365272081793
341.0;0.19939858230856644;0.031961583004030326;0.001429365445310275
342.0;0.19851564373176736;0.03192540528016674;0.0014277475283136708
343.0;0.19761651885760506;0.03191992700536347;0.00142750253241648
344.0;0.1966916935324314;0.03194051982566492;0.0014284234713373297
345.0;0.19578777396790525;0.03195038473433236;0.001428864643464774
346.0;0.19486878300569743;0.03189882268910587;0.0014265587187010673
347.0;0.1940065854166558;0.031949403423916015;0.0014288207579288147
348.0;0.19311742310008215;0.031974849760850604;0.001429958752712097
349.0;0.19227640082240766;0.03207021480710672;0.0014342236072342185
350.0;0.19135693634547268;0.03202172824459014;0.0014320552222385713
351.0;0.1904262317005416;0.03198852880974492;0.0014305704983760014
352.0;0.1895539089352362;0.031981264876623255;0.0014302456454111205
353.0;0.18871048537411017;0.03206282647171972;0.0014338931908309007
354.0;0.18786254724124624;0.0321349706457242;0.0014371195763759924
355.0;0.18697314215067487;0.03215076037169966;0.0014378257143885368
356.0;0.1860688762831613;0.03216884043195704;0.0014386342792639926
357.0;0.1851972458772661;0.03220190272437457;0.0014401128699307443
358.0;0.18436241884400736;0.03222686675483415;0.0014412292953127443
359.0;0.18346716863979567;0.032210469459298535;0.0014404959859634484
360.0;0.1825839580410193;0.0322488593021589;0.0014422128319290745
361.0;0.18165949400816755;0.03224885504083791;0.0014422126413570064
362.0;0.18074962524024155;0.03226707962965482;0.0014430276697461383
363.0;0.17986091989613376;0.03225804682331211;0.0014426237103659404
364.0;0.17900049344278562;0.03228432587339568;0.00144379894521336
365.0;0.1781545375520163;0.03228393031890579;0.0014437812554787962
366.0;0.17723561768315602;0.0323299590501058;0.0014458397229164218
367.0;0.1764133035172377;0.03242124518403807;0.001449922162933936
368.0;0.17545795680648263;0.03253164330706938;0.001454859317087664
369.0;0.17461490639579808;0.032547047232042985;0.0014555482015548896
370.0;0.173752236632422;0.0326386173451791;0.0014596433415084837
371.0;0.1729013765583078;0.03270737128445642;0.0014627181111473834
372.0;0.1720048934872378;0.032763058114950505;0.001465208501916109
373.0;0.17114660380157887;0.03281225131162431;0.0014674084885519718
374.0;0.1702326208290482;0.03278593826858128;0.0014662317334931901
375.0;0.1693701848745487;0.03280662889546854;0.0014671570464575298
376.0;0.16849005791866883;0.032824053122958455;0.0014679362815999872
377.0;0.1676132883356346;0.03277333562345449;0.0014656681260691938
378.0;0.16671800883386964;0.03279813454293593;0.0014667771674637747
379.0;0.16581278566062818;0.03284489504462954;0.0014688683606727529
380.0;0.16495288984660583;0.032854076840855125;0.0014692789830830718
381.0;0.1641357209954808;0.032916724858399825;0.001472080687600783
382.0;0.16325220117597944;0.03290498491692811;0.0014715556614571304
383.0;0.16241378297696055;0.03298338573337116;0.0014750618525582932
384.0;0.16160830335933635;0.033042327535070116;0.0014776978100645968
385.0;0.16075050157146875;0.03311894991760152;0.001481124467183361
386.0;0.159921085728055;0.033142287199748544;0.0014821681421691778
387.0;0.15901549440140644;0.033200291962468605;0.001484762194018394
388.0;0.15807240588584662;0.03321276265456711;0.0014853199003235684
389.0;0.15717062659877698;0.03324159466124262;0.001486609306860652
390.0;0.1562773954188297;0.033295051532995924;0.0014889999708427493
391.0;0.15544818488005932;0.033293346951577624;0.0014889237396442593
392.0;0.15459640774039382;0.033371726858826375;0.001492428995657826
393.0;0.15371329523516314;0.03341787301460488;0.0014944927144822466
394.0;0.15282387303950637;0.03341925064296005;0.0014945543238952445
395.0;0.15194005710692787;0.033467602717492606;0.0014967166944054031
396.0;0.15105721907539826;0.033546141776408876;0.0015002290678979159
397.0;0.1501973696316202;0.03362747799364104;0.001503866534113192
398.0;0.149347012911946;0.03373767847742663;0.001508794849571151
399.0;0.14846868523522183;0.033819447956115446;0.0015124516918278092
400.0;0.14758175283300567;0.03390774300557436;0.0015164003664811458
401.0;0.14671878055397913;0.03387628760807613;0.0015149936383398394
402.0;0.14584830645778396;0.033946493199774;0.00151813332784858
403.0;0.14497569963955245;0.034019150859859175;0.0015213826771893106
404.0;0.14410437602926707;0.03408754484875045;0.0015244413493575757
405.0;0.14319821452655696;0.03406003246594341;0.0015232109581939852
406.0;0.14234416386261617;0.03409989013908974;0.0015249934475255883
407.0;0.14140786516581325;0.03410846453430693;0.00152537690613702
408.0;0.14049382705476937;0.03409718093811609;0.0015248722883747525
409.0;0.13965177876791074;0.034136048355864104;0.0015266104921386413
410.0;0.13879633298104685;0.034158288291523474;0.0015276050922976327
411.0;0.13793986880941503;0.03419154044121652;0.0015290921736398658
412.0;0.13703066831160077;0.03420777714084813;0.0015298183009219962
413.0;0.13613647812495835;0.034272267153064286;0.0015327023819456985
414.0;0.13528448592708056;0.03425935912525878;0.0015321251173931272
415.0;0.13442422100766263;0.03430329792261769;0.0015340901201480093
416.0;0.1334962737943128;0.03434749161041095;0.0015360665219496521
417.0;0.1326371847841697;0.03438900537499497;0.001537923073941888
418.0;0.13178441575059638;0.034434148023327595;0.0015399419145490103
419.0;0.13084599671058386;0.034472015723304945;0.0015416354095750288
420.0;0.12994802786813248;0.034507237530086034;0.0015432105766600862
421.0;0.12901898099678033;0.03459496481295712;0.0015471338600197082
422.0;0.12816079679458414;0.034645225233515896;0.0015493815743586512
423.0;0.12722630422113496;0.03469064457438915;0.0015514127890323677
424.0;0.1263557142504993;0.034805372852358116;0.00155654359360197
425.0;0.12551963468529784;0.03480175207220344;0.0015563816673908213
426.0;0.12458532483887673;0.034803734019970015;0.0015564703027894995
427.0;0.12371397776816898;0.03485331198824801;0.001558687496934618
428.0;0.12282151006452964;0.03486266243260358;0.0015591056615185956
429.0;0.12196538427962389;0.034946870101671884;0.0015628715429638663
430.0;0.12111509249224013;0.034984154289327156;0.0015645389425255273
431.0;0.12024143684218616;0.035043367129102304;0.001567187021223088
432.0;0.11935186084935814;0.035116980259331944;0.0015704791004876883
433.0;0.11844447770971521;0.03515286119284835;0.001572083744616465
434.0;0.11755979950431666;0.03523268316615296;0.0015756534917846106
435.0;0.11663554031629296;0.03521099824620306;0.0015746837126827183
436.0;0.11576442222217631;0.03530439445263301;0.0015788605180110777
437.0;0.11489419298960935;0.035378193351949735;0.001582160905121815
438.0;0.11396409759155093;0.03541476639264654;0.0015837965012246533
439.0;0.11306151713414425;0.03547619547144359;0.001586543693144361
440.0;0.11216473500187935;0.03556843502409119;0.0015906687713430454
441.0;0.1113109813497668;0.03564111165807605;0.0015939189692223657
442.0;0.11041590186048286;0.0356282338801627;0.0015933430574860978
443.0;0.10952759844940754;0.035681766565001154;0.001595737111932435
444.0;0.10868739250989598;0.03572102344597521;0.0015974927330212872
445.0;0.10780176704750288;0.035789775249911684;0.001600567407164841
446.0;0.10693666801373261;0.03581767275858277;0.0016018150216806696
447.0;0.10595433367579185;0.035879672104155914;0.0016045877167059107
448.0;0.10508458382352878;0.03593351808630115;0.0016069957822337506
449.0;0.10417469107479645;0.035969989696086044;0.0016086268422083078
450.0;0.10327351672695954;0.03598299412848509;0.0016092084181053691
451.0;0.1023276640579391;0.035967003864499754;0.0016084933117603815
452.0;0.10141895016690212;0.036029468764141835;0.0016112868269965296
453.0;0.10052958823643196;0.03609308884112858;0.0016141320033340521
454.0;0.09965476394103406;0.036088820364661434;0.0016139411112632341
455.0;0.0987874460920914;0.0361369883784001;0.00161609525032445
456.0;0.09791014728081489;0.03620407526164977;0.0016190954669513472
457.0;0.09702604596102994;0.03618205398851318;0.0016181106456776573
458.0;0.09608548200436379;0.036195423310146004;0.0016187085399173382
459.0;0.09522833113717825;0.036178723735903896;0.0016179617122533251
460.0;0.09432581036770185;0.03621219632310868;0.001619458651860779
461.0;0.09347458094928136;0.03620706080692766;0.0016192289845951729
462.0;0.09257681928491107;0.03624788442048868;0.001621054672095365
463.0;0.09164593332903731;0.03635031192257701;0.0016256353692440653
464.0;0.09072649981845397;0.03641406660408625;0.0016284865652788354
465.0;0.0898314944769664;0.03644512447306465;0.0016298755154042753
466.0;0.08893836150789779;0.03648326108137691;0.001631581036376625
467.0;0.08805787139005;0.03658033535707786;0.0016359223299633027
468.0;0.08711052626468745;0.036608641731233224;0.0016371882294994615
469.0;0.08619092478393908;0.036608823644991496;0.0016371963649300522
470.0;0.08530552344634189;0.03669253639391138;0.0016409401128734168
471.0;0.08445155881374472;0.03672835297371983;0.0016425418790168818
472.0;0.08351868818667604;0.03672783222326859;0.001642518590348716
473.0;0.08264852501355101;0.03680353129899254;0.001645903955931769
474.0;0.08176445907786102;0.03683270185487239;0.001647208502849545
475.0;0.08085333111087746;0.03685690408327281;0.0016482908594077513
476.0;0.07995605923491388;0.0368693164107572;0.001648845955568033
477.0;0.079080570202646;0.03687567580506743;0.001649130356327501
478.0;0.07818403090697633;0.03695529951890411;0.0016526912370626973
479.0;0.07726106682731206;0.03701768878987549;0.0016554813700818704
480.0;0.07642544670544126;0.03708751869920294;0.0016586042585642468
481.0;0.07556371459609969;0.037106961400812065;0.0016594737626135319
482.0;0.0746730833960393;0.037080569137117825;0.0016582934646995234
483.0;0.07378584683112388;0.03710450636396328;0.0016593639700279088
484.0;0.07292788029968031;0.03713218300001865;0.0016606017068200754
485.0;0.07207138609021778;0.03716487650201408;0.0016620638046777618
486.0;0.07116282358486092;0.03717977150216737;0.001662729929335114
487.0;0.0702811531785141;0.037169498851461404;0.001662270522429361
488.0;0.0693639628771889;0.03715498808643432;0.0016616215812892392
489.0;0.06853220253000472;0.03715393834587256;0.0016615746354641425
490.0;0.06764204125493323;0.03709185724338935;0.0016587982841587308
491.0;0.06674458669219305;0.037132668056492395;0.0016606233992050399
492.0;0.06591326176914018;0.0371609010118469;0.0016618860153526076
493.0;0.06504821778956096;0.037096408809621256;0.0016590018363887035
494.0;0.06415534521089492;0.03713425494660057;0.0016606943670881336
495.0;0.06330566530244132;0.0370980045474529;0.00165907319995402
496.0;0.062453609250261215;0.03701749131938094;0.001655472538932883
497.0;0.061511406281060124;0.03701057216912898;0.0016551631051266848
498.0;0.06065210447682987;0.036955109617381195;0.0016526827444084118
499.0;0.059768067657777084;0.03696519612410338;0.0016531338267021382
500.0;0.058911125036732834;0.03694356349755032;0.001652166386232048
501.0;0.05806319657040886;0.03689566079178416;0.0016500241121040619
502.0;0.057178349088516406;0.036920497884856414;0.0016511348606735228
503.0;0.05632209682729954;0.0368990031340915;0.0016501735861961277
504.0;0.055462502519969356;0.03687541807107231;0.001649118830112837
505.0;0.05465220692604953;0.03684197835324396;0.001647623360468585
506.0;0.053848179318752465;0.036811251859019914;0.0016462492298726806
507.0;0.053060312820803444;0.036783796858192816;0.0016450214049092465
508.0;0.052256797281716755;0.036676906063403895;0.0016402411032429064
509.0;0.051346839754137466;0.03659304075014665;0.0016364905324149563
510.0;0.050526656727357656;0.03650600264928989;0.0016325980702119921
511.0;0.049726349545726065;0.036441806116337544;0.001629727113979967
512.0;0.0489104655341037;0.036419148737348334;0.00162871384518773
513.0;0.04810266391719499;0.036344537299912834;0.0016253771202676352
514.0;0.04732770158479926;0.03625116654428864;0.0016212014531339109
515.0;0.04657429938864553;0.036150627703641;0.0016167052194925677
516.0;0.045772454135007155;0.036059706994959084;0.0016126391217890636
517.0;0.04499467081042977;0.03595503902209904;0.0016079582277414202
518.0;0.04419484177212483;0.03582353195700054;0.0016020770529997855
519.0;0.043456467318243555;0.03569688620565109;0.0015964132828182075
520.0;0.04273640027234641;0.03560466029277071;0.0015922888146084572
521.0;0.04197242813619794;0.03546869194589144;0.001586208125280251
522.0;0.041186433202612165;0.03530441598034286;0.0015788614807595303
523.0;0.040351021768288725;0.0351412997751821;0.001571566702300105
524.0;0.03960332613831042;0.03495748221868705;0.0015633461312644884
525.0;0.03883582407463157;0.03477752630893782;0.0015552982583214464
526.0;0.03806978656446925;0.03459119942662787;0.0015469654668238333
527.0;0.037371481885352366;0.03446071323257959;0.0015411299468234896
528.0;0.036682122856592156;0.03432020971988278;0.0015348464387141382
529.0;0.03597443082968888;0.034206134783294546;0.0015297448524593327
530.0;0.03527384036042693;0.03406516381876877;0.001523440439268666
531.0;0.034594684264328865;0.03389987206884565;0.0015160483674897059
532.0;0.03386404358990949;0.03371442021155248;0.0015077547083004836
533.0;0.03316823427224773;0.03350015880539182;0.001498172646917885
534.0;0.032482419402820414;0.033283918292915576;0.0014885020772101595
535.0;0.031805090475610594;0.0331196037919768;0.0014811537093343985
536.0;0.031129723061925477;0.032885685944133276;0.001470692585155827
537.0;0.030474834744733573;0.032659042694822185;0.0014605567909138065
538.0;0.02985548992023908;0.03243884375379263;0.0014507091948994953
539.0;0.02920260188202089;0.032237951835971036;0.0014417250352119076
540.0;0.028538933699438555;0.032046075896250255;0.0014331440823226612
541.0;0.027966245341297494;0.03185310061756848;0.0014245139655004728
542.0;0.02734869031697202;0.031632289120458026;0.0014146389751454236
543.0;0.026724766689263334;0.03138145944617454;0.0014034215310959836
544.0;0.026185500731911587;0.031175904909839562;0.0013942288527694143
545.0;0.025641263908777558;0.03090934478603497;0.0013823079216310576
546.0;0.02509183846217932;0.030716070250220245;0.0013736644216230287
547.0;0.024484805216446356;0.030417021218421946;0.001360290542348899
548.0;0.02387849183722508;0.030199093388106286;0.0013505445134934018
549.0;0.02331390523484943;0.029948388821627793;0.0013393326644350913
550.0;0.022781378481527215;0.029775440071830778;0.0013315981612116968
551.0;0.022209334609342476;0.02948481590081137;0.0013186010531656184
552.0;0.021756332306298597;0.029292177017944947;0.0013099859804216395
553.0;0.02127104869586216;0.02901047157753481;0.001297387730133868
554.0;0.020749054199467532;0.028743578797748942;0.0012854519221677661
555.0;0.02021426806334757;0.02846825903338316;0.001273139247994344
556.0;0.01974217109828386;0.02822013326947103;0.0012620427264928122
557.0;0.019243046435676793;0.027940066091781093;0.001249517741541188
558.0;0.018796501278163295;0.027641572466726515;0.0012361687008117406
559.0;0.018324211596216916;0.02731333070438675;0.0012214892829388196
560.0;0.017892338337647536;0.027048927474442448;0.0012096648110263002
561.0;0.017436684402329976;0.026728367763246018;0.001195328944924642
562.0;0.01697751020056608;0.02641549517632887;0.0011813368574717829
563.0;0.016556106544090673;0.02611136187621082;0.0011677356028060768
564.0;0.016155609965041704;0.025805353127271013;0.0011540504755192954
565.0;0.015775994474235954;0.025525099534817287;0.0011415171538459942
566.0;0.015344560472179615;0.025209769284312566;0.0011274151563361824
567.0;0.014942055883135292;0.024927490150388917;0.0011147912496945213
568.0;0.014562413565263988;0.024639052155755917;0.0011018919104286594
569.0;0.014194879827402642;0.024347651598386432;0.0010888600813294693
570.0;0.01384770998952393;0.024096423786595784;0.0010776248320294212
571.0;0.01346633911155517;0.023840544460882147;0.0010661815607027711
572.0;0.013092566913359664;0.02353033569768242;0.0010523086030681567
573.0;0.012727256228216102;0.023258727284387045;0.0010401619055603703
574.0;0.012375012712754242;0.02298003988716188;0.0010276986262670112
575.0;0.012043299160108467;0.022695230825222595;0.0010149615778049274
576.0;0.011677814388837965;0.022416625534503555;0.00100250197042615
577.0;0.0113287172152486;0.022108860012681194;9.887382778676402E-4
578.0;0.011005120740947802;0.021843250862367464;9.76859875556691E-4
579.0;0.010680217659161183;0.021559600569407658;9.641746488187739E-4
580.0;0.010375692741322474;0.021299065519590498;9.525231671805246E-4
581.0;0.010045052288402828;0.020961434111678848;9.374238315919364E-4
582.0;0.009781161414460837;0.020717776641756523;9.265271382724978E-4
583.0;0.009487824605218874;0.0204183653528185;9.131370583665728E-4
584.0;0.009184325460836982;0.020152734851149177;9.012577011939733E-4
585.0;0.008889720892007525;0.01992038502646245;8.908667011427796E-4
586.0;0.008623242257886831;0.019631528574279886;8.77948647886387E-4
587.0;0.008359848940150934;0.019395274234503223;8.67383032611988E-4
588.0;0.00806034932742639;0.01912334552875049;8.552220111900551E-4
589.0;0.007812068943495827;0.018911915251120272;8.457665617243986E-4
590.0;0.007573251460876622;0.018627376093938712;8.330415837700294E-4
591.0;0.00733783221124493;0.018406833506432668;8.231786194180851E-4
592.0;0.0071145654904579934;0.018197423233501972;8.138135073088887E-4
593.0;0.0068694428230723645;0.017960106710033338;8.032003897356929E-4
594.0;0.006665856365539194;0.017724046935041027;7.926434756629707E-4
595.0;0.006439312772119338;0.017459086544706418;7.807940867803094E-4
596.0;0.006216748629507451;0.01721360200086222;7.698156842310864E-4
597.0;0.005999511651887692;0.01699608049296467;7.600878266665427E-4
598.0;0.005776805057562515;0.016695023306402254;7.466241399811747E-4
599.0;0.005627669431625512;0.016514541775725654;7.385527605556529E-4
600.0;0.005450023768928561;0.01629461737822574;7.28717442501243E-4
601.0;0.005261171032563882;0.016086027163172867;7.193890044952526E-4
602.0;0.005093784830424161;0.015883090549240857;7.103134032177405E-4
603.0;0.004932940035663478;0.015684057022119998;7.014123532888647E-4
604.0;0.004787899936934758;0.015479041692495872;6.922437890194833E-4
605.0;0.004634629786334004;0.015278495125930647;6.832750739096027E-4
606.0;0.004501011209900169;0.015100072585213245;6.75295775314356E-4
607.0;0.00435331524144875;0.014860534378930309;6.645833010652158E-4
608.0;0.004219272127931035;0.0146143972808615;6.53575715403888E-4
609.0;0.004078104835736313;0.014416197434533139;6.447119488134835E-4
610.0;0.003941030370893423;0.014209489320866589;6.354676809403003E-4
611.0;0.0038148055849241604;0.014007438870110361;6.264317100847923E-4
612.0;0.00369723180750705;0.013853639165984359;6.195535782178904E-4
613.0;0.0035833504979898667;0.013677063373950943;6.116568687345387E-4
614.0;0.00347287498142958;0.013465623101029367;6.022009722658636E-4
615.0;0.003376897430697251;0.013327061171936966;5.960042944149813E-4
616.0;0.0032726201296652976;0.013145838841496386;5.8789978541686E-4
617.0;0.0031646239234884815;0.012935614371610824;5.784982613129006E-4
618.0;0.0030588430998521594;0.01272818515568593;5.692217447663497E-4
619.0;0.002973341121276293;0.012575500478338253;5.62393478412909E-4
620.0;0.0028786784941064545;0.012340074373692396;5.518649029395868E-4
621.0;0.0027961527872971304;0.012173935815002958;5.444349607213184E-4
622.0;0.002702325701313468;0.011917958578191407;5.329873106772546E-4
623.0;0.0026411112201167363;0.011758397807558656;5.258515360837128E-4
624.0;0.002558705821808533;0.011538066067135184;5.159980010999585E-4
625.0;0.0024852877861214957;0.011393345118446632;5.095258835192412E-4
626.0;0.002432074291897524;0.0112573714437155;5.034449559222561E-4
627.0;0.0023604322512254775;0.011091614368339341;4.960320741564031E-4
628.0;0.0023001414231769318;0.010964921787051704;4.903662096763217E-4
629.0;0.002233890654288341;0.010799782716438578;4.829809659236799E-4
630.0;0.0021645114379373713;0.010580444602212033;4.7317186725433653E-4
631.0;0.0021117335599070714;0.010399326629978561;4.650720252971173E-4
632.0;0.002055583879813045;0.010203330780885412;4.563068244595158E-4
633.0;0.0019986945435985126;0.010020661547129942;4.4813760797801525E-4
634.0;0.0019426965257858645;0.009824689021790138;4.393734502103732E-4
635.0;0.0018918891075336436;0.009683314987141384;4.330510111758127E-4
636.0;0.0018476224776088324;0.009552970682816712;4.27221836676815E-4
637.0;0.0018000263528596809;0.009347968353239828;4.1805385378722044E-4
638.0;0.001758480412549866;0.00918497213160558;4.107644411542244E-4
639.0;0.0017106899559187223;0.00902391462373709;4.035617304366114E-4
640.0;0.0016749544774555002;0.008891399812278067;3.976354879076525E-4
641.0;0.0016296341434509567;0.00874762781734156;3.912058088288768E-4
642.0;0.0015798260860544705;0.008582618396231558;3.8382636317827975E-4
643.0;0.0015322209410407227;0.008420038066293989;3.7655554978738477E-4
644.0;0.0014923847751429527;0.008283412624246499;3.7044547426990184E-4
645.0;0.0014569658965126163;0.008159530241557423;3.649052856917535E-4
646.0;0.0014108142393498768;0.008018409200983177;3.5859416089616315E-4
647.0;0.0013842158807196234;0.007919332616697118;3.5416332134732083E-4
648.0;0.0013445028515742705;0.00778121522833754;3.4798652396238574E-4
649.0;0.0012897130906975695;0.007612801819199876;3.404548473392997E-4
650.0;0.0012585158287075778;0.007479365412942049;3.344873898379841E-4
651.0;0.0012057390846835468;0.007297214962009359;3.2634137402962944E-4
652.0;0.0011737295661741925;0.007175036691228383;3.208773956528366E-4
653.0;0.0011372354413642237;0.007029203666025788;3.143555444984878E-4
654.0;0.00110070485367867;0.006876964826052548;3.0754721659857027E-4
655.0;0.001068352115790882;0.006718757143386247;3.00471953938479E-4
656.0;0.0010275465913380953;0.0065517443657699915;2.9300291546125893E-4
657.0;9.989438153537E-4;0.006437509241050406;2.8789416537543575E-4
658.0;9.747312945904322E-4;0.006338781671933714;2.834789342594711E-4
659.0;9.496525448872749E-4;0.0062543096776106295;2.797012318294432E-4
660.0;9.264724052342765E-4;0.0061501446540392565;2.7504283035777405E-4
661.0;8.883567414482231E-4;0.006020183740359767;2.6923080160966766E-4
662.0;8.620115891840465E-4;0.005909870392243995;2.642974387054184E-4
663.0;8.246457700580397E-4;0.005745507886785683;2.56946924002279E-4
664.0;7.951058987741534E-4;0.005625638228060288;2.5158618989528535E-4
665.0;7.721918199983791E-4;0.005536140169332528;2.475837150318946E-4
666.0;7.503588510233407E-4;0.005447993891506359;2.4364169364823665E-4
667.0;7.315786529130214E-4;0.005348422398731765;2.3918872111893422E-4
668.0;7.096181801256585E-4;0.0052438349263250195;2.345114271610069E-4
669.0;6.898643922783871E-4;0.0051483851335557326;2.3024278265959902E-4
670.0;6.636703649557796E-4;0.00503590738790846;2.2521262495513435E-4
671.0;6.461502733664616E-4;0.004951455850032681;2.2143583736524157E-4
672.0;6.200371693822713E-4;0.004841987241840719;2.1654025237885123E-4
673.0;5.916238781532742E-4;0.0047063760297288435;2.104755346029853E-4
674.0;5.797544597720173E-4;0.004665410236528;2.086434886359996E-4
675.0;5.590805038858068E-4;0.0045731028296315465;2.0451537590305554E-4
676.0;5.393165687995804E-4;0.0044616639973813965;1.9953167981816492E-4
677.0;5.263769895407888E-4;0.004415620326711668;1.9747254426714236E-4
678.0;5.121520516337759E-4;0.004337962954021217;1.939996009813447E-4
679.0;4.969553655263697E-4;0.004269207338921571;1.9092475639739232E-4
680.0;4.8057785978960414E-4;0.0041814416023925865;1.869997533379094E-4
681.0;4.654091389089726E-4;0.004114501978492034;1.8400612234931133E-4
682.0;4.5017802145571863E-4;0.004037435361063138;1.8055959844197168E-4
683.0;4.338171770411131E-4;0.003947881334638456;1.7655462062708365E-4
684.0;4.141566001640371E-4;0.0038327890168561632;1.7140753570209935E-4
685.0;3.9864134503901513E-4;0.003707168640614242;1.6578962168937864E-4
686.0;3.8357996875484755E-4;0.0036470946871585397;1.631030328172965E-4
687.0;3.6718277153298645E-4;0.0035401470545846176;1.5832018928793726E-4
688.0;3.5630781581149495E-4;0.0034765362604732976;1.5547542809322417E-4
689.0;3.4110483665873763E-4;0.003389322947061072;1.5157513014656956E-4
690.0;3.269918634811658E-4;0.003306948491921752;1.4789123252054902E-4
691.0;3.062237072881987E-4;0.0031580413831273557;1.4123190416860448E-4
692.0;2.9636783248820865E-4;0.0030814187513117934;1.3780523590151378E-4
693.0;2.864955887061825E-4;0.0030000887738425627;1.3416804873691925E-4
694.0;2.7022989259527686E-4;0.002894854805149983;1.294618425861454E-4
695.0;2.605414704171336E-4;0.0028429956545162434;1.2714263086469654E-4
696.0;2.519318547560361E-4;0.002796430545287755;1.2506017587240447E-4
697.0;2.4101166054922037E-4;0.0027063230387484134;1.21030445674305E-4
698.0;2.346050440595621E-4;0.002680248508431857;1.1986435722892101E-4
699.0;2.214457694355611E-4;0.0025542272560061872;1.1422851548825185E-4
700.0;2.052032826489479E-4;0.002434170870876821;1.088594307226087E-4
701.0;1.9332464413643842E-4;0.0023496783873382453;1.0508081198700795E-4
702.0;1.8032272285796528E-4;0.0022432700023002;1.0032208434058712E-4
703.0;1.7499608950545607E-4;0.0022198181249519786;9.927328450157492E-5
704.0;1.6967386344605314E-4;0.0021971178330035903;9.825809658346118E-5
705.0;1.6323342960109711E-4;0.0021557773919451046;9.640929585492922E-5
706.0;1.6004435675236718E-4;0.0021427876529992655;9.582837706907177E-5
707.0;1.5139788675200277E-4;0.002070817644597551;9.260978044652248E-5
708.0;1.3960638937134538E-4;0.001993643341860858;8.91584407058146E-5
709.0;1.3431887983742977E-4;0.0019772884469355517;8.842702756945758E-5
710.0;1.2486844817961534E-4;0.0019649000338810675;8.787300089499414E-5
711.0;1.1543228206274065E-4;0.0019560657034955226;8.747791762943872E-5
712.0;1.0357738778998228E-4;0.0018556455482674687;8.298699176141854E-5
713.0;9.93031891438148E-5;0.001828149255816003;8.17573201804047E-5
714.0;9.395218263635297E-5;0.0017911679202249104;8.01034645747964E-5
715.0;8.96770977684161E-5;0.0017624550691790236;7.881938683946783E-5
716.0;8.652361960859846E-5;0.0017567878934835483;7.856594303755747E-5
717.0;7.999183178004804E-5;0.001675460637139788;7.49288775653935E-5
718.0;7.677099355961151E-5;0.0016478361646818315;7.369347360022226E-5
719.0;7.348089712103316E-5;0.0015969185038214062;7.141636658143843E-5
720.0;6.803455723542116E-5;0.001521298947975017;6.803455723542107E-5
721.0;6.69185105234755E-5;0.0014963433848352611;6.691851052347544E-5
722.0;6.69185105234755E-5;0.0014963433848352611;6.691851052347544E-5
723.0;6.35775862068965E-5;0.0014216380460397367;6.357758620689653E-5
724.0;6.246634356488952E-5;0.001396789905169497;6.24663435648896E-5
725.0;5.6928034371643404E-5;0.0012729495468043913;5.692803437164338E-5
726.0;5.361930294906165E-5;0.0011989640630025685;5.361930294906167E-5
727.0;5.251875669882101E-5;0.0011743551007233608;5.251875669882094E-5
728.0;5.141938939475088E-5;0.0011497725004819483;5.141938939475092E-5
729.0;5.032119914346894E-5;0.0011252162199410075;5.032119914346894E-5
730.0;4.812834224598926E-5;0.0010761824490640697;4.81283422459893E-5
731.0;4.812834224598926E-5;0.0010761824490640697;4.81283422459893E-5
732.0;4.484783769353982E-5;0.0010028281372663234;4.4847837693539785E-5
733.0;4.157782515991481E-5;9.297084341417034E-4;4.15778251599147E-5
734.0;4.0490143846563615E-5;9.05387140596611E-4;4.049014384656363E-5
735.0;3.831825439063333E-5;8.568222159658589E-4;3.831825439063332E-5
736.0;3.7234042553191456E-5;8.3257850226056E-4;3.723404255319149E-5
737.0;3.7234042553191456E-5;8.3257850226056E-4;3.723404255319149E-5
738.0;3.398831651619754E-5;7.600018617099656E-4;3.398831651619755E-5
739.0;3.290870488322717E-5;7.35861011703753E-4;3.29087048832272E-5
740.0;2.6455026455026497E-5;5.915523749999443E-4;2.645502645502645E-5
741.0;2.5383395029085137E-5;5.675899678476464E-4;2.5383395029085144E-5
742.0;2.4312896405919647E-5;5.436528909354665E-4;2.4312896405919647E-5
743.0;2.217529039070748E-5;4.95854567344198E-4;2.217529039070748E-5
744.0;1.8977332630469167E-5;4.2434605793353924E-4;1.8977332630469153E-5
745.0;1.5789473684210536E-5;3.530633648683878E-4;1.5789473684210522E-5
746.0;1.2611665790856546E-5;2.820054201786388E-4;1.2611665790856544E-5
747.0;1.0498687664041993E-5;2.3475779291336378E-4;1.0498687664041995E-5
748.0;1.0498687664041993E-5;2.3475779291336378E-4;1.0498687664041995E-5
749.0;8.390141583639226E-6;1.8760926921865042E-4;8.390141583639223E-6
750.0;5.235602094240843E-6;1.1707162185862775E-4;5.235602094240838E-6
751.0;4.186289900575605E-6;9.360828791207915E-5;4.186289900575617E-6
752.0;1.0449320794148377E-6;2.336539161441785E-5;1.0449320794148373E-6
753.0;0.0;0.0;0.0
754.0;0.0;0.0;0.0
755.0;0.0;0.0;0.0
756.0;0.0;0.0;0.0
757.0;0.0;0.0;0.0
758.0;0.0;0.0;0.0
759.0;0.0;0.0;0.0
760.0;0.0;0.0;0.0
761.0;0.0;0.0;0.0
762.0;0.0;0.0;0.0
763.0;0.0;0.0;0.0
764.0;0.0;0.0;0.0
765.0;0.0;0.0;0.0
766.0;0.0;0.0;0.0
767.0;0.0;0.0;0.0
768.0;0.0;0.0;0.0
769.0;0.0;0.0;0.0
770.0;0.0;0.0;0.0
771.0;0.0;0.0;0.0
772.0;0.0;0.0;0.0
773.0;0.0;0.0;0.0
774.0;0.0;0.0;0.0
775.0;0.0;0.0;0.0
776.0;0.0;0.0;0.0
777.0;0.0;0.0;0.0
778.0;0.0;0.0;0.0
779.0;0.0;0.0;0.0
780.0;0.0;0.0;0.0
781.0;0.0;0.0;0.0
782.0;0.0;0.0;0.0
783.0;0.0;0.0;0.0
784.0;0.0;0.0;0.0
785.0;0.0;0.0;0.0
786.0;0.0;0.0;0.0
787.0;0.0;0.0;0.0
788.0;0.0;0.0;0.0
789.0;0.0;0.0;0.0
790.0;0.0;0.0;0.0
791.0;0.0;0.0;0.0
792.0;0.0;0.0;0.0
793.0;0.0;0.0;0.0
794.0;0.0;0.0;0.0
795.0;0.0;0.0;0.0
796.0;0.0;0.0;0.0
797.0;0.0;0.0;0.0
798.0;0.0;0.0;0.0
799.0;0.0;0.0;0.0
800.0;0.0;0.0;0.0
801.0;0.0;0.0;0.0
802.0;0.0;0.0;0.0
803.0;0.0;0.0;0.0
804.0;0.0;0.0;0.0
805.0;0.0;0.0;0.0
806.0;0.0;0.0;0.0
807.0;0.0;0.0;0.0
808.0;0.0;0.0;0.0
809.0;0.0;0.0;0.0
810.0;0.0;0.0;0.0
811.0;0.0;0.0;0.0
812.0;0.0;0.0;0.0
813.0;0.0;0.0;0.0
814.0;0.0;0.0;0.0
815.0;0.0;0.0;0.0
816.0;0.0;0.0;0.0
817.0;0.0;0.0;0.0
818.0;0.0;0.0;0.0
819.0;0.0;0.0;0.0
820.0;0.0;0.0;0.0
821.0;0.0;0.0;0.0
822.0;0.0;0.0;0.0
823.0;0.0;0.0;0.0
824.0;0.0;0.0;0.0
825.0;0.0;0.0;0.0
826.0;0.0;0.0;0.0
827.0;0.0;0.0;0.0
828.0;0.0;0.0;0.0
829.0;0.0;0.0;0.0
830.0;0.0;0.0;0.0
831.0;0.0;0.0;0.0
832.0;0.0;0.0;0.0
833.0;0.0;0.0;0.0
834.0;0.0;0.0;0.0
835.0;0.0;0.0;0.0
836.0;0.0;0.0;0.0
837.0;0.0;0.0;0.0
838.0;0.0;0.0;0.0
839.0;0.0;0.0;0.0
840.0;0.0;0.0;0.0
841.0;0.0;0.0;0.0
842.0;0.0;0.0;0.0
843.0;0.0;0.0;0.0
844.0;0.0;0.0;0.0
845.0;0.0;0.0;0.0
846.0;0.0;0.0;0.0
847.0;0.0;0.0;0.0
848.0;0.0;0.0;0.0
849.0;0.0;0.0;0.0
850.0;0.0;0.0;0.0
851.0;0.0;0.0;0.0
852.0;0.0;0.0;0.0
853.0;0.0;0.0;0.0
854.0;0.0;0.0;0.0
855.0;0.0;0.0;0.0
856.0;0.0;0.0;0.0
857.0;0.0;0.0;0.0
858.0;0.0;0.0;0.0
859.0;0.0;0.0;0.0
860.0;0.0;0.0;0.0
861.0;0.0;0.0;0.0
862.0;0.0;0.0;0.0
863.0;0.0;0.0;0.0
864.0;0.0;0.0;0.0
865.0;0.0;0.0;0.0
866.0;0.0;0.0;0.0
867.0;0.0;0.0;0.0
868.0;0.0;0.0;0.0
869.0;0.0;0.0;0.0
870.0;0.0;0.0;0.0
871.0;0.0;0.0;0.0
872.0;0.0;0.0;0.0
873.0;0.0;0.0;0.0
874.0;0.0;0.0;0.0
875.0;0.0;0.0;0.0
876.0;0.0;0.0;0.0
877.0;0.0;0.0;0.0
878.0;0.0;0.0;0.0
879.0;0.0;0.0;0.0
880.0;0.0;0.0;0.0
881.0;0.0;0.0;0.0
882.0;0.0;0.0;0.0
883.0;0.0;0.0;0.0
884.0;0.0;0.0;0.0
885.0;0.0;0.0;0.0
886.0;0.0;0.0;0.0
887.0;0.0;0.0;0.0
888.0;0.0;0.0;0.0
889.0;0.0;0.0;0.0
890.0;0.0;0.0;0.0
891.0;0.0;0.0;0.0
892.0;0.0;0.0;0.0
893.0;0.0;0.0;0.0
894.0;0.0;0.0;0.0
895.0;0.0;0.0;0.0
896.0;0.0;0.0;0.0
897.0;0.0;0.0;0.0
898.0;0.0;0.0;0.0
899.0;0.0;0.0;0.0
900.0;0.0;0.0;0.0
901.0;0.0;0.0;0.0
902.0;0.0;0.0;0.0
903.0;0.0;0.0;0.0
904.0;0.0;0.0;0.0
905.0;0.0;0.0;0.0
906.0;0.0;0.0;0.0
907.0;0.0;0.0;0.0
908.0;0.0;0.0;0.0
909.0;0.0;0.0;0.0
910.0;0.0;0.0;0.0
911.0;0.0;0.0;0.0
912.0;0.0;0.0;0.0
913.0;0.0;0.0;0.0
914.0;0.0;0.0;0.0
915.0;0.0;0.0;0.0
916.0;0.0;0.0;0.0
917.0;0.0;0.0;0.0
918.0;0.0;0.0;0.0
919.0;0.0;0.0;0.0
920.0;0.0;0.0;0.0
921.0;0.0;0.0;0.0
922.0;0.0;0.0;0.0
923.0;0.0;0.0;0.0
924.0;0.0;0.0;0.0
925.0;0.0;0.0;0.0
926.0;0.0;0.0;0.0
927.0;0.0;0.0;0.0
928.0;0.0;0.0;0.0
929.0;0.0;0.0;0.0
930.0;0.0;0.0;0.0
931.0;0.0;0.0;0.0
932.0;0.0;0.0;0.0
933.0;0.0;0.0;0.0
934.0;0.0;0.0;0.0
935.0;0.0;0.0;0.0
936.0;0.0;0.0;0.0
937.0;0.0;0.0;0.0
938.0;0.0;0.0;0.0
939.0;0.0;0.0;0.0
940.0;0.0;0.0;0.0
941.0;0.0;0.0;0.0
942.0;0.0;0.0;0.0
943.0;0.0;0.0;0.0
944.0;0.0;0.0;0.0
945.0;0.0;0.0;0.0
946.0;0.0;0.0;0.0
947.0;0.0;0.0;0.0
948.0;0.0;0.0;0.0
949.0;0.0;0.0;0.0
950.0;0.0;0.0;0.0
951.0;0.0;0.0;0.0
952.0;0.0;0.0;0.0
953.0;0.0;0.0;0.0
954.0;0.0;0.0;0.0
955.0;0.0;0.0;0.0
956.0;0.0;0.0;0.0
957.0;0.0;0.0;0.0
958.0;0.0;0.0;0.0
959.0;0.0;0.0;0.0
960.0;0.0;0.0;0.0
961.0;0.0;0.0;0.0
962.0;0.0;0.0;0.0
963.0;0.0;0.0;0.0
964.0;0.0;0.0;0.0
965.0;0.0;0.0;0.0
966.0;0.0;0.0;0.0
967.0;0.0;0.0;0.0
968.0;0.0;0.0;0.0
969.0;0.0;0.0;0.0
970.0;0.0;0.0;0.0
971.0;0.0;0.0;0.0
972.0;0.0;0.0;0.0
973.0;0.0;0.0;0.0
974.0;0.0;0.0;0.0
975.0;0.0;0.0;0.0
976.0;0.0;0.0;0.0
977.0;0.0;0.0;0.0
978.0;0.0;0.0;0.0
979.0;0.0;0.0;0.0
980.0;0.0;0.0;0.0
981.0;0.0;0.0;0.0
982.0;0.0;0.0;0.0
983.0;0.0;0.0;0.0
984.0;0.0;0.0;0.0
985.0;0.0;0.0;0.0
986.0;0.0;0.0;0.0
987.0;0.0;0.0;0.0
988.0;0.0;0.0;0.0
989.0;0.0;0.0;0.0
990.0;0.0;0.0;0.0
991.0;0.0;0.0;0.0
992.0;0.0;0.0;0.0
993.0;0.0;0.0;0.0
994.0;0.0;0.0;0.0
995.0;0.0;0.0;0.0
996.0;0.0;0.0;0.0
997.0;0.0;0.0;0.0
998.0;0.0;0.0;0.0
999.0;0.0;0.0;0.0
1000.0;0.0;0.0;0.0
1001.0;0.0;0.0;0.0
1002.0;0.0;0.0;0.0
1003.0;0.0;0.0;0.0
1004.0;0.0;0.0;0.0
1005.0;0.0;0.0;0.0
1006.0;0.0;0.0;0.0
1007.0;0.0;0.0;0.0
1008.0;0.0;0.0;0.0
1009.0;0.0;0.0;0.0
1010.0;0.0;0.0;0.0
1011.0;0.0;0.0;0.0
1012.0;0.0;0.0;0.0
1013.0;0.0;0.0;0.0
1014.0;0.0;0.0;0.0
1015.0;0.0;0.0;0.0
1016.0;0.0;0.0;0.0
1017.0;0.0;0.0;0.0
1018.0;0.0;0.0;0.0
1019.0;0.0;0.0;0.0
1020.0;0.0;0.0;0.0
1021.0;0.0;0.0;0.0
1022.0;0.0;0.0;0.0
1023.0;0.0;0.0;0.0
1024.0;0.0;0.0;0.0
1025.0;0.0;0.0;0.0
1026.0;0.0;0.0;0.0
1027.0;0.0;0.0;0.0
1028.0;0.0;0.0;0.0
1029.0;0.0;0.0;0.0
1030.0;0.0;0.0;0.0
1031.0;0.0;0.0;0.0
1032.0;0.0;0.0;0.0
1033.0;0.0;0.0;0.0
1034.0;0.0;0.0;0.0
1035.0;0.0;0.0;0.0
1036.0;0.0;0.0;0.0
1037.0;0.0;0.0;0.0
1038.0;0.0;0.0;0.0
1039.0;0.0;0.0;0.0
1040.0;0.0;0.0;0.0
1041.0;0.0;0.0;0.0
1042.0;0.0;0.0;0.0
1043.0;0.0;0.0;0.0
1044.0;0.0;0.0;0.0
1045.0;0.0;0.0;0.0
1046.0;0.0;0.0;0.0
1047.0;0.0;0.0;0.0
1048.0;0.0;0.0;0.0
1049.0;0.0;0.0;0.0
1050.0;0.0;0.0;0.0
1051.0;0.0;0.0;0.0
1052.0;0.0;0.0;0.0
1053.0;0.0;0.0;0.0
1054.0;0.0;0.0;0.0
1055.0;0.0;0.0;0.0
1056.0;0.0;0.0;0.0
1057.0;0.0;0.0;0.0
1058.0;0.0;0.0;0.0
1059.0;0.0;0.0;0.0
1060.0;0.0;0.0;0.0
1061.0;0.0;0.0;0.0
1062.0;0.0;0.0;0.0
1063.0;0.0;0.0;0.0
1064.0;0.0;0.0;0.0
1065.0;0.0;0.0;0.0
1066.0;0.0;0.0;0.0
1067.0;0.0;0.0;0.0
1068.0;0.0;0.0;0.0
1069.0;0.0;0.0;0.0
1070.0;0.0;0.0;0.0
1071.0;0.0;0.0;0.0
1072.0;0.0;0.0;0.0
1073.0;0.0;0.0;0.0
1074.0;0.0;0.0;0.0
1075.0;0.0;0.0;0.0
1076.0;0.0;0.0;0.0
1077.0;0.0;0.0;0.0
1078.0;0.0;0.0;0.0
1079.0;0.0;0.0;0.0
1080.0;0.0;0.0;0.0
1081.0;0.0;0.0;0.0
1082.0;0.0;0.0;0.0
1083.0;0.0;0.0;0.0
1084.0;0.0;0.0;0.0
1085.0;0.0;0.0;0.0
1086.0;0.0;0.0;0.0
1087.0;0.0;0.0;0.0
1088.0;0.0;0.0;0.0
1089.0;0.0;0.0;0.0
1090.0;0.0;0.0;0.0
1091.0;0.0;0.0;0.0
1092.0;0.0;0.0;0.0
1093.0;0.0;0.0;0.0
1094.0;0.0;0.0;0.0
1095.0;0.0;0.0;0.0
1096.0;0.0;0.0;0.0
1097.0;0.0;0.0;0.0
1098.0;0.0;0.0;0.0
1099.0;0.0;0.0;0.0
1100.0;0.0;0.0;0.0
1101.0;0.0;0.0;0.0
1102.0;0.0;0.0;0.0
1103.0;0.0;0.0;0.0
1104.0;0.0;0.0;0.0
1105.0;0.0;0.0;0.0
1106.0;0.0;0.0;0.0
1107.0;0.0;0.0;0.0
1108.0;0.0;0.0;0.0
1109.0;0.0;0.0;0.0
1110.0;0.0;0.0;0.0
1111.0;0.0;0.0;0.0
1112.0;0.0;0.0;0.0
1113.0;0.0;0.0;0.0
1114.0;0.0;0.0;0.0
1115.0;0.0;0.0;0.0
1116.0;0.0;0.0;0.0
1117.0;0.0;0.0;0.0
1118.0;0.0;0.0;0.0
1119.0;0.0;0.0;0.0
1120.0;0.0;0.0;0.0
1121.0;0.0;0.0;0.0
1122.0;0.0;0.0;0.0
1123.0;0.0;0.0;0.0
1124.0;0.0;0.0;0.0
1125.0;0.0;0.0;0.0
1126.0;0.0;0.0;0.0
1127.0;0.0;0.0;0.0
1128.0;0.0;0.0;0.0
1129.0;0.0;0.0;0.0
1130.0;0.0;0.0;0.0
1131.0;0.0;0.0;0.0
1132.0;0.0;0.0;0.0
1133.0;0.0;0.0;0.0
1134.0;0.0;0.0;0.0
1135.0;0.0;0.0;0.0
1136.0;0.0;0.0;0.0
1137.0;0.0;0.0;0.0
1138.0;0.0;0.0;0.0
1139.0;0.0;0.0;0.0
1140.0;0.0;0.0;0.0
1141.0;0.0;0.0;0.0
1142.0;0.0;0.0;0.0
1143.0;0.0;0.0;0.0
1144.0;0.0;0.0;0.0
1145.0;0.0;0.0;0.0
1146.0;0.0;0.0;0.0
1147.0;0.0;0.0;0.0
1148.0;0.0;0.0;0.0
1149.0;0.0;0.0;0.0
1150.0;0.0;0.0;0.0
1151.0;0.0;0.0;0.0
1152.0;0.0;0.0;0.0
1153.0;0.0;0.0;0.0
1154.0;0.0;0.0;0.0
1155.0;0.0;0.0;0.0
1156.0;0.0;0.0;0.0
1157.0;0.0;0.0;0.0
1158.0;0.0;0.0;0.0
1159.0;0.0;0.0;0.0
1160.0;0.0;0.0;0.0
1161.0;0.0;0.0;0.0
1162.0;0.0;0.0;0.0
1163.0;0.0;0.0;0.0
1164.0;0.0;0.0;0.0
1165.0;0.0;0.0;0.0
1166.0;0.0;0.0;0.0
1167.0;0.0;0.0;0.0
1168.0;0.0;0.0;0.0
1169.0;0.0;0.0;0.0
1170.0;0.0;0.0;0.0
1171.0;0.0;0.0;0.0
1172.0;0.0;0.0;0.0
1173.0;0.0;0.0;0.0
1174.0;0.0;0.0;0.0
1175.0;0.0;0.0;0.0
1176.0;0.0;0.0;0.0
1177.0;0.0;0.0;0.0
1178.0;0.0;0.0;0.0
1179.0;0.0;0.0;0.0
1180.0;0.0;0.0;0.0
1181.0;0.0;0.0;0.0
1182.0;0.0;0.0;0.0
1183.0;0.0;0.0;0.0
1184.0;0.0;0.0;0.0
1185.0;0.0;0.0;0.0
1186.0;0.0;0.0;0.0
1187.0;0.0;0.0;0.0
1188.0;0.0;0.0;0.0
1189.0;0.0;0.0;0.0
1190.0;0.0;0.0;0.0
1191.0;0.0;0.0;0.0
1192.0;0.0;0.0;0.0
1193.0;0.0;0.0;0.0
1194.0;0.0;0.0;0.0
1195.0;0.0;0.0;0.0
1196.0;0.0;0.0;0.0
1197.0;0.0;0.0;0.0
1198.0;0.0;0.0;0.0
1199.0;0.0;0.0;0.0
1200.0;0.0;0.0;0.0
1201.0;0.0;0.0;0.0
1202.0;0.0;0.0;0.0
1203.0;0.0;0.0;0.0
1204.0;0.0;0.0;0.0
1205.0;0.0;0.0;0.0
1206.0;0.0;0.0;0.0
1207.0;0.0;0.0;0.0
1208.0;0.0;0.0;0.0
1209.0;0.0;0.0;0.0
1210.0;0.0;0.0;0.0
1211.0;0.0;0.0;0.0
1212.0;0.0;0.0;0.0
1213.0;0.0;0.0;0.0
1214.0;0.0;0.0;0.0
1215.0;0.0;0.0;0.0
1216.0;0.0;0.0;0.0
1217.0;0.0;0.0;0.0
1218.0;0.0;0.0;0.0
1219.0;0.0;0.0;0.0
1220.0;0.0;0.0;0.0
1221.0;0.0;0.0;0.0
1222.0;0.0;0.0;0.0
1223.0;0.0;0.0;0.0
1224.0;0.0;0.0;0.0
1225.0;0.0;0.0;0.0
1226.0;0.0;0.0;0.0
1227.0;0.0;0.0;0.0
1228.0;0.0;0.0;0.0
1229.0;0.0;0.0;0.0
1230.0;0.0;0.0;0.0
1231.0;0.0;0.0;0.0
1232.0;0.0;0.0;0.0
1233.0;0.0;0.0;0.0
1234.0;0.0;0.0;0.0
1235.0;0.0;0.0;0.0
1236.0;0.0;0.0;0.0
1237.0;0.0;0.0;0.0
1238.0;0.0;0.0;0.0
1239.0;0.0;0.0;0.0
1240.0;0.0;0.0;0.0
1241.0;0.0;0.0;0.0
1242.0;0.0;0.0;0.0
1243.0;0.0;0.0;0.0
1244.0;0.0;0.0;0.0
1245.0;0.0;0.0;0.0
1246.0;0.0;0.0;0.0
1247.0;0.0;0.0;0.0
1248.0;0.0;0.0;0.0
1249.0;0.0;0.0;0.0
1250.0;0.0;0.0;0.0
1251.0;0.0;0.0;0.0
1252.0;0.0;0.0;0.0
1253.0;0.0;0.0;0.0
1254.0;0.0;0.0;0.0
1255.0;0.0;0.0;0.0
1256.0;0.0;0.0;0.0
1257.0;0.0;0.0;0.0
1258.0;0.0;0.0;0.0
1259.0;0.0;0.0;0.0
1260.0;0.0;0.0;0.0
1261.0;0.0;0.0;0.0
1262.0;0.0;0.0;0.0
1263.0;0.0;0.0;0.0
1264.0;0.0;0.0;0.0
1265.0;0.0;0.0;0.0
1266.0;0.0;0.0;0.0
1267.0;0.0;0.0;0.0
1268.0;0.0;0.0;0.0
1269.0;0.0;0.0;0.0
1270.0;0.0;0.0;0.0
1271.0;0.0;0.0;0.0
1272.0;0.0;0.0;0.0
1273.0;0.0;0.0;0.0
1274.0;0.0;0.0;0.0
1275.0;0.0;0.0;0.0
1276.0;0.0;0.0;0.0
1277.0;0.0;0.0;0.0
1278.0;0.0;0.0;0.0
1279.0;0.0;0.0;0.0
1280.0;0.0;0.0;0.0
1281.0;0.0;0.0;0.0
1282.0;0.0;0.0;0.0
1283.0;0.0;0.0;0.0
1284.0;0.0;0.0;0.0
1285.0;0.0;0.0;0.0
1286.0;0.0;0.0;0.0
1287.0;0.0;0.0;0.0
1288.0;0.0;0.0;0.0
1289.0;0.0;0.0;0.0
1290.0;0.0;0.0;0.0
1291.0;0.0;0.0;0.0
1292.0;0.0;0.0;0.0
1293.0;0.0;0.0;0.0
1294.0;0.0;0.0;0.0
1295.0;0.0;0.0;0.0
1296.0;0.0;0.0;0.0
1297.0;0.0;0.0;0.0
1298.0;0.0;0.0;0.0
1299.0;0.0;0.0;0.0
1300.0;0.0;0.0;0.0
1301.0;0.0;0.0;0.0
1302.0;0.0;0.0;0.0
1303.0;0.0;0.0;0.0
1304.0;0.0;0.0;0.0
1305.0;0.0;0.0;0.0
1306.0;0.0;0.0;0.0
1307.0;0.0;0.0;0.0
1308.0;0.0;0.0;0.0
1309.0;0.0;0.0;0.0
1310.0;0.0;0.0;0.0
1311.0;0.0;0.0;0.0
1312.0;0.0;0.0;0.0
1313.0;0.0;0.0;0.0
1314.0;0.0;0.0;0.0
1315.0;0.0;0.0;0.0
1316.0;0.0;0.0;0.0
1317.0;0.0;0.0;0.0
1318.0;0.0;0.0;0.0
1319.0;0.0;0.0;0.0
1320.0;0.0;0.0;0.0
1321.0;0.0;0.0;0.0
1322.0;0.0;0.0;0.0
1323.0;0.0;0.0;0.0
1324.0;0.0;0.0;0.0
1325.0;0.0;0.0;0.0
1326.0;0.0;0.0;0.0
1327.0;0.0;0.0;0.0
1328.0;0.0;0.0;0.0
1329.0;0.0;0.0;0.0
1330.0;0.0;0.0;0.0
1331.0;0.0;0.0;0.0
1332.0;0.0;0.0;0.0
1333.0;0.0;0.0;0.0
1334.0;0.0;0.0;0.0
1335.0;0.0;0.0;0.0
1336.0;0.0;0.0;0.0
1337.0;0.0;0.0;0.0
1338.0;0.0;0.0;0.0
1339.0;0.0;0.0;0.0
1340.0;0.0;0.0;0.0
1341.0;0.0;0.0;0.0
1342.0;0.0;0.0;0.0
1343.0;0.0;0.0;0.0
1344.0;0.0;0.0;0.0
1345.0;0.0;0.0;0.0
1346.0;0.0;0.0;0.0
1347.0;0.0;0.0;0.0
1348.0;0.0;0.0;0.0
1349.0;0.0;0.0;0.0
1350.0;0.0;0.0;0.0
1351.0;0.0;0.0;0.0
1352.0;0.0;0.0;0.0
1353.0;0.0;0.0;0.0
1354.0;0.0;0.0;0.0
1355.0;0.0;0.0;0.0
1356.0;0.0;0.0;0.0
1357.0;0.0;0.0;0.0
1358.0;0.0;0.0;0.0
1359.0;0.0;0.0;0.0
1360.0;0.0;0.0;0.0
1361.0;0.0;0.0;0.0
1362.0;0.0;0.0;0.0
1363.0;0.0;0.0;0.0
1364.0;0.0;0.0;0.0
1365.0;0.0;0.0;0.0
1366.0;0.0;0.0;0.0
1367.0;0.0;0.0;0.0
1368.0;0.0;0.0;0.0
1369.0;0.0;0.0;0.0
1370.0;0.0;0.0;0.0
1371.0;0.0;0.0;0.0
1372.0;0.0;0.0;0.0
1373.0;0.0;0.0;0.0
1374.0;0.0;0.0;0.0
1375.0;0.0;0.0;0.0
1376.0;0.0;0.0;0.0
1377.0;0.0;0.0;0.0
1378.0;0.0;0.0;0.0
1379.0;0.0;0.0;0.0
1380.0;0.0;0.0;0.0
1381.0;0.0;0.0;0.0
1382.0;0.0;0.0;0.0
1383.0;0.0;0.0;0.0
1384.0;0.0;0.0;0.0
1385.0;0.0;0.0;0.0
1386.0;0.0;0.0;0.0
1387.0;0.0;0.0;0.0
1388.0;0.0;0.0;0.0
1389.0;0.0;0.0;0.0
1390.0;0.0;0.0;0.0
1391.0;0.0;0.0;0.0
1392.0;0.0;0.0;0.0
1393.0;0.0;0.0;0.0
1394.0;0.0;0.0;0.0
1395.0;0.0;0.0;0.0
1396.0;0.0;0.0;0.0
1397.0;0.0;0.0;0.0
1398.0;0.0;0.0;0.0
1399.0;0.0;0.0;0.0
1400.0;0.0;0.0;0.0
1401.0;0.0;0.0;0.0
1402.0;0.0;0.0;0.0
1403.0;0.0;0.0;0.0
1404.0;0.0;0.0;0.0
1405.0;0.0;0.0;0.0
1406.0;0.0;0.0;0.0
1407.0;0.0;0.0;0.0
1408.0;0.0;0.0;0.0
1409.0;0.0;0.0;0.0
1410.0;0.0;0.0;0.0
1411.0;0.0;0.0;0.0
1412.0;0.0;0.0;0.0
1413.0;0.0;0.0;0.0
1414.0;0.0;0.0;0.0
1415.0;0.0;0.0;0.0
1416.0;0.0;0.0;0.0
1417.0;0.0;0.0;0.0
1418.0;0.0;0.0;0.0
1419.0;0.0;0.0;0.0
1420.0;0.0;0.0;0.0
1421.0;0.0;0.0;0.0
1422.0;0.0;0.0;0.0
1423.0;0.0;0.0;0.0
1424.0;0.0;0.0;0.0
1425.0;0.0;0.0;0.0
1426.0;0.0;0.0;0.0
1427.0;0.0;0.0;0.0
1428.0;0.0;0.0;0.0
1429.0;0.0;0.0;0.0
1430.0;0.0;0.0;0.0
1431.0;0.0;0.0;0.0
1432.0;0.0;0.0;0.0
1433.0;0.0;0.0;0.0
1434.0;0.0;0.0;0.0
1435.0;0.0;0.0;0.0
1436.0;0.0;0.0;0.0
1437.0;0.0;0.0;0.0
1438.0;0.0;0.0;0.0
1439.0;0.0;0.0;0.0
1440.0;0.0;0.0;0.0
1441.0;0.0;0.0;0.0
1442.0;0.0;0.0;0.0
1443.0;0.0;0.0;0.0
1444.0;0.0;0.0;0.0
1445.0;0.0;0.0;0.0
1446.0;0.0;0.0;0.0
1447.0;0.0;0.0;0.0
1448.0;0.0;0.0;0.0
1449.0;0.0;0.0;0.0
1450.0;0.0;0.0;0.0
1451.0;0.0;0.0;0.0
1452.0;0.0;0.0;0.0
1453.0;0.0;0.0;0.0
1454.0;0.0;0.0;0.0
1455.0;0.0;0.0;0.0
1456.0;0.0;0.0;0.0
1457.0;0.0;0.0;0.0
1458.0;0.0;0.0;0.0
1459.0;0.0;0.0;0.0
1460.0;0.0;0.0;0.0
1461.0;0.0;0.0;0.0
1462.0;0.0;0.0;0.0
1463.0;0.0;0.0;0.0
1464.0;0.0;0.0;0.0
1465.0;0.0;0.0;0.0
1466.0;0.0;0.0;0.0
1467.0;0.0;0.0;0.0
1468.0;0.0;0.0;0.0
1469.0;0.0;0.0;0.0
1470.0;0.0;0.0;0.0
1471.0;0.0;0.0;0.0
1472.0;0.0;0.0;0.0
1473.0;0.0;0.0;0.0
1474.0;0.0;0.0;0.0
1475.0;0.0;0.0;0.0
1476.0;0.0;0.0;0.0
1477.0;0.0;0.0;0.0
1478.0;0.0;0.0;0.0
1479.0;0.0;0.0;0.0
1480.0;0.0;0.0;0.0
1481.0;0.0;0.0;0.0
1482.0;0.0;0.0;0.0
1483.0;0.0;0.0;0.0
1484.0;0.0;0.0;0.0
1485.0;0.0;0.0;0.0
1486.0;0.0;0.0;0.0
1487.0;0.0;0.0;0.0
1488.0;0.0;0.0;0.0
1489.0;0.0;0.0;0.0
1490.0;0.0;0.0;0.0
1491.0;0.0;0.0;0.0
1492.0;0.0;0.0;0.0
1493.0;0.0;0.0;0.0
1494.0;0.0;0.0;0.0
1495.0;0.0;0.0;0.0
1496.0;0.0;0.0;0.0
1497.0;0.0;0.0;0.0
1498.0;0.0;0.0;0.0
1499.0;0.0;0.0;0.0
1500.0;0.0;0.0;0.0
1501.0;0.0;0.0;0.0
1502.0;0.0;0.0;0.0
1503.0;0.0;0.0;0.0
1504.0;0.0;0.0;0.0
1505.0;0.0;0.0;0.0
1506.0;0.0;0.0;0.0
1507.0;0.0;0.0;0.0
1508.0;0.0;0.0;0.0
1509.0;0.0;0.0;0.0
1510.0;0.0;0.0;0.0
1511.0;0.0;0.0;0.0
1512.0;0.0;0.0;0.0
1513.0;0.0;0.0;0.0
1514.0;0.0;0.0;0.0
1515.0;0.0;0.0;0.0
1516.0;0.0;0.0;0.0
1517.0;0.0;0.0;0.0
1518.0;0.0;0.0;0.0
1519.0;0.0;0.0;0.0
1520.0;0.0;0.0;0.0
1521.0;0.0;0.0;0.0
1522.0;0.0;0.0;0.0
1523.0;0.0;0.0;0.0
1524.0;0.0;0.0;0.0
1525.0;0.0;0.0;0.0
1526.0;0.0;0.0;0.0
1527.0;0.0;0.0;0.0
1528.0;0.0;0.0;0.0
1529.0;0.0;0.0;0.0
1530.0;0.0;0.0;0.0
1531.0;0.0;0.0;0.0
1532.0;0.0;0.0;0.0
1533.0;0.0;0.0;0.0
1534.0;0.0;0.0;0.0
1535.0;0.0;0.0;0.0
1536.0;0.0;0.0;0.0
1537.0;0.0;0.0;0.0
1538.0;0.0;0.0;0.0
1539.0;0.0;0.0;0.0
1540.0;0.0;0.0;0.0
1541.0;0.0;0.0;0.0
1542.0;0.0;0.0;0.0
1543.0;0.0;0.0;0.0
1544.0;0.0;0.0;0.0
1545.0;0.0;0.0;0.0
1546.0;0.0;0.0;0.0
1547.0;0.0;0.0;0.0
1548.0;0.0;0.0;0.0
1549.0;0.0;0.0;0.0
1550.0;0.0;0.0;0.0
1551.0;0.0;0.0;0.0
1552.0;0.0;0.0;0.0
1553.0;0.0;0.0;0.0
1554.0;0.0;0.0;0.0
1555.0;0.0;0.0;0.0
1556.0;0.0;0.0;0.0
1557.0;0.0;0.0;0.0
1558.0;0.0;0.0;0.0
1559.0;0.0;0.0;0.0
1560.0;0.0;0.0;0.0
1561.0;0.0;0.0;0.0
1562.0;0.0;0.0;0.0
1563.0;0.0;0.0;0.0
1564.0;0.0;0.0;0.0
1565.0;0.0;0.0;0.0
1566.0;0.0;0.0;0.0
1567.0;0.0;0.0;0.0
1568.0;0.0;0.0;0.0
1569.0;0.0;0.0;0.0
1570.0;0.0;0.0;0.0
1571.0;0.0;0.0;0.0
1572.0;0.0;0.0;0.0
1573.0;0.0;0.0;0.0
1574.0;0.0;0.0;0.0
1575.0;0.0;0.0;0.0
1576.0;0.0;0.0;0.0
1577.0;0.0;0.0;0.0
1578.0;0.0;0.0;0.0
1579.0;0.0;0.0;0.0
1580.0;0.0;0.0;0.0
1581.0;0.0;0.0;0.0
1582.0;0.0;0.0;0.0
1583.0;0.0;0.0;0.0
1584.0;0.0;0.0;0.0
1585.0;0.0;0.0;0.0
1586.0;0.0;0.0;0.0
1587.0;0.0;0.0;0.0
1588.0;0.0;0.0;0.0
1589.0;0.0;0.0;0.0
1590.0;0.0;0.0;0.0
1591.0;0.0;0.0;0.0
1592.0;0.0;0.0;0.0
1593.0;0.0;0.0;0.0
1594.0;0.0;0.0;0.0
1595.0;0.0;0.0;0.0
1596.0;0.0;0.0;0.0
1597.0;0.0;0.0;0.0
1598.0;0.0;0.0;0.0
1599.0;0.0;0.0;0.0
1600.0;0.0;0.0;0.0
1601.0;0.0;0.0;0.0
1602.0;0.0;0.0;0.0
1603.0;0.0;0.0;0.0
1604.0;0.0;0.0;0.0
1605.0;0.0;0.0;0.0
1606.0;0.0;0.0;0.0
1607.0;0.0;0.0;0.0
1608.0;0.0;0.0;0.0
1609.0;0.0;0.0;0.0
1610.0;0.0;0.0;0.0
1611.0;0.0;0.0;0.0
1612.0;0.0;0.0;0.0
1613.0;0.0;0.0;0.0
1614.0;0.0;0.0;0.0
1615.0;0.0;0.0;0.0
1616.0;0.0;0.0;0.0
1617.0;0.0;0.0;0.0
1618.0;0.0;0.0;0.0
1619.0;0.0;0.0;0.0
1620.0;0.0;0.0;0.0
1621.0;0.0;0.0;0.0
1622.0;0.0;0.0;0.0
1623.0;0.0;0.0;0.0
1624.0;0.0;0.0;0.0
1625.0;0.0;0.0;0.0
1626.0;0.0;0.0;0.0
1627.0;0.0;0.0;0.0
1628.0;0.0;0.0;0.0
1629.0;0.0;0.0;0.0
1630.0;0.0;0.0;0.0
1631.0;0.0;0.0;0.0
1632.0;0.0;0.0;0.0
1633.0;0.0;0.0;0.0
1634.0;0.0;0.0;0.0
1635.0;0.0;0.0;0.0
1636.0;0.0;0.0;0.0
1637.0;0.0;0.0;0.0
1638.0;0.0;0.0;0.0
1639.0;0.0;0.0;0.0
1640.0;0.0;0.0;0.0
1641.0;0.0;0.0;0.0
1642.0;0.0;0.0;0.0
1643.0;0.0;0.0;0.0
1644.0;0.0;0.0;0.0
1645.0;0.0;0.0;0.0
1646.0;0.0;0.0;0.0
1647.0;0.0;0.0;0.0
1648.0;0.0;0.0;0.0
1649.0;0.0;0.0;0.0
1650.0;0.0;0.0;0.0
1651.0;0.0;0.0;0.0
1652.0;0.0;0.0;0.0
1653.0;0.0;0.0;0.0
1654.0;0.0;0.0;0.0
1655.0;0.0;0.0;0.0
1656.0;0.0;0.0;0.0
1657.0;0.0;0.0;0.0
1658.0;0.0;0.0;0.0
1659.0;0.0;0.0;0.0
1660.0;0.0;0.0;0.0
1661.0;0.0;0.0;0.0
1662.0;0.0;0.0;0.0
1663.0;0.0;0.0;0.0
1664.0;0.0;0.0;0.0
1665.0;0.0;0.0;0.0
1666.0;0.0;0.0;0.0
1667.0;0.0;0.0;0.0
1668.0;0.0;0.0;0.0
1669.0;0.0;0.0;0.0
1670.0;0.0;0.0;0.0
1671.0;0.0;0.0;0.0
1672.0;0.0;0.0;0.0
1673.0;0.0;0.0;0.0
1674.0;0.0;0.0;0.0
1675.0;0.0;0.0;0.0
1676.0;0.0;0.0;0.0
1677.0;0.0;0.0;0.0
1678.0;0.0;0.0;0.0
1679.0;0.0;0.0;0.0
1680.0;0.0;0.0;0.0
1681.0;0.0;0.0;0.0
1682.0;0.0;0.0;0.0
1683.0;0.0;0.0;0.0
1684.0;0.0;0.0;0.0
1685.0;0.0;0.0;0.0
1686.0;0.0;0.0;0.0
1687.0;0.0;0.0;0.0
1688.0;0.0;0.0;0.0
1689.0;0.0;0.0;0.0
1690.0;0.0;0.0;0.0
1691.0;0.0;0.0;0.0
1692.0;0.0;0.0;0.0
1693.0;0.0;0.0;0.0
1694.0;0.0;0.0;0.0
1695.0;0.0;0.0;0.0
1696.0;0.0;0.0;0.0
1697.0;0.0;0.0;0.0
1698.0;0.0;0.0;0.0
1699.0;0.0;0.0;0.0
1700.0;0.0;0.0;0.0
1701.0;0.0;0.0;0.0
1702.0;0.0;0.0;0.0
1703.0;0.0;0.0;0.0
1704.0;0.0;0.0;0.0
1705.0;0.0;0.0;0.0
1706.0;0.0;0.0;0.0
1707.0;0.0;0.0;0.0
1708.0;0.0;0.0;0.0
1709.0;0.0;0.0;0.0
1710.0;0.0;0.0;0.0
1711.0;0.0;0.0;0.0
1712.0;0.0;0.0;0.0
1713.0;0.0;0.0;0.0
1714.0;0.0;0.0;0.0
1715.0;0.0;0.0;0.0
1716.0;0.0;0.0;0.0
1717.0;0.0;0.0;0.0
1718.0;0.0;0.0;0.0
1719.0;0.0;0.0;0.0
1720.0;0.0;0.0;0.0
1721.0;0.0;0.0;0.0
1722.0;0.0;0.0;0.0
1723.0;0.0;0.0;0.0
1724.0;0.0;0.0;0.0
1725.0;0.0;0.0;0.0
1726.0;0.0;0.0;0.0
1727.0;0.0;0.0;0.0
1728.0;0.0;0.0;0.0
1729.0;0.0;0.0;0.0
1730.0;0.0;0.0;0.0
1731.0;0.0;0.0;0.0
1732.0;0.0;0.0;0.0
1733.0;0.0;0.0;0.0
1734.0;0.0;0.0;0.0
1735.0;0.0;0.0;0.0
1736.0;0.0;0.0;0.0
1737.0;0.0;0.0;0.0
1738.0;0.0;0.0;0.0
1739.0;0.0;0.0;0.0
1740.0;0.0;0.0;0.0
1741.0;0.0;0.0;0.0
1742.0;0.0;0.0;0.0
1743.0;0.0;0.0;0.0
1744.0;0.0;0.0;0.0
1745.0;0.0;0.0;0.0
1746.0;0.0;0.0;0.0
1747.0;0.0;0.0;0.0
1748.0;0.0;0.0;0.0
1749.0;0.0;0.0;0.0
1750.0;0.0;0.0;0.0
1751.0;0.0;0.0;0.0
1752.0;0.0;0.0;0.0
1753.0;0.0;0.0;0.0
1754.0;0.0;0.0;0.0
1755.0;0.0;0.0;0.0
1756.0;0.0;0.0;0.0
1757.0;0.0;0.0;0.0
1758.0;0.0;0.0;0.0
1759.0;0.0;0.0;0.0
1760.0;0.0;0.0;0.0
1761.0;0.0;0.0;0.0
1762.0;0.0;0.0;0.0
1763.0;0.0;0.0;0.0
1764.0;0.0;0.0;0.0
1765.0;0.0;0.0;0.0
1766.0;0.0;0.0;0.0
1767.0;0.0;0.0;0.0
1768.0;0.0;0.0;0.0
1769.0;0.0;0.0;0.0
1770.0;0.0;0.0;0.0
1771.0;0.0;0.0;0.0
1772.0;0.0;0.0;0.0
1773.0;0.0;0.0;0.0
1774.0;0.0;0.0;0.0
1775.0;0.0;0.0;0.0
1776.0;0.0;0.0;0.0
1777.0;0.0;0.0;0.0
1778.0;0.0;0.0;0.0
1779.0;0.0;0.0;0.0
1780.0;0.0;0.0;0.0
1781.0;0.0;0.0;0.0
1782.0;0.0;0.0;0.0
1783.0;0.0;0.0;0.0
1784.0;0.0;0.0;0.0
1785.0;0.0;0.0;0.0
1786.0;0.0;0.0;0.0
1787.0;0.0;0.0;0.0
1788.0;0.0;0.0;0.0
1789.0;0.0;0.0;0.0
1790.0;0.0;0.0;0.0
1791.0;0.0;0.0;0.0
1792.0;0.0;0.0;0.0
1793.0;0.0;0.0;0.0
1794.0;0.0;0.0;0.0
1795.0;0.0;0.0;0.0
1796.0;0.0;0.0;0.0
1797.0;0.0;0.0;0.0
1798.0;0.0;0.0;0.0
1799.0;0.0;0.0;0.0
1800.0;0.0;0.0;0.0
1801.0;0.0;0.0;0.0
1802.0;0.0;0.0;0.0
1803.0;0.0;0.0;0.0
1804.0;0.0;0.0;0.0
1805.0;0.0;0.0;0.0
1806.0;0.0;0.0;0.0
1807.0;0.0;0.0;0.0
1808.0;0.0;0.0;0.0
1809.0;0.0;0.0;0.0
1810.0;0.0;0.0;0.0
1811.0;0.0;0.0;0.0
1812.0;0.0;0.0;0.0
1813.0;0.0;0.0;0.0
1814.0;0.0;0.0;0.0
1815.0;0.0;0.0;0.0
1816.0;0.0;0.0;0.0
1817.0;0.0;0.0;0.0
1818.0;0.0;0.0;0.0
1819.0;0.0;0.0;0.0
1820.0;0.0;0.0;0.0
1821.0;0.0;0.0;0.0
1822.0;0.0;0.0;0.0
1823.0;0.0;0.0;0.0
1824.0;0.0;0.0;0.0
1825.0;0.0;0.0;0.0
1826.0;0.0;0.0;0.0
1827.0;0.0;0.0;0.0
1828.0;0.0;0.0;0.0
1829.0;0.0;0.0;0.0
1830.0;0.0;0.0;0.0
1831.0;0.0;0.0;0.0
1832.0;0.0;0.0;0.0
1833.0;0.0;0.0;0.0
1834.0;0.0;0.0;0.0
1835.0;0.0;0.0;0.0
1836.0;0.0;0.0;0.0
1837.0;0.0;0.0;0.0
1838.0;0.0;0.0;0.0
1839.0;0.0;0.0;0.0
1840.0;0.0;0.0;0.0
1841.0;0.0;0.0;0.0
1842.0;0.0;0.0;0.0
1843.0;0.0;0.0;0.0
1844.0;0.0;0.0;0.0
1845.0;0.0;0.0;0.0
1846.0;0.0;0.0;0.0
1847.0;0.0;0.0;0.0
1848.0;0.0;0.0;0.0
1849.0;0.0;0.0;0.0
1850.0;0.0;0.0;0.0
1851.0;0.0;0.0;0.0
1852.0;0.0;0.0;0.0
1853.0;0.0;0.0;0.0
1854.0;0.0;0.0;0.0
1855.0;0.0;0.0;0.0
1856.0;0.0;0.0;0.0
1857.0;0.0;0.0;0.0
1858.0;0.0;0.0;0.0
1859.0;0.0;0.0;0.0
1860.0;0.0;0.0;0.0
1861.0;0.0;0.0;0.0
1862.0;0.0;0.0;0.0
1863.0;0.0;0.0;0.0
1864.0;0.0;0.0;0.0
1865.0;0.0;0.0;0.0
1866.0;0.0;0.0;0.0
1867.0;0.0;0.0;0.0
1868.0;0.0;0.0;0.0
1869.0;0.0;0.0;0.0
1870.0;0.0;0.0;0.0
1871.0;0.0;0.0;0.0
1872.0;0.0;0.0;0.0
1873.0;0.0;0.0;0.0
1874.0;0.0;0.0;0.0
1875.0;0.0;0.0;0.0
1876.0;0.0;0.0;0.0
1877.0;0.0;0.0;0.0
1878.0;0.0;0.0;0.0
1879.0;0.0;0.0;0.0
1880.0;0.0;0.0;0.0
1881.0;0.0;0.0;0.0
1882.0;0.0;0.0;0.0
1883.0;0.0;0.0;0.0
1884.0;0.0;0.0;0.0
1885.0;0.0;0.0;0.0
1886.0;0.0;0.0;0.0
1887.0;0.0;0.0;0.0
1888.0;0.0;0.0;0.0
1889.0;0.0;0.0;0.0
1890.0;0.0;0.0;0.0
1891.0;0.0;0.0;0.0
1892.0;0.0;0.0;0.0
1893.0;0.0;0.0;0.0
1894.0;0.0;0.0;0.0
1895.0;0.0;0.0;0.0
1896.0;0.0;0.0;0.0
1897.0;0.0;0.0;0.0
1898.0;0.0;0.0;0.0
1899.0;0.0;0.0;0.0
1900.0;0.0;0.0;0.0
1901.0;0.0;0.0;0.0
1902.0;0.0;0.0;0.0
1903.0;0.0;0.0;0.0
1904.0;0.0;0.0;0.0
1905.0;0.0;0.0;0.0
1906.0;0.0;0.0;0.0
1907.0;0.0;0.0;0.0
1908.0;0.0;0.0;0.0
1909.0;0.0;0.0;0.0
1910.0;0.0;0.0;0.0
1911.0;0.0;0.0;0.0
1912.0;0.0;0.0;0.0
1913.0;0.0;0.0;0.0
1914.0;0.0;0.0;0.0
1915.0;0.0;0.0;0.0
1916.0;0.0;0.0;0.0
1917.0;0.0;0.0;0.0
1918.0;0.0;0.0;0.0
1919.0;0.0;0.0;0.0
1920.0;0.0;0.0;0.0
1921.0;0.0;0.0;0.0
1922.0;0.0;0.0;0.0
1923.0;0.0;0.0;0.0
1924.0;0.0;0.0;0.0
1925.0;0.0;0.0;0.0
1926.0;0.0;0.0;0.0
1927.0;0.0;0.0;0.0
1928.0;0.0;0.0;0.0
1929.0;0.0;0.0;0.0
1930.0;0.0;0.0;0.0
1931.0;0.0;0.0;0.0
1932.0;0.0;0.0;0.0
1933.0;0.0;0.0;0.0
1934.0;0.0;0.0;0.0
1935.0;0.0;0.0;0.0
1936.0;0.0;0.0;0.0
1937.0;0.0;0.0;0.0
1938.0;0.0;0.0;0.0
1939.0;0.0;0.0;0.0
1940.0;0.0;0.0;0.0
1941.0;0.0;0.0;0.0
1942.0;0.0;0.0;0.0
1943.0;0.0;0.0;0.0
1944.0;0.0;0.0;0.0
1945.0;0.0;0.0;0.0
1946.0;0.0;0.0;0.0
1947.0;0.0;0.0;0.0
1948.0;0.0;0.0;0.0
1949.0;0.0;0.0;0.0
1950.0;0.0;0.0;0.0
1951.0;0.0;0.0;0.0
1952.0;0.0;0.0;0.0
1953.0;0.0;0.0;0.0
1954.0;0.0;0.0;0.0
1955.0;0.0;0.0;0.0
1956.0;0.0;0.0;0.0
1957.0;0.0;0.0;0.0
1958.0;0.0;0.0;0.0
1959.0;0.0;0.0;0.0
1960.0;0.0;0.0;0.0
1961.0;0.0;0.0;0.0
1962.0;0.0;0.0;0.0
1963.0;0.0;0.0;0.0
1964.0;0.0;0.0;0.0
1965.0;0.0;0.0;0.0
1966.0;0.0;0.0;0.0
1967.0;0.0;0.0;0.0
1968.0;0.0;0.0;0.0
1969.0;0.0;0.0;0.0
1970.0;0.0;0.0;0.0
1971.0;0.0;0.0;0.0
1972.0;0.0;0.0;0.0
1973.0;0.0;0.0;0.0
1974.0;0.0;0.0;0.0
1975.0;0.0;0.0;0.0
1976.0;0.0;0.0;0.0
1977.0;0.0;0.0;0.0
1978.0;0.0;0.0;0.0
1979.0;0.0;0.0;0.0
1980.0;0.0;0.0;0.0
1981.0;0.0;0.0;0.0
1982.0;0.0;0.0;0.0
1983.0;0.0;0.0;0.0
1984.0;0.0;0.0;0.0
1985.0;0.0;0.0;0.0
1986.0;0.0;0.0;0.0
1987.0;0.0;0.0;0.0
1988.0;0.0;0.0;0.0
1989.0;0.0;0.0;0.0
1990.0;0.0;0.0;0.0
1991.0;0.0;0.0;0.0
1992.0;0.0;0.0;0.0
1993.0;0.0;0.0;0.0
1994.0;0.0;0.0;0.0
1995.0;0.0;0.0;0.0
1996.0;0.0;0.0;0.0
1997.0;0.0;0.0;0.0
1998.0;0.0;0.0;0.0
1999.0;0.0;0.0;0.0
2000.0;0.0;0.0;0.0
2001.0;0.0;0.0;0.0
2002.0;0.0;0.0;0.0
2003.0;0.0;0.0;0.0
2004.0;0.0;0.0;0.0
2005.0;0.0;0.0;0.0
2006.0;0.0;0.0;0.0
2007.0;0.0;0.0;0.0
2008.0;0.0;0.0;0.0
2009.0;0.0;0.0;0.0
2010.0;0.0;0.0;0.0
2011.0;0.0;0.0;0.0
2012.0;0.0;0.0;0.0
2013.0;0.0;0.0;0.0
2014.0;0.0;0.0;0.0
2015.0;0.0;0.0;0.0
2016.0;0.0;0.0;0.0
2017.0;0.0;0.0;0.0
2018.0;0.0;0.0;0.0
2019.0;0.0;0.0;0.0
2020.0;0.0;0.0;0.0
2021.0;0.0;0.0;0.0
2022.0;0.0;0.0;0.0
2023.0;0.0;0.0;0.0
2024.0;0.0;0.0;0.0
2025.0;0.0;0.0;0.0
2026.0;0.0;0.0;0.0
2027.0;0.0;0.0;0.0
2028.0;0.0;0.0;0.0
2029.0;0.0;0.0;0.0
2030.0;0.0;0.0;0.0
2031.0;0.0;0.0;0.0
2032.0;0.0;0.0;0.0
2033.0;0.0;0.0;0.0
2034.0;0.0;0.0;0.0
2035.0;0.0;0.0;0.0
2036.0;0.0;0.0;0.0
2037.0;0.0;0.0;0.0
2038.0;0.0;0.0;0.0
2039.0;0.0;0.0;0.0
2040.0;0.0;0.0;0.0
2041.0;0.0;0.0;0.0
2042.0;0.0;0.0;0.0
2043.0;0.0;0.0;0.0
2044.0;0.0;0.0;0.0
2045.0;0.0;0.0;0.0
2046.0;0.0;0.0;0.0
2047.0;0.0;0.0;0.0
2048.0;0.0;0.0;0.0
2049.0;0.0;0.0;0.0
2050.0;0.0;0.0;0.0
2051.0;0.0;0.0;0.0
2052.0;0.0;0.0;0.0
2053.0;0.0;0.0;0.0
2054.0;0.0;0.0;0.0
2055.0;0.0;0.0;0.0
2056.0;0.0;0.0;0.0
2057.0;0.0;0.0;0.0
2058.0;0.0;0.0;0.0
2059.0;0.0;0.0;0.0
2060.0;0.0;0.0;0.0
2061.0;0.0;0.0;0.0
2062.0;0.0;0.0;0.0
2063.0;0.0;0.0;0.0
2064.0;0.0;0.0;0.0
2065.0;0.0;0.0;0.0
2066.0;0.0;0.0;0.0
2067.0;0.0;0.0;0.0
2068.0;0.0;0.0;0.0
2069.0;0.0;0.0;0.0
2070.0;0.0;0.0;0.0
2071.0;0.0;0.0;0.0
2072.0;0.0;0.0;0.0
2073.0;0.0;0.0;0.0
2074.0;0.0;0.0;0.0
2075.0;0.0;0.0;0.0
2076.0;0.0;0.0;0.0
2077.0;0.0;0.0;0.0
2078.0;0.0;0.0;0.0
2079.0;0.0;0.0;0.0
2080.0;0.0;0.0;0.0
2081.0;0.0;0.0;0.0
2082.0;0.0;0.0;0.0
2083.0;0.0;0.0;0.0
2084.0;0.0;0.0;0.0
2085.0;0.0;0.0;0.0
2086.0;0.0;0.0;0.0
2087.0;0.0;0.0;0.0
2088.0;0.0;0.0;0.0
2089.0;0.0;0.0;0.0
2090.0;0.0;0.0;0.0
2091.0;0.0;0.0;0.0
2092.0;0.0;0.0;0.0
2093.0;0.0;0.0;0.0
2094.0;0.0;0.0;0.0
2095.0;0.0;0.0;0.0
2096.0;0.0;0.0;0.0
2097.0;0.0;0.0;0.0
2098.0;0.0;0.0;0.0
2099.0;0.0;0.0;0.0
2100.0;0.0;0.0;0.0
2101.0;0.0;0.0;0.0
2102.0;0.0;0.0;0.0
2103.0;0.0;0.0;0.0
2104.0;0.0;0.0;0.0
2105.0;0.0;0.0;0.0
2106.0;0.0;0.0;0.0
2107.0;0.0;0.0;0.0
2108.0;0.0;0.0;0.0
2109.0;0.0;0.0;0.0
2110.0;0.0;0.0;0.0
2111.0;0.0;0.0;0.0
2112.0;0.0;0.0;0.0
2113.0;0.0;0.0;0.0
2114.0;0.0;0.0;0.0
2115.0;0.0;0.0;0.0
2116.0;0.0;0.0;0.0
2117.0;0.0;0.0;0.0
2118.0;0.0;0.0;0.0
2119.0;0.0;0.0;0.0
2120.0;0.0;0.0;0.0
2121.0;0.0;0.0;0.0
2122.0;0.0;0.0;0.0
2123.0;0.0;0.0;0.0
2124.0;0.0;0.0;0.0
2125.0;0.0;0.0;0.0
2126.0;0.0;0.0;0.0
2127.0;0.0;0.0;0.0
2128.0;0.0;0.0;0.0
2129.0;0.0;0.0;0.0
2130.0;0.0;0.0;0.0
2131.0;0.0;0.0;0.0
2132.0;0.0;0.0;0.0
2133.0;0.0;0.0;0.0
2134.0;0.0;0.0;0.0
2135.0;0.0;0.0;0.0
2136.0;0.0;0.0;0.0
2137.0;0.0;0.0;0.0
2138.0;0.0;0.0;0.0
2139.0;0.0;0.0;0.0
2140.0;0.0;0.0;0.0
2141.0;0.0;0.0;0.0
2142.0;0.0;0.0;0.0
2143.0;0.0;0.0;0.0
2144.0;0.0;0.0;0.0
2145.0;0.0;0.0;0.0
2146.0;0.0;0.0;0.0
2147.0;0.0;0.0;0.0
2148.0;0.0;0.0;0.0
2149.0;0.0;0.0;0.0
2150.0;0.0;0.0;0.0
2151.0;0.0;0.0;0.0
2152.0;0.0;0.0;0.0
2153.0;0.0;0.0;0.0
2154.0;0.0;0.0;0.0
2155.0;0.0;0.0;0.0
2156.0;0.0;0.0;0.0
2157.0;0.0;0.0;0.0
2158.0;0.0;0.0;0.0
2159.0;0.0;0.0;0.0
2160.0;0.0;0.0;0.0
2161.0;0.0;0.0;0.0
2162.0;0.0;0.0;0.0
2163.0;0.0;0.0;0.0
2164.0;0.0;0.0;0.0
2165.0;0.0;0.0;0.0
2166.0;0.0;0.0;0.0
2167.0;0.0;0.0;0.0
2168.0;0.0;0.0;0.0
2169.0;0.0;0.0;0.0
2170.0;0.0;0.0;0.0
2171.0;0.0;0.0;0.0
2172.0;0.0;0.0;0.0
2173.0;0.0;0.0;0.0
2174.0;0.0;0.0;0.0
2175.0;0.0;0.0;0.0
2176.0;0.0;0.0;0.0
2177.0;0.0;0.0;0.0
2178.0;0.0;0.0;0.0
2179.0;0.0;0.0;0.0
2180.0;0.0;0.0;0.0
2181.0;0.0;0.0;0.0
2182.0;0.0;0.0;0.0
2183.0;0.0;0.0;0.0
2184.0;0.0;0.0;0.0
2185.0;0.0;0.0;0.0
2186.0;0.0;0.0;0.0
2187.0;0.0;0.0;0.0
2188.0;0.0;0.0;0.0
2189.0;0.0;0.0;0.0
