0.0;0.005030181086519115;0.0;0.0
1.0;0.005072439581762653;5.652576155887343E-4;2.527908906511709E-5
2.0;0.005075154873047683;8.141092442797536E-4;3.640807222641022E-5
3.0;0.005090066312061825;0.0010095287904596276;4.514750001421737E-5
4.0;0.005123053073990135;0.0011595609991886693;5.1857144364868857E-5
5.0;0.005125507982682893;0.0013170063274993964;5.889831350172002E-5
6.0;0.005148103543148704;0.001453904934489055;6.50206053267981E-5
7.0;0.005152402715347367;0.0015721692706983433;7.030954722835528E-5
8.0;0.00515914781750364;0.0016794098101787745;7.510548995279515E-5
9.0;0.0052114346664428515;0.001779234919536553;7.956980456050201E-5
10.0;0.005232621682141121;0.0018772863759241995;8.395479899601468E-5
11.0;0.005221814622575218;0.001954892937340288;8.742546993254242E-5
12.0;0.005233055414716595;0.0020103936140482503;8.990753565086727E-5
13.0;0.005220174210451384;0.002045542282277152;9.14794318804355E-5
14.0;0.0052471720275282675;0.0020914207621017793;9.353117987227988E-5
15.0;0.005291751916269446;0.002151205011777432;9.620481279745147E-5
16.0;0.005326715911494207;0.002217920962578845;9.918844082096129E-5
17.0;0.005296329661209925;0.002265528174602476;1.0131750006704297E-4
18.0;0.005329197269628501;0.0023145898164250553;1.0351160339110365E-4
19.0;0.0053677592858803;0.0023539175579310404;1.0527039345928211E-4
20.0;0.0053492587148809235;0.0024343970159115234;1.0886954423601607E-4
21.0;0.005356733071965155;0.0024814182111392315;1.1097239601426494E-4
22.0;0.005369876715920684;0.0025388758233769403;1.1354197855003175E-4
23.0;0.0054022779765853365;0.002577516847065069;1.1527005766376847E-4
24.0;0.005430393823035117;0.002659099107945907;1.1891852728552197E-4
25.0;0.005452649413738027;0.002719818374367761;1.216339754307857E-4
26.0;0.005498693586932205;0.0027726391247596227;1.2399619120076073E-4
27.0;0.005489939439466428;0.0028188106383960523;1.2606104406306302E-4
28.0;0.005533217549830582;0.0028995510113710397;1.296718633130782E-4
29.0;0.005500315811341186;0.002957064872258291;1.322439613649254E-4
30.0;0.005500395089956698;0.0030409123561832997;1.3599373484089822E-4
31.0;0.005532192044826566;0.0031004429882074097;1.3865602563988694E-4
32.0;0.005533252751729759;0.0031159780536837507;1.393507748886871E-4
33.0;0.005535860786080986;0.003128626977107238;1.3991645194102924E-4
34.0;0.005563399066276624;0.0032026300987138337;1.4322597215021986E-4
35.0;0.005588948063819174;0.0032592259335152405;1.4575701482740576E-4
36.0;0.0056186126323175874;0.003287280166301174;1.4701163825872477E-4
37.0;0.005649754108543972;0.0033360039935543097;1.4919063405596412E-4
38.0;0.005669405064060134;0.0033626199905294656;1.5038093762647167E-4
39.0;0.0057336993642531885;0.0033807433507462193;1.511914389349792E-4
40.0;0.005753515209514842;0.0033896434925906375;1.515894653784494E-4
41.0;0.005757489782775911;0.0034923720025535504;1.5618362400853615E-4
42.0;0.005818044226205217;0.003534732613473076;1.580780481202257E-4
43.0;0.005832024293928648;0.0035501896738725615;1.5876930887593713E-4
44.0;0.005821815361775151;0.0036141220939563457;1.6162845362140542E-4
45.0;0.005852592310784737;0.0036463446009280557;1.630694879412895E-4
46.0;0.005866558618757814;0.0037082324278669386;1.658371957015912E-4
47.0;0.005864511053566533;0.0037344338057376044;1.6700895694205054E-4
48.0;0.005917943314172894;0.003754966267438528;1.6792719654422407E-4
49.0;0.005907257594249142;0.0037420040665831706;1.6734750929921235E-4
50.0;0.0059247321940813285;0.003752303187058048;1.678080999690181E-4
51.0;0.005985846771515336;0.003786555327219054;1.6933990224451528E-4
52.0;0.005993594821693344;0.0038238648496004427;1.7100843480957197E-4
53.0;0.006015852513735659;0.003857966632296269;1.7253351289480787E-4
54.0;0.006063732269074639;0.003913229259701506;1.750049327246749E-4
55.0;0.006077480612760333;0.003929854919619667;1.7574845483963092E-4
56.0;0.006102807013651814;0.003951584654898205;1.7672023814394868E-4
57.0;0.0061395036636172785;0.003996552610840385;1.7873126626986725E-4
58.0;0.0061791190578992855;0.0040554453257780195;1.8136502854946863E-4
59.0;0.006256350981896053;0.004136487285553331;1.8498933517121664E-4
60.0;0.006290874216796092;0.004148569135281827;1.8552965191695372E-4
61.0;0.006324957761903978;0.00417305594297499;1.8662473524803125E-4
62.0;0.006390286006744125;0.004196540315956938;1.8767498833596318E-4
63.0;0.006422292456329243;0.004223857284591589;1.8889664031208935E-4
64.0;0.006455122265712313;0.0042519843684951835;1.901545217444349E-4
65.0;0.006497593225534139;0.004295321725259157;1.92092627258223E-4
66.0;0.0064707600688776925;0.004338098014670907;1.9400564107722055E-4
67.0;0.006535467556904926;0.004340809115299445;1.941268851832056E-4
68.0;0.006567294893272262;0.0044088996931196745;1.9717198839587106E-4
69.0;0.006614342293045446;0.0044622309833138125;1.9955703619990828E-4
70.0;0.0066516629838837184;0.004472733292537878;2.0002671374682294E-4
71.0;0.006717100014081855;0.004481572923356916;2.0042203405497036E-4
72.0;0.006724847400254485;0.004539817312625037;2.030268023291999E-4
73.0;0.0067968192155806765;0.004523806715384843;2.0231078665341106E-4
74.0;0.006862498910249621;0.004600395303394175;2.0573593243520288E-4
75.0;0.006899280938974804;0.004624099445866694;2.067960139135407E-4
76.0;0.0069365869535460275;0.004680242009330424;2.0930678568026066E-4
77.0;0.006999092113020155;0.004747000468391547;2.122923147309368E-4
78.0;0.007060390274882599;0.004744839072686555;2.1219565417648407E-4
79.0;0.007094292778279813;0.004750538613479297;2.1245054538954615E-4
80.0;0.007140742911121717;0.0047727821447106755;2.1344530634740617E-4
81.0;0.007152028148314927;0.004756761933967669;2.1272886074270145E-4
82.0;0.007224960147877883;0.00478243339854969;2.13876923540449E-4
83.0;0.007251560512710908;0.0048060890003520885;2.149348342140256E-4
84.0;0.007315455257261502;0.004853260551717555;2.1704441012317173E-4
85.0;0.007412951853099216;0.004876469859672052;2.1808236192911136E-4
86.0;0.007510010654805402;0.004934278379048726;2.206676375092085E-4
87.0;0.007577686467742266;0.004931719236198343;2.2055318916165673E-4
88.0;0.007657453994397329;0.004989030785929319;2.2311623958354317E-4
89.0;0.007737469813772728;0.00501238205359944;2.2416054002096685E-4
90.0;0.00779682251878735;0.005078001612427429;2.2709513590482542E-4
91.0;0.007795222766070656;0.005092733266744349;2.2775395551429868E-4
92.0;0.007904502922595764;0.0051272406669541195;2.292971733662154E-4
93.0;0.007985619205542954;0.0051572658656386106;2.306399410721446E-4
94.0;0.008036411242616967;0.00518820550699184;2.3202360389745031E-4
95.0;0.0080782950533688;0.005221084463245742;2.3349399552170962E-4
96.0;0.008139620508521234;0.005236297557190269;2.3417434576587066E-4
97.0;0.008245332330813964;0.005308479474554327;2.374024192453168E-4
98.0;0.008312309342367031;0.005372963276573806;2.4028622254058067E-4
99.0;0.008328726068622557;0.005394066018120939;2.4122996583280062E-4
100.0;0.008380786580006285;0.0054331729156169946;2.4297887945660656E-4
101.0;0.008470687563649949;0.0054686290955413075;2.445645280272711E-4
102.0;0.008496733700417041;0.005533492809994533;2.474653215230821E-4
103.0;0.008561775269596495;0.005566679640989543;2.4894948172433484E-4
104.0;0.008642281328320534;0.005629329589683917;2.5175127260568475E-4
105.0;0.00869818043208974;0.0056225097817728005;2.514462815240298E-4
106.0;0.008748063743313363;0.005616472270825283;2.511762758261588E-4
107.0;0.00878062824809032;0.005650657896294983;2.5270510347423074E-4
108.0;0.008834207302154165;0.005687466121468945;2.543512173466327E-4
109.0;0.008869400940534034;0.0057302638484192335;2.5626518988149913E-4
110.0;0.008892935617332285;0.005749774820387829;2.571377470740766E-4
111.0;0.008920481096848757;0.005732014425546527;2.5634347807062884E-4
112.0;0.008935466735320358;0.005732620842180599;2.563705978469582E-4
113.0;0.008961877573886804;0.005718848717555554;2.557546897098343E-4
114.0;0.00894074114748094;0.005702861351173029;2.5503971294958385E-4
115.0;0.008933437364146847;0.005708069583574228;2.552726321834178E-4
116.0;0.008913999985729249;0.005744407484221925;2.5689771250357547E-4
117.0;0.00892393597106152;0.005749985085246719;2.5714715040443174E-4
118.0;0.008901413682035448;0.0057442811223138626;2.568920614272516E-4
119.0;0.00884362274442023;0.005736571784279631;2.5654728934913025E-4
120.0;0.008786022625731311;0.005707188522844874;2.55233229949755E-4
121.0;0.008758115553826658;0.005682661232121625;2.5413633616253327E-4
122.0;0.008689876799566638;0.005642728740841691;2.523505008622763E-4
123.0;0.008636431185672873;0.005632666316734257;2.5190049557582316E-4
124.0;0.008545606829352608;0.005623531459904506;2.5149197235910215E-4
125.0;0.008434581936582043;0.005600456321960366;2.5046002081843653E-4
126.0;0.008350296760445675;0.005550033422641741;2.4820504020845504E-4
127.0;0.00826090240466262;0.00554848312868311;2.4813570895492295E-4
128.0;0.008172954581912494;0.005538086354279223;2.4767075106864653E-4
129.0;0.008078836049491089;0.005518207805049131;2.467817553211953E-4
130.0;0.007978911049523876;0.005511528637889204;2.4648305388514166E-4
131.0;0.00787741973081359;0.005503104438166686;2.4610631222042996E-4
132.0;0.007747288665688047;0.005510445788109374;2.464346273707992E-4
133.0;0.007635214781502758;0.0054990089986472245;2.4592315859716486E-4
134.0;0.007528774808890989;0.005450674300441827;2.4376156517998072E-4
135.0;0.007398807109251836;0.005447489900942575;2.4361915450502383E-4
136.0;0.007273462710346692;0.00545621821616595;2.4400949662839412E-4
137.0;0.00714948017757104;0.005455239079743146;2.439657083163814E-4
138.0;0.0070299897466360286;0.005418442677988185;2.4232012320335168E-4
139.0;0.006899874666339882;0.005389633979856444;2.410317590560348E-4
140.0;0.006753369672871112;0.005373022595616073;2.4028887536879802E-4
141.0;0.006623805527206855;0.005367746748166135;2.4005293229805843E-4
142.0;0.00650145212555752;0.005347998384957101;2.3916975864646334E-4
143.0;0.006343377076296963;0.005335437115260002;2.386080015879349E-4
144.0;0.006204925408693932;0.0053008417711368555;2.3706085076464781E-4
145.0;0.006053243173849234;0.005260682379552623;2.3526486817430028E-4
146.0;0.005940139685052451;0.005239298884566714;2.3430856920659992E-4
147.0;0.005812711892739348;0.0052237600998378125;2.3361365362776872E-4
148.0;0.005698941329476254;0.005164693102358343;2.3097209719595067E-4
149.0;0.005567210345768996;0.005137907784137885;2.2977422134915255E-4
150.0;0.005441755398818737;0.005103485066156918;2.282347906016376E-4
151.0;0.005339899582112124;0.0050737513563673614;2.269050586753836E-4
152.0;0.005215690755616099;0.005038576609981869;2.2533199619519808E-4
153.0;0.005110319762143206;0.005028582638058686;2.2488505218348884E-4
154.0;0.004979313306934061;0.004983292994370368;2.2285963774421237E-4
155.0;0.004869996007483816;0.004951442779680297;2.2143525284131318E-4
156.0;0.004743087901988878;0.00493364038474714;2.206391055366564E-4
157.0;0.004637049320758014;0.004914363870812065;2.1977703362609545E-4
158.0;0.004549528203671012;0.004866545656249045;2.1763853805958374E-4
159.0;0.004435340324493432;0.004835594802748665;2.1625437381181403E-4
160.0;0.004329566557776647;0.0048036978646176405;2.148278993731125E-4
161.0;0.0042264765938767575;0.0047483006392836724;2.1235046014088E-4
162.0;0.004140752921023367;0.004710129852595536;2.1064341066509364E-4
163.0;0.0040513601721674;0.004665820499863977;2.08661836170158E-4
164.0;0.0039784315149832055;0.004638671944237422;2.074477158527198E-4
165.0;0.0038790546798153813;0.004606393251627507;2.06004168834708E-4
166.0;0.00377622981993039;0.004561975284057136;2.0401773693651335E-4
167.0;0.003674237297567686;0.00451170679733995;2.017696618679999E-4
168.0;0.0035536476618749173;0.004458075172614294;1.993711826953934E-4
169.0;0.0034633549405554544;0.004431345737912837;1.981758060355414E-4
170.0;0.003364014540675436;0.004378047871043841;1.9579225296804522E-4
171.0;0.003272646958978241;0.004321686978461849;1.9327171722632725E-4
172.0;0.0031768530917677448;0.004281294164021557;1.9146529564850672E-4
173.0;0.0031004092767375024;0.00423950290954255;1.8959633393090565E-4
174.0;0.003003432985130211;0.004167134030844587;1.86359899286424E-4
175.0;0.0029352400680081477;0.004134293929830108;1.848912453212973E-4
176.0;0.002850549793884515;0.004086836973566852;1.8276890571709983E-4
177.0;0.002781377618712447;0.004047761294086957;1.8102138820541905E-4
178.0;0.0027022595719235656;0.004010741601452224;1.7936581722067084E-4
179.0;0.0026284373867689536;0.003976728873262634;1.778447217740279E-4
180.0;0.0025632331853009745;0.003946743173920707;1.765037205323995E-4
181.0;0.0024998341782362927;0.003903732861834327;1.7458024090122697E-4
182.0;0.002438181499384075;0.003853376352428269;1.723282293383959E-4
183.0;0.0023974628944110113;0.003785638528585;1.6929890176316681E-4
184.0;0.0023347381301194944;0.003739899387107464;1.6725338517164178E-4
185.0;0.0022534105740829365;0.003673267657088044;1.6427352361600506E-4
186.0;0.002190798334043977;0.0036264499098016927;1.621797703062913E-4
187.0;0.002130154329079237;0.0035844494081110822;1.603014507689053E-4
188.0;0.002067501656642615;0.003534374659582887;1.5806203993560026E-4
189.0;0.0020020571007444065;0.0034882788553809974;1.5600057290214136E-4
190.0;0.0019443976648960254;0.0034310031861522587;1.534391271050963E-4
191.0;0.001885743895614817;0.0033625393363809894;1.5037733066329846E-4
192.0;0.001840640848198186;0.0033046606554521063;1.4778891736319841E-4
193.0;0.0017847891653627835;0.0032660454110849143;1.4606199113574225E-4
194.0;0.001728355118056612;0.0032187872535966006;1.4394854208303707E-4
195.0;0.001685134438118435;0.00318555441908951;1.4246232454217993E-4
196.0;0.0016370899932909354;0.0031544742812214363;1.410723785217184E-4
197.0;0.001598791995218649;0.003130708221351114;1.4000952801317097E-4
198.0;0.0015642603153089671;0.0030958405345127907;1.3845019765339767E-4
199.0;0.0015149170775227414;0.0030288377812251197;1.3545374343278008E-4
200.0;0.0014719959256990884;0.003000527396979806;1.3418766455994686E-4
201.0;0.001428875814268592;0.002983992369024875;1.3344819562960517E-4
202.0;0.0013945940543273817;0.002953399944966294;1.320800608337754E-4
203.0;0.00136031114972023;0.0029124203246777116;1.3024739650062742E-4
204.0;0.001317840140088055;0.0028823206053616556;1.2890129613074013E-4
205.0;0.001283527598681516;0.002858093514637409;1.2781782769561074E-4
206.0;0.0012410066014122481;0.0027890978399804506;1.2473224732188236E-4
207.0;0.001215386550753561;0.002754209677591577;1.2317200126765092E-4
208.0;0.001187869923779126;0.00271992994047304;1.2163896481869347E-4
209.0;0.0011605021869653342;0.0026812818074334254;1.199105677650928E-4
210.0;0.001124891590770283;0.0026190508694712423;1.1712751561335253E-4
211.0;0.0010958427076391093;0.0025841715419788153;1.1556766466770164E-4
212.0;0.0010640164777578909;0.0025550261281561838;1.1426424213690633E-4
213.0;0.0010321284383633324;0.0025077768004245424;1.12151187962924E-4
214.0;9.917224351800118E-4;0.002462702205632227;1.101353908026465E-4
215.0;9.465436550739044E-4;0.0023899620203402332;1.0688235082246992E-4
216.0;9.242681880726011E-4;0.002363198241147626;1.0568543823028065E-4
217.0;9.024304971867682E-4;0.0023251566905019955;1.0398416836601803E-4
218.0;8.687089119563427E-4;0.0022587569054094425;1.0101467970285152E-4
219.0;8.418296142677717E-4;0.0022090174472794762;9.879026351199932E-5
220.0;8.185025939668949E-4;0.002178291870783853;9.741617395815767E-5
221.0;7.917697247588974E-4;0.0021503598083648157;9.616701415174297E-5
222.0;7.749293085492639E-4;0.002120910014862712;9.484997934786226E-5
223.0;7.563723883744082E-4;0.002087275929882183;9.334581734031291E-5
224.0;7.361248481954844E-4;0.002062121111630018;9.222085966884304E-5
225.0;7.096184166248288E-4;0.0020339452509759554;9.096079687390213E-5
226.0;6.963014201169412E-4;0.001998647552274161;8.938223579897176E-5
227.0;6.74895200902552E-4;0.0019792737395716727;8.851581255524951E-5
228.0;6.561354617448253E-4;0.001959629584640478;8.763729923951572E-5
229.0;6.458074231618216E-4;0.0019492688472346554;8.717395297678684E-5
230.0;6.307916349357946E-4;0.0019268106447385333;8.616959162811116E-5
231.0;6.057135587556624E-4;0.001896763440654306;8.482583981078832E-5
232.0;5.888545910858817E-4;0.0018663212099099455;8.346442186416585E-5
233.0;5.755033482559835E-4;0.0018451967122495095;8.251970560898044E-5
234.0;5.574820235525371E-4;0.0018261500436719002;8.166791269529157E-5
235.0;5.376685544589299E-4;0.0018075826642703868;8.083755424517531E-5
236.0;5.22771980337913E-4;0.0017747796238180929;7.937055767877521E-5
237.0;5.029243636863444E-4;0.0017325954145937933;7.748402249072306E-5
238.0;4.8329103005724126E-4;0.0016880728155489223;7.549291133073709E-5
239.0;4.717195571992724E-4;0.0016664912160757326;7.452775286103256E-5
240.0;4.6171228141918784E-4;0.001652697083982337;7.391086052000369E-5
241.0;4.4059836878636673E-4;0.0016080413151476334;7.191379382596541E-5
242.0;4.292304463492937E-4;0.0015925423642655456;7.122065967091983E-5
243.0;4.127084507016167E-4;0.0015562046610351548;6.959558817953249E-5
244.0;4.04335605129675E-4;0.0015375723260642152;6.876232482804114E-5
245.0;3.9265233344847554E-4;0.001518330540145285;6.790180600157661E-5
246.0;3.76468932545607E-4;0.0014836705189629528;6.635176273227106E-5
247.0;3.6676978246680784E-4;0.001457553594335802;6.518377835568011E-5
248.0;3.584705723380952E-4;0.0014377315462259684;6.429730941514293E-5
249.0;3.4547454615824934E-4;0.001401910588775897;6.269534749759318E-5
250.0;3.404111177189266E-4;0.001386671248850348;6.20138234974781E-5
251.0;3.257729700722445E-4;0.0013521295417261794;6.046907139370751E-5
252.0;3.15867750276115E-4;0.0013228899203254877;5.9161435771941425E-5
253.0;3.0609856927283876E-4;0.0012967261576354691;5.799135673350034E-5
254.0;2.931066534325936E-4;0.0012723032040719102;5.689912904591157E-5
255.0;2.8497309027869386E-4;0.0012424077038820532;5.5562161632994004E-5
256.0;2.719976946173143E-4;0.0012096394242925577;5.409671961963738E-5
257.0;2.559913453157151E-4;0.001165700084822504;5.213169262080779E-5
258.0;2.493394240383709E-4;0.0011454220291292944;5.122483040117693E-5
259.0;2.4116087624274116E-4;0.0011148858835553505;4.985921245569357E-5
260.0;2.281603770852146E-4;0.0010691095883346533;4.7812034298262014E-5
261.0;2.1836733098060926E-4;0.0010462483894860142;4.678965040480808E-5
262.0;2.1038913416792182E-4;0.0010304501648987683;4.608313232279027E-5
263.0;1.9269559594019508E-4;9.706866845469454E-4;4.341042823001729E-5
264.0;1.9261524640556664E-4;9.701299282112764E-4;4.3385529329748096E-5
265.0;1.8461077254922076E-4;9.631381107938669E-4;4.3072845749116205E-5
266.0;1.702854405448928E-4;9.337970653768314E-4;4.17606743074482E-5
267.0;1.6061436174899751E-4;9.156712487458542E-4;4.095006314475698E-5
268.0;1.478061808532759E-4;8.954267896251262E-4;4.004470340952371E-5
269.0;1.3515469017058503E-4;8.469217062832509E-4;3.787549013738919E-5
270.0;1.2873349906361852E-4;8.294489171891988E-4;3.709408325397284E-5
271.0;1.2555814202847438E-4;8.266258846458398E-4;3.6967833400579945E-5
272.0;1.2072722152226705E-4;7.944635397705981E-4;3.55294896114433E-5
273.0;1.1432658135858733E-4;7.660734486205759E-4;3.4259846137466006E-5
274.0;1.0792160395678943E-4;7.537161421672115E-4;3.370721059249561E-5
275.0;9.678410807711465E-5;7.284115800111218E-4;3.2575556170057904E-5
276.0;9.039993241415851E-5;7.145984461732135E-4;3.1957814045180594E-5
277.0;8.716189193302263E-5;7.09287662104644E-4;3.1720308561357706E-5
278.0;8.712025041343172E-5;7.091794855243397E-4;3.171547075761503E-5
279.0;8.081551153577701E-5;7.027735183458726E-4;3.142898719616133E-5
280.0;7.912987454398903E-5;6.99596722428969E-4;3.128691656374453E-5
281.0;7.59386209613797E-5;6.927555338805202E-4;3.0980969310920034E-5
282.0;7.124158470139551E-5;6.830963241368378E-4;3.0548996319003996E-5
283.0;6.803551236309497E-5;6.719555076225544E-4;3.0050763857988193E-5
284.0;6.801660018867882E-5;6.718937368237275E-4;3.0048001383884165E-5
285.0;6.796656449185676E-5;6.710269935843139E-4;3.0009239447836823E-5
286.0;6.63432685578747E-5;6.697690102612303E-4;2.9952980723337302E-5
287.0;6.313133866056483E-5;6.347521484589449E-4;2.8386979056364785E-5
288.0;6.155346623836183E-5;6.278185944441079E-4;2.8076901094307942E-5
289.0;5.9930693398224205E-5;6.206389276197315E-4;2.7755816632805826E-5
290.0;5.6827806539166755E-5;6.131357775393273E-4;2.742026556030249E-5
291.0;5.359117638452623E-5;6.092169924267936E-4;2.7245012162285702E-5
292.0;5.3560459443373675E-5;6.087850505348357E-4;2.7225695133630746E-5
293.0;5.1950022002666815E-5;6.050592783685289E-4;2.7059073536979972E-5
294.0;5.033406065894268E-5;6.036940674860823E-4;2.699801945024451E-5
295.0;5.031196447572947E-5;6.03278274754536E-4;2.6979424633998754E-5
296.0;4.715370020996646E-5;5.97117755590756E-4;2.6703917841460707E-5
297.0;4.556300798986177E-5;5.957769617286509E-4;2.664395571707108E-5
298.0;4.39895424513571E-5;5.629072824731996E-4;2.5173978972795005E-5
299.0;3.9232555052671576E-5;5.227600346407673E-4;2.337853946753801E-5
300.0;3.7684135027947455E-5;5.194149582425983E-4;2.3228943103213287E-5
301.0;3.76535186679658E-5;5.19002990108056E-4;2.3210519328145283E-5
302.0;3.298279616482511E-5;4.5244030354157146E-4;2.0233745489591852E-5
303.0;3.144542449319946E-5;4.4862032479077094E-4;2.006291084640396E-5
304.0;2.9821905541294586E-5;4.382119599479609E-4;1.9597434619941113E-5
305.0;2.823615374187846E-5;4.36588825300883E-4;1.9524845831791087E-5
306.0;2.8231112461574668E-5;4.3656570686285225E-4;1.952381194381168E-5
307.0;2.8224919998440307E-5;4.3654069231286103E-4;1.952269325912754E-5
308.0;2.669819529949899E-5;4.352976124086605E-4;1.9467101035782414E-5
309.0;2.513183989267645E-5;4.017640369268171E-4;1.7967433949661974E-5
310.0;2.3593925702811263E-5;4.003489291785923E-4;1.7904148407251627E-5
311.0;2.355373669267871E-5;3.994869710376186E-4;1.7865600467312096E-5
312.0;2.3552447426464603E-5;3.994844508298095E-4;1.7865487760192525E-5
313.0;2.353268355840128E-5;3.9917015557363277E-4;1.7851432049036188E-5
314.0;2.353268355840128E-5;3.9917015557363277E-4;1.7851432049036188E-5
315.0;2.353140048065702E-5;3.9916765161816765E-4;1.7851320068743535E-5
316.0;2.1919345639276174E-5;3.90866758335872E-4;1.7480092835679847E-5
317.0;2.1904751533143594E-5;3.9057280095282186E-4;1.7466946661860086E-5
318.0;2.189018016356144E-5;3.9027930814908155E-4;1.745382126465868E-5
319.0;2.0336178609559905E-5;3.5633720829919666E-4;1.5935884413390117E-5
320.0;1.7138736563197005E-5;3.492480609425127E-4;1.561884810554895E-5
321.0;1.554001554001553E-5;3.4748531118877855E-4;1.554001554001554E-5
322.0;1.554001554001553E-5;3.4748531118877855E-4;1.554001554001554E-5
323.0;1.554001554001553E-5;3.4748531118877855E-4;1.554001554001554E-5
324.0;1.554001554001553E-5;3.4748531118877855E-4;1.554001554001554E-5
325.0;1.5479876160990712E-5;3.4614055379253726E-4;1.547987616099072E-5
326.0;1.546790409899459E-5;3.458728503479953E-4;1.5467904098994586E-5
327.0;1.3899613899613927E-5;3.108048154053762E-4;1.3899613899613902E-5
328.0;1.3899613899613927E-5;3.108048154053762E-4;1.3899613899613902E-5
329.0;1.3899613899613927E-5;3.108048154053762E-4;1.3899613899613902E-5
330.0;1.38888888888889E-5;3.105649968749709E-4;1.3888888888888893E-5
331.0;1.38888888888889E-5;3.105649968749709E-4;1.3888888888888893E-5
332.0;1.38888888888889E-5;3.105649968749709E-4;1.3888888888888893E-5
333.0;1.38888888888889E-5;3.105649968749709E-4;1.3888888888888893E-5
334.0;1.3878180416345405E-5;3.103255481495467E-4;1.387818041634541E-5
335.0;1.3878180416345405E-5;3.103255481495467E-4;1.387818041634541E-5
336.0;1.3835511145272844E-5;3.0937143424286103E-4;1.3835511145272869E-5
337.0;1.3835511145272844E-5;3.0937143424286103E-4;1.3835511145272869E-5
338.0;1.3824884792626717E-5;3.0913382177416435E-4;1.3824884792626722E-5
339.0;1.3814274750575571E-5;3.088965740214599E-4;1.3814274750575596E-5
340.0;1.3814274750575571E-5;3.088965740214599E-4;1.3814274750575596E-5
341.0;1.3803680981595098E-5;3.0865969014567637E-4;1.3803680981595086E-5
342.0;1.3803680981595098E-5;3.0865969014567637E-4;1.3803680981595086E-5
343.0;1.3793103448275855E-5;3.084231693103158E-4;1.3793103448275862E-5
344.0;1.3793103448275855E-5;3.084231693103158E-4;1.3793103448275862E-5
345.0;1.3793103448275855E-5;3.084231693103158E-4;1.3793103448275862E-5
346.0;1.3782542113323134E-5;3.081870106814412E-4;1.3782542113323126E-5
347.0;1.3771996939556223E-5;3.079512134276679E-4;1.3771996939556228E-5
348.0;1.2232415902140664E-5;2.735251348623596E-4;1.2232415902140673E-5
349.0;1.2232415902140664E-5;2.735251348623596E-4;1.2232415902140673E-5
350.0;1.0695187165775403E-5;2.3915165534757113E-4;1.0695187165775403E-5
351.0;1.0695187165775403E-5;2.3915165534757113E-4;1.0695187165775403E-5
352.0;1.0678871090770408E-5;2.3878681681919946E-4;1.0678871090770401E-5
353.0;1.0678871090770408E-5;2.3878681681919946E-4;1.0678871090770401E-5
354.0;1.0678871090770408E-5;2.3878681681919946E-4;1.0678871090770401E-5
355.0;1.0662604722010679E-5;2.3842308975626086E-4;1.066260472201066E-5
356.0;9.139375476009148E-6;2.0436264836250957E-4;9.13937547600915E-6
357.0;9.132420091324196E-6;2.042071212328575E-4;9.1324200913242E-6
358.0;9.125475285171114E-6;2.040518306463686E-4;9.1254752851711E-6
359.0;7.604562737642593E-6;1.700431922053072E-4;7.604562737642585E-6
360.0;6.083650190114057E-6;1.3603455376424571E-4;6.083650190114066E-6
361.0;4.562737642585557E-6;1.020259153231843E-4;4.56273764258555E-6
362.0;4.562737642585557E-6;1.020259153231843E-4;4.56273764258555E-6
363.0;4.559270516717324E-6;1.0194838803190524E-4;4.5592705167173225E-6
364.0;4.559270516717324E-6;1.0194838803190524E-4;4.5592705167173225E-6
365.0;4.559270516717324E-6;1.0194838803190524E-4;4.5592705167173225E-6
366.0;4.555808656036448E-6;1.0187097847379442E-4;4.555808656036442E-6
367.0;4.5523520485584195E-6;1.0179368638087055E-4;4.552352048558422E-6
368.0;4.548900682335101E-6;1.0171651148596468E-4;4.5489006823351035E-6
369.0;3.0326004548900683E-6;6.781100765730977E-5;3.032600454890068E-6
370.0;3.0303030303030318E-6;6.775963568181174E-5;3.030303030303027E-6
371.0;3.0303030303030318E-6;6.775963568181174E-5;3.030303030303027E-6
372.0;3.0303030303030318E-6;6.775963568181174E-5;3.030303030303027E-6
373.0;3.028009084027253E-6;6.77083414837181E-5;3.028009084027253E-6
374.0;3.0257186081694403E-6;6.765712488652925E-5;3.025718608169443E-6
375.0;1.5105740181268889E-6;3.3777461895767204E-5;1.5105740181268876E-6
376.0;1.5082956259426847E-6;3.37265154977344E-5;1.5082956259426853E-6
377.0;1.5071590052750562E-6;3.37010998869599E-5;1.5071590052750562E-6
378.0;1.5071590052750562E-6;3.37010998869599E-5;1.5071590052750562E-6
379.0;1.506024096385543E-6;3.3675722552707674E-5;1.5060240963855419E-6
380.0;1.5048908954100826E-6;3.365038340857471E-5;1.5048908954100826E-6
381.0;1.5048908954100826E-6;3.365038340857471E-5;1.5048908954100826E-6
382.0;1.5048908954100826E-6;3.365038340857471E-5;1.5048908954100826E-6
383.0;1.5048908954100826E-6;3.365038340857471E-5;1.5048908954100826E-6
384.0;1.5048908954100826E-6;3.365038340857471E-5;1.5048908954100826E-6
385.0;1.5048908954100826E-6;3.365038340857471E-5;1.5048908954100826E-6
386.0;1.5048908954100826E-6;3.365038340857471E-5;1.5048908954100826E-6
387.0;1.5037593984962412E-6;3.36250823684179E-5;1.5037593984962408E-6
388.0;1.5026296018031553E-6;3.3599819346352966E-5;1.5026296018031555E-6
389.0;1.5026296018031553E-6;3.3599819346352966E-5;1.5026296018031555E-6
390.0;1.5026296018031553E-6;3.3599819346352966E-5;1.5026296018031555E-6
391.0;1.5026296018031553E-6;3.3599819346352966E-5;1.5026296018031555E-6
392.0;0.0;0.0;0.0
393.0;0.0;0.0;0.0
394.0;0.0;0.0;0.0
395.0;0.0;0.0;0.0
396.0;0.0;0.0;0.0
397.0;0.0;0.0;0.0
398.0;0.0;0.0;0.0
399.0;0.0;0.0;0.0
400.0;0.0;0.0;0.0
401.0;0.0;0.0;0.0
402.0;0.0;0.0;0.0
403.0;0.0;0.0;0.0
404.0;0.0;0.0;0.0
405.0;0.0;0.0;0.0
406.0;0.0;0.0;0.0
407.0;0.0;0.0;0.0
408.0;0.0;0.0;0.0
409.0;0.0;0.0;0.0
410.0;0.0;0.0;0.0
411.0;0.0;0.0;0.0
412.0;0.0;0.0;0.0
413.0;0.0;0.0;0.0
414.0;0.0;0.0;0.0
415.0;0.0;0.0;0.0
416.0;0.0;0.0;0.0
417.0;0.0;0.0;0.0
418.0;0.0;0.0;0.0
419.0;0.0;0.0;0.0
420.0;0.0;0.0;0.0
421.0;0.0;0.0;0.0
422.0;0.0;0.0;0.0
423.0;0.0;0.0;0.0
424.0;0.0;0.0;0.0
425.0;0.0;0.0;0.0
426.0;0.0;0.0;0.0
427.0;0.0;0.0;0.0
428.0;0.0;0.0;0.0
429.0;0.0;0.0;0.0
430.0;0.0;0.0;0.0
431.0;0.0;0.0;0.0
432.0;0.0;0.0;0.0
433.0;0.0;0.0;0.0
434.0;0.0;0.0;0.0
435.0;0.0;0.0;0.0
436.0;0.0;0.0;0.0
437.0;0.0;0.0;0.0
438.0;0.0;0.0;0.0
439.0;0.0;0.0;0.0
440.0;0.0;0.0;0.0
441.0;0.0;0.0;0.0
442.0;0.0;0.0;0.0
443.0;0.0;0.0;0.0
444.0;0.0;0.0;0.0
445.0;0.0;0.0;0.0
446.0;0.0;0.0;0.0
447.0;0.0;0.0;0.0
448.0;0.0;0.0;0.0
449.0;0.0;0.0;0.0
450.0;0.0;0.0;0.0
451.0;0.0;0.0;0.0
452.0;0.0;0.0;0.0
453.0;0.0;0.0;0.0
454.0;0.0;0.0;0.0
455.0;0.0;0.0;0.0
456.0;0.0;0.0;0.0
457.0;0.0;0.0;0.0
458.0;0.0;0.0;0.0
459.0;0.0;0.0;0.0
460.0;0.0;0.0;0.0
461.0;0.0;0.0;0.0
462.0;0.0;0.0;0.0
463.0;0.0;0.0;0.0
464.0;0.0;0.0;0.0
465.0;0.0;0.0;0.0
466.0;0.0;0.0;0.0
467.0;0.0;0.0;0.0
468.0;0.0;0.0;0.0
469.0;0.0;0.0;0.0
470.0;0.0;0.0;0.0
471.0;0.0;0.0;0.0
472.0;0.0;0.0;0.0
473.0;0.0;0.0;0.0
474.0;0.0;0.0;0.0
475.0;0.0;0.0;0.0
476.0;0.0;0.0;0.0
477.0;0.0;0.0;0.0
478.0;0.0;0.0;0.0
479.0;0.0;0.0;0.0
480.0;0.0;0.0;0.0
481.0;0.0;0.0;0.0
482.0;0.0;0.0;0.0
483.0;0.0;0.0;0.0
484.0;0.0;0.0;0.0
485.0;0.0;0.0;0.0
486.0;0.0;0.0;0.0
487.0;0.0;0.0;0.0
488.0;0.0;0.0;0.0
489.0;0.0;0.0;0.0
490.0;0.0;0.0;0.0
491.0;0.0;0.0;0.0
492.0;0.0;0.0;0.0
493.0;0.0;0.0;0.0
494.0;0.0;0.0;0.0
495.0;0.0;0.0;0.0
496.0;0.0;0.0;0.0
497.0;0.0;0.0;0.0
498.0;0.0;0.0;0.0
499.0;0.0;0.0;0.0
500.0;0.0;0.0;0.0
501.0;0.0;0.0;0.0
502.0;0.0;0.0;0.0
503.0;0.0;0.0;0.0
504.0;0.0;0.0;0.0
505.0;0.0;0.0;0.0
506.0;0.0;0.0;0.0
507.0;0.0;0.0;0.0
508.0;0.0;0.0;0.0
509.0;0.0;0.0;0.0
510.0;0.0;0.0;0.0
511.0;0.0;0.0;0.0
512.0;0.0;0.0;0.0
513.0;0.0;0.0;0.0
514.0;0.0;0.0;0.0
515.0;0.0;0.0;0.0
516.0;0.0;0.0;0.0
517.0;0.0;0.0;0.0
518.0;0.0;0.0;0.0
519.0;0.0;0.0;0.0
520.0;0.0;0.0;0.0
521.0;0.0;0.0;0.0
522.0;0.0;0.0;0.0
523.0;0.0;0.0;0.0
524.0;0.0;0.0;0.0
525.0;0.0;0.0;0.0
526.0;0.0;0.0;0.0
527.0;0.0;0.0;0.0
528.0;0.0;0.0;0.0
529.0;0.0;0.0;0.0
530.0;0.0;0.0;0.0
531.0;0.0;0.0;0.0
532.0;0.0;0.0;0.0
533.0;0.0;0.0;0.0
534.0;0.0;0.0;0.0
535.0;0.0;0.0;0.0
536.0;0.0;0.0;0.0
537.0;0.0;0.0;0.0
538.0;0.0;0.0;0.0
539.0;0.0;0.0;0.0
540.0;0.0;0.0;0.0
541.0;0.0;0.0;0.0
542.0;0.0;0.0;0.0
543.0;0.0;0.0;0.0
544.0;0.0;0.0;0.0
545.0;0.0;0.0;0.0
546.0;0.0;0.0;0.0
547.0;0.0;0.0;0.0
548.0;0.0;0.0;0.0
549.0;0.0;0.0;0.0
550.0;0.0;0.0;0.0
551.0;0.0;0.0;0.0
552.0;0.0;0.0;0.0
553.0;0.0;0.0;0.0
554.0;0.0;0.0;0.0
555.0;0.0;0.0;0.0
556.0;0.0;0.0;0.0
557.0;0.0;0.0;0.0
558.0;0.0;0.0;0.0
559.0;0.0;0.0;0.0
560.0;0.0;0.0;0.0
561.0;0.0;0.0;0.0
562.0;0.0;0.0;0.0
563.0;0.0;0.0;0.0
564.0;0.0;0.0;0.0
565.0;0.0;0.0;0.0
566.0;0.0;0.0;0.0
567.0;0.0;0.0;0.0
568.0;0.0;0.0;0.0
569.0;0.0;0.0;0.0
570.0;0.0;0.0;0.0
571.0;0.0;0.0;0.0
572.0;0.0;0.0;0.0
573.0;0.0;0.0;0.0
574.0;0.0;0.0;0.0
575.0;0.0;0.0;0.0
576.0;0.0;0.0;0.0
577.0;0.0;0.0;0.0
578.0;0.0;0.0;0.0
579.0;0.0;0.0;0.0
580.0;0.0;0.0;0.0
581.0;0.0;0.0;0.0
582.0;0.0;0.0;0.0
583.0;0.0;0.0;0.0
584.0;0.0;0.0;0.0
585.0;0.0;0.0;0.0
586.0;0.0;0.0;0.0
587.0;0.0;0.0;0.0
588.0;0.0;0.0;0.0
589.0;0.0;0.0;0.0
590.0;0.0;0.0;0.0
591.0;0.0;0.0;0.0
592.0;0.0;0.0;0.0
593.0;0.0;0.0;0.0
594.0;0.0;0.0;0.0
595.0;0.0;0.0;0.0
596.0;0.0;0.0;0.0
597.0;0.0;0.0;0.0
598.0;0.0;0.0;0.0
599.0;0.0;0.0;0.0
600.0;0.0;0.0;0.0
601.0;0.0;0.0;0.0
602.0;0.0;0.0;0.0
603.0;0.0;0.0;0.0
604.0;0.0;0.0;0.0
605.0;0.0;0.0;0.0
606.0;0.0;0.0;0.0
607.0;0.0;0.0;0.0
608.0;0.0;0.0;0.0
609.0;0.0;0.0;0.0
610.0;0.0;0.0;0.0
611.0;0.0;0.0;0.0
612.0;0.0;0.0;0.0
613.0;0.0;0.0;0.0
614.0;0.0;0.0;0.0
615.0;0.0;0.0;0.0
616.0;0.0;0.0;0.0
617.0;0.0;0.0;0.0
618.0;0.0;0.0;0.0
619.0;0.0;0.0;0.0
620.0;0.0;0.0;0.0
621.0;0.0;0.0;0.0
622.0;0.0;0.0;0.0
623.0;0.0;0.0;0.0
624.0;0.0;0.0;0.0
625.0;0.0;0.0;0.0
626.0;0.0;0.0;0.0
627.0;0.0;0.0;0.0
628.0;0.0;0.0;0.0
629.0;0.0;0.0;0.0
630.0;0.0;0.0;0.0
631.0;0.0;0.0;0.0
632.0;0.0;0.0;0.0
633.0;0.0;0.0;0.0
634.0;0.0;0.0;0.0
635.0;0.0;0.0;0.0
636.0;0.0;0.0;0.0
637.0;0.0;0.0;0.0
638.0;0.0;0.0;0.0
639.0;0.0;0.0;0.0
640.0;0.0;0.0;0.0
641.0;0.0;0.0;0.0
642.0;0.0;0.0;0.0
643.0;0.0;0.0;0.0
644.0;0.0;0.0;0.0
645.0;0.0;0.0;0.0
646.0;0.0;0.0;0.0
647.0;0.0;0.0;0.0
648.0;0.0;0.0;0.0
649.0;0.0;0.0;0.0
650.0;0.0;0.0;0.0
651.0;0.0;0.0;0.0
652.0;0.0;0.0;0.0
653.0;0.0;0.0;0.0
654.0;0.0;0.0;0.0
655.0;0.0;0.0;0.0
656.0;0.0;0.0;0.0
657.0;0.0;0.0;0.0
658.0;0.0;0.0;0.0
659.0;0.0;0.0;0.0
660.0;0.0;0.0;0.0
661.0;0.0;0.0;0.0
662.0;0.0;0.0;0.0
663.0;0.0;0.0;0.0
664.0;0.0;0.0;0.0
665.0;0.0;0.0;0.0
666.0;0.0;0.0;0.0
667.0;0.0;0.0;0.0
668.0;0.0;0.0;0.0
669.0;0.0;0.0;0.0
670.0;0.0;0.0;0.0
671.0;0.0;0.0;0.0
672.0;0.0;0.0;0.0
673.0;0.0;0.0;0.0
674.0;0.0;0.0;0.0
675.0;0.0;0.0;0.0
676.0;0.0;0.0;0.0
677.0;0.0;0.0;0.0
678.0;0.0;0.0;0.0
679.0;0.0;0.0;0.0
680.0;0.0;0.0;0.0
681.0;0.0;0.0;0.0
682.0;0.0;0.0;0.0
683.0;0.0;0.0;0.0
684.0;0.0;0.0;0.0
685.0;0.0;0.0;0.0
686.0;0.0;0.0;0.0
687.0;0.0;0.0;0.0
688.0;0.0;0.0;0.0
689.0;0.0;0.0;0.0
690.0;0.0;0.0;0.0
691.0;0.0;0.0;0.0
692.0;0.0;0.0;0.0
693.0;0.0;0.0;0.0
694.0;0.0;0.0;0.0
695.0;0.0;0.0;0.0
696.0;0.0;0.0;0.0
697.0;0.0;0.0;0.0
698.0;0.0;0.0;0.0
699.0;0.0;0.0;0.0
700.0;0.0;0.0;0.0
701.0;0.0;0.0;0.0
702.0;0.0;0.0;0.0
703.0;0.0;0.0;0.0
704.0;0.0;0.0;0.0
705.0;0.0;0.0;0.0
706.0;0.0;0.0;0.0
707.0;0.0;0.0;0.0
708.0;0.0;0.0;0.0
709.0;0.0;0.0;0.0
710.0;0.0;0.0;0.0
711.0;0.0;0.0;0.0
712.0;0.0;0.0;0.0
713.0;0.0;0.0;0.0
714.0;0.0;0.0;0.0
715.0;0.0;0.0;0.0
716.0;0.0;0.0;0.0
717.0;0.0;0.0;0.0
718.0;0.0;0.0;0.0
719.0;0.0;0.0;0.0
720.0;0.0;0.0;0.0
721.0;0.0;0.0;0.0
722.0;0.0;0.0;0.0
723.0;0.0;0.0;0.0
724.0;0.0;0.0;0.0
725.0;0.0;0.0;0.0
726.0;0.0;0.0;0.0
727.0;0.0;0.0;0.0
728.0;0.0;0.0;0.0
729.0;0.0;0.0;0.0
730.0;0.0;0.0;0.0
731.0;0.0;0.0;0.0
732.0;0.0;0.0;0.0
733.0;0.0;0.0;0.0
734.0;0.0;0.0;0.0
735.0;0.0;0.0;0.0
736.0;0.0;0.0;0.0
737.0;0.0;0.0;0.0
738.0;0.0;0.0;0.0
739.0;0.0;0.0;0.0
740.0;0.0;0.0;0.0
741.0;0.0;0.0;0.0
742.0;0.0;0.0;0.0
743.0;0.0;0.0;0.0
744.0;0.0;0.0;0.0
745.0;0.0;0.0;0.0
746.0;0.0;0.0;0.0
747.0;0.0;0.0;0.0
748.0;0.0;0.0;0.0
749.0;0.0;0.0;0.0
750.0;0.0;0.0;0.0
751.0;0.0;0.0;0.0
752.0;0.0;0.0;0.0
753.0;0.0;0.0;0.0
754.0;0.0;0.0;0.0
755.0;0.0;0.0;0.0
756.0;0.0;0.0;0.0
757.0;0.0;0.0;0.0
758.0;0.0;0.0;0.0
759.0;0.0;0.0;0.0
760.0;0.0;0.0;0.0
761.0;0.0;0.0;0.0
762.0;0.0;0.0;0.0
763.0;0.0;0.0;0.0
764.0;0.0;0.0;0.0
765.0;0.0;0.0;0.0
766.0;0.0;0.0;0.0
767.0;0.0;0.0;0.0
768.0;0.0;0.0;0.0
769.0;0.0;0.0;0.0
770.0;0.0;0.0;0.0
771.0;0.0;0.0;0.0
772.0;0.0;0.0;0.0
773.0;0.0;0.0;0.0
774.0;0.0;0.0;0.0
775.0;0.0;0.0;0.0
776.0;0.0;0.0;0.0
777.0;0.0;0.0;0.0
778.0;0.0;0.0;0.0
779.0;0.0;0.0;0.0
780.0;0.0;0.0;0.0
781.0;0.0;0.0;0.0
782.0;0.0;0.0;0.0
783.0;0.0;0.0;0.0
784.0;0.0;0.0;0.0
785.0;0.0;0.0;0.0
786.0;0.0;0.0;0.0
787.0;0.0;0.0;0.0
788.0;0.0;0.0;0.0
789.0;0.0;0.0;0.0
790.0;0.0;0.0;0.0
791.0;0.0;0.0;0.0
792.0;0.0;0.0;0.0
793.0;0.0;0.0;0.0
794.0;0.0;0.0;0.0
795.0;0.0;0.0;0.0
796.0;0.0;0.0;0.0
797.0;0.0;0.0;0.0
798.0;0.0;0.0;0.0
799.0;0.0;0.0;0.0
800.0;0.0;0.0;0.0
801.0;0.0;0.0;0.0
802.0;0.0;0.0;0.0
803.0;0.0;0.0;0.0
804.0;0.0;0.0;0.0
805.0;0.0;0.0;0.0
806.0;0.0;0.0;0.0
807.0;0.0;0.0;0.0
808.0;0.0;0.0;0.0
809.0;0.0;0.0;0.0
810.0;0.0;0.0;0.0
811.0;0.0;0.0;0.0
812.0;0.0;0.0;0.0
813.0;0.0;0.0;0.0
814.0;0.0;0.0;0.0
815.0;0.0;0.0;0.0
816.0;0.0;0.0;0.0
817.0;0.0;0.0;0.0
818.0;0.0;0.0;0.0
819.0;0.0;0.0;0.0
820.0;0.0;0.0;0.0
821.0;0.0;0.0;0.0
822.0;0.0;0.0;0.0
823.0;0.0;0.0;0.0
824.0;0.0;0.0;0.0
825.0;0.0;0.0;0.0
826.0;0.0;0.0;0.0
827.0;0.0;0.0;0.0
828.0;0.0;0.0;0.0
829.0;0.0;0.0;0.0
830.0;0.0;0.0;0.0
831.0;0.0;0.0;0.0
832.0;0.0;0.0;0.0
833.0;0.0;0.0;0.0
834.0;0.0;0.0;0.0
835.0;0.0;0.0;0.0
836.0;0.0;0.0;0.0
837.0;0.0;0.0;0.0
838.0;0.0;0.0;0.0
839.0;0.0;0.0;0.0
840.0;0.0;0.0;0.0
841.0;0.0;0.0;0.0
842.0;0.0;0.0;0.0
843.0;0.0;0.0;0.0
844.0;0.0;0.0;0.0
845.0;0.0;0.0;0.0
846.0;0.0;0.0;0.0
847.0;0.0;0.0;0.0
848.0;0.0;0.0;0.0
849.0;0.0;0.0;0.0
850.0;0.0;0.0;0.0
851.0;0.0;0.0;0.0
852.0;0.0;0.0;0.0
853.0;0.0;0.0;0.0
854.0;0.0;0.0;0.0
855.0;0.0;0.0;0.0
856.0;0.0;0.0;0.0
857.0;0.0;0.0;0.0
858.0;0.0;0.0;0.0
859.0;0.0;0.0;0.0
860.0;0.0;0.0;0.0
861.0;0.0;0.0;0.0
862.0;0.0;0.0;0.0
863.0;0.0;0.0;0.0
864.0;0.0;0.0;0.0
865.0;0.0;0.0;0.0
866.0;0.0;0.0;0.0
867.0;0.0;0.0;0.0
868.0;0.0;0.0;0.0
869.0;0.0;0.0;0.0
870.0;0.0;0.0;0.0
871.0;0.0;0.0;0.0
872.0;0.0;0.0;0.0
873.0;0.0;0.0;0.0
874.0;0.0;0.0;0.0
875.0;0.0;0.0;0.0
876.0;0.0;0.0;0.0
877.0;0.0;0.0;0.0
878.0;0.0;0.0;0.0
879.0;0.0;0.0;0.0
880.0;0.0;0.0;0.0
881.0;0.0;0.0;0.0
882.0;0.0;0.0;0.0
883.0;0.0;0.0;0.0
884.0;0.0;0.0;0.0
885.0;0.0;0.0;0.0
886.0;0.0;0.0;0.0
887.0;0.0;0.0;0.0
888.0;0.0;0.0;0.0
889.0;0.0;0.0;0.0
890.0;0.0;0.0;0.0
891.0;0.0;0.0;0.0
892.0;0.0;0.0;0.0
893.0;0.0;0.0;0.0
894.0;0.0;0.0;0.0
895.0;0.0;0.0;0.0
896.0;0.0;0.0;0.0
897.0;0.0;0.0;0.0
898.0;0.0;0.0;0.0
899.0;0.0;0.0;0.0
900.0;0.0;0.0;0.0
901.0;0.0;0.0;0.0
902.0;0.0;0.0;0.0
903.0;0.0;0.0;0.0
904.0;0.0;0.0;0.0
905.0;0.0;0.0;0.0
906.0;0.0;0.0;0.0
907.0;0.0;0.0;0.0
908.0;0.0;0.0;0.0
909.0;0.0;0.0;0.0
910.0;0.0;0.0;0.0
911.0;0.0;0.0;0.0
912.0;0.0;0.0;0.0
913.0;0.0;0.0;0.0
914.0;0.0;0.0;0.0
915.0;0.0;0.0;0.0
916.0;0.0;0.0;0.0
917.0;0.0;0.0;0.0
918.0;0.0;0.0;0.0
919.0;0.0;0.0;0.0
920.0;0.0;0.0;0.0
921.0;0.0;0.0;0.0
922.0;0.0;0.0;0.0
923.0;0.0;0.0;0.0
924.0;0.0;0.0;0.0
925.0;0.0;0.0;0.0
926.0;0.0;0.0;0.0
927.0;0.0;0.0;0.0
928.0;0.0;0.0;0.0
929.0;0.0;0.0;0.0
930.0;0.0;0.0;0.0
931.0;0.0;0.0;0.0
932.0;0.0;0.0;0.0
933.0;0.0;0.0;0.0
934.0;0.0;0.0;0.0
935.0;0.0;0.0;0.0
936.0;0.0;0.0;0.0
937.0;0.0;0.0;0.0
938.0;0.0;0.0;0.0
939.0;0.0;0.0;0.0
940.0;0.0;0.0;0.0
941.0;0.0;0.0;0.0
942.0;0.0;0.0;0.0
943.0;0.0;0.0;0.0
944.0;0.0;0.0;0.0
945.0;0.0;0.0;0.0
946.0;0.0;0.0;0.0
947.0;0.0;0.0;0.0
948.0;0.0;0.0;0.0
949.0;0.0;0.0;0.0
950.0;0.0;0.0;0.0
951.0;0.0;0.0;0.0
952.0;0.0;0.0;0.0
953.0;0.0;0.0;0.0
954.0;0.0;0.0;0.0
955.0;0.0;0.0;0.0
956.0;0.0;0.0;0.0
957.0;0.0;0.0;0.0
958.0;0.0;0.0;0.0
959.0;0.0;0.0;0.0
960.0;0.0;0.0;0.0
961.0;0.0;0.0;0.0
962.0;0.0;0.0;0.0
963.0;0.0;0.0;0.0
964.0;0.0;0.0;0.0
965.0;0.0;0.0;0.0
966.0;0.0;0.0;0.0
967.0;0.0;0.0;0.0
968.0;0.0;0.0;0.0
969.0;0.0;0.0;0.0
970.0;0.0;0.0;0.0
971.0;0.0;0.0;0.0
972.0;0.0;0.0;0.0
973.0;0.0;0.0;0.0
974.0;0.0;0.0;0.0
975.0;0.0;0.0;0.0
976.0;0.0;0.0;0.0
977.0;0.0;0.0;0.0
978.0;0.0;0.0;0.0
979.0;0.0;0.0;0.0
980.0;0.0;0.0;0.0
981.0;0.0;0.0;0.0
982.0;0.0;0.0;0.0
983.0;0.0;0.0;0.0
984.0;0.0;0.0;0.0
985.0;0.0;0.0;0.0
986.0;0.0;0.0;0.0
987.0;0.0;0.0;0.0
988.0;0.0;0.0;0.0
989.0;0.0;0.0;0.0
990.0;0.0;0.0;0.0
991.0;0.0;0.0;0.0
992.0;0.0;0.0;0.0
993.0;0.0;0.0;0.0
994.0;0.0;0.0;0.0
995.0;0.0;0.0;0.0
996.0;0.0;0.0;0.0
997.0;0.0;0.0;0.0
998.0;0.0;0.0;0.0
999.0;0.0;0.0;0.0
1000.0;0.0;0.0;0.0
1001.0;0.0;0.0;0.0
1002.0;0.0;0.0;0.0
1003.0;0.0;0.0;0.0
1004.0;0.0;0.0;0.0
1005.0;0.0;0.0;0.0
1006.0;0.0;0.0;0.0
1007.0;0.0;0.0;0.0
1008.0;0.0;0.0;0.0
1009.0;0.0;0.0;0.0
1010.0;0.0;0.0;0.0
1011.0;0.0;0.0;0.0
1012.0;0.0;0.0;0.0
1013.0;0.0;0.0;0.0
1014.0;0.0;0.0;0.0
1015.0;0.0;0.0;0.0
1016.0;0.0;0.0;0.0
1017.0;0.0;0.0;0.0
1018.0;0.0;0.0;0.0
1019.0;0.0;0.0;0.0
1020.0;0.0;0.0;0.0
1021.0;0.0;0.0;0.0
1022.0;0.0;0.0;0.0
1023.0;0.0;0.0;0.0
1024.0;0.0;0.0;0.0
1025.0;0.0;0.0;0.0
1026.0;0.0;0.0;0.0
1027.0;0.0;0.0;0.0
1028.0;0.0;0.0;0.0
1029.0;0.0;0.0;0.0
1030.0;0.0;0.0;0.0
1031.0;0.0;0.0;0.0
1032.0;0.0;0.0;0.0
1033.0;0.0;0.0;0.0
1034.0;0.0;0.0;0.0
1035.0;0.0;0.0;0.0
1036.0;0.0;0.0;0.0
1037.0;0.0;0.0;0.0
1038.0;0.0;0.0;0.0
1039.0;0.0;0.0;0.0
1040.0;0.0;0.0;0.0
1041.0;0.0;0.0;0.0
1042.0;0.0;0.0;0.0
1043.0;0.0;0.0;0.0
1044.0;0.0;0.0;0.0
1045.0;0.0;0.0;0.0
1046.0;0.0;0.0;0.0
1047.0;0.0;0.0;0.0
1048.0;0.0;0.0;0.0
1049.0;0.0;0.0;0.0
1050.0;0.0;0.0;0.0
1051.0;0.0;0.0;0.0
1052.0;0.0;0.0;0.0
1053.0;0.0;0.0;0.0
1054.0;0.0;0.0;0.0
1055.0;0.0;0.0;0.0
1056.0;0.0;0.0;0.0
1057.0;0.0;0.0;0.0
1058.0;0.0;0.0;0.0
1059.0;0.0;0.0;0.0
1060.0;0.0;0.0;0.0
1061.0;0.0;0.0;0.0
1062.0;0.0;0.0;0.0
1063.0;0.0;0.0;0.0
1064.0;0.0;0.0;0.0
1065.0;0.0;0.0;0.0
1066.0;0.0;0.0;0.0
1067.0;0.0;0.0;0.0
1068.0;0.0;0.0;0.0
1069.0;0.0;0.0;0.0
1070.0;0.0;0.0;0.0
1071.0;0.0;0.0;0.0
1072.0;0.0;0.0;0.0
1073.0;0.0;0.0;0.0
1074.0;0.0;0.0;0.0
1075.0;0.0;0.0;0.0
1076.0;0.0;0.0;0.0
1077.0;0.0;0.0;0.0
1078.0;0.0;0.0;0.0
1079.0;0.0;0.0;0.0
1080.0;0.0;0.0;0.0
1081.0;0.0;0.0;0.0
1082.0;0.0;0.0;0.0
1083.0;0.0;0.0;0.0
1084.0;0.0;0.0;0.0
1085.0;0.0;0.0;0.0
1086.0;0.0;0.0;0.0
1087.0;0.0;0.0;0.0
1088.0;0.0;0.0;0.0
1089.0;0.0;0.0;0.0
1090.0;0.0;0.0;0.0
1091.0;0.0;0.0;0.0
1092.0;0.0;0.0;0.0
1093.0;0.0;0.0;0.0
1094.0;0.0;0.0;0.0
1095.0;0.0;0.0;0.0
1096.0;0.0;0.0;0.0
1097.0;0.0;0.0;0.0
1098.0;0.0;0.0;0.0
1099.0;0.0;0.0;0.0
1100.0;0.0;0.0;0.0
1101.0;0.0;0.0;0.0
1102.0;0.0;0.0;0.0
1103.0;0.0;0.0;0.0
1104.0;0.0;0.0;0.0
1105.0;0.0;0.0;0.0
1106.0;0.0;0.0;0.0
1107.0;0.0;0.0;0.0
1108.0;0.0;0.0;0.0
1109.0;0.0;0.0;0.0
1110.0;0.0;0.0;0.0
1111.0;0.0;0.0;0.0
1112.0;0.0;0.0;0.0
1113.0;0.0;0.0;0.0
1114.0;0.0;0.0;0.0
1115.0;0.0;0.0;0.0
1116.0;0.0;0.0;0.0
1117.0;0.0;0.0;0.0
1118.0;0.0;0.0;0.0
1119.0;0.0;0.0;0.0
1120.0;0.0;0.0;0.0
1121.0;0.0;0.0;0.0
1122.0;0.0;0.0;0.0
1123.0;0.0;0.0;0.0
1124.0;0.0;0.0;0.0
1125.0;0.0;0.0;0.0
1126.0;0.0;0.0;0.0
1127.0;0.0;0.0;0.0
1128.0;0.0;0.0;0.0
1129.0;0.0;0.0;0.0
1130.0;0.0;0.0;0.0
1131.0;0.0;0.0;0.0
1132.0;0.0;0.0;0.0
1133.0;0.0;0.0;0.0
1134.0;0.0;0.0;0.0
1135.0;0.0;0.0;0.0
1136.0;0.0;0.0;0.0
1137.0;0.0;0.0;0.0
1138.0;0.0;0.0;0.0
1139.0;0.0;0.0;0.0
1140.0;0.0;0.0;0.0
1141.0;0.0;0.0;0.0
1142.0;0.0;0.0;0.0
1143.0;0.0;0.0;0.0
1144.0;0.0;0.0;0.0
1145.0;0.0;0.0;0.0
1146.0;0.0;0.0;0.0
1147.0;0.0;0.0;0.0
1148.0;0.0;0.0;0.0
1149.0;0.0;0.0;0.0
1150.0;0.0;0.0;0.0
1151.0;0.0;0.0;0.0
1152.0;0.0;0.0;0.0
1153.0;0.0;0.0;0.0
1154.0;0.0;0.0;0.0
1155.0;0.0;0.0;0.0
1156.0;0.0;0.0;0.0
1157.0;0.0;0.0;0.0
1158.0;0.0;0.0;0.0
1159.0;0.0;0.0;0.0
1160.0;0.0;0.0;0.0
1161.0;0.0;0.0;0.0
1162.0;0.0;0.0;0.0
1163.0;0.0;0.0;0.0
1164.0;0.0;0.0;0.0
1165.0;0.0;0.0;0.0
1166.0;0.0;0.0;0.0
1167.0;0.0;0.0;0.0
1168.0;0.0;0.0;0.0
1169.0;0.0;0.0;0.0
1170.0;0.0;0.0;0.0
1171.0;0.0;0.0;0.0
1172.0;0.0;0.0;0.0
1173.0;0.0;0.0;0.0
1174.0;0.0;0.0;0.0
1175.0;0.0;0.0;0.0
1176.0;0.0;0.0;0.0
1177.0;0.0;0.0;0.0
1178.0;0.0;0.0;0.0
1179.0;0.0;0.0;0.0
1180.0;0.0;0.0;0.0
1181.0;0.0;0.0;0.0
1182.0;0.0;0.0;0.0
1183.0;0.0;0.0;0.0
1184.0;0.0;0.0;0.0
1185.0;0.0;0.0;0.0
1186.0;0.0;0.0;0.0
1187.0;0.0;0.0;0.0
1188.0;0.0;0.0;0.0
1189.0;0.0;0.0;0.0
1190.0;0.0;0.0;0.0
1191.0;0.0;0.0;0.0
1192.0;0.0;0.0;0.0
1193.0;0.0;0.0;0.0
1194.0;0.0;0.0;0.0
1195.0;0.0;0.0;0.0
1196.0;0.0;0.0;0.0
1197.0;0.0;0.0;0.0
1198.0;0.0;0.0;0.0
1199.0;0.0;0.0;0.0
1200.0;0.0;0.0;0.0
1201.0;0.0;0.0;0.0
1202.0;0.0;0.0;0.0
1203.0;0.0;0.0;0.0
1204.0;0.0;0.0;0.0
1205.0;0.0;0.0;0.0
1206.0;0.0;0.0;0.0
1207.0;0.0;0.0;0.0
1208.0;0.0;0.0;0.0
1209.0;0.0;0.0;0.0
1210.0;0.0;0.0;0.0
1211.0;0.0;0.0;0.0
1212.0;0.0;0.0;0.0
1213.0;0.0;0.0;0.0
1214.0;0.0;0.0;0.0
1215.0;0.0;0.0;0.0
1216.0;0.0;0.0;0.0
1217.0;0.0;0.0;0.0
1218.0;0.0;0.0;0.0
1219.0;0.0;0.0;0.0
1220.0;0.0;0.0;0.0
1221.0;0.0;0.0;0.0
1222.0;0.0;0.0;0.0
1223.0;0.0;0.0;0.0
1224.0;0.0;0.0;0.0
1225.0;0.0;0.0;0.0
1226.0;0.0;0.0;0.0
1227.0;0.0;0.0;0.0
1228.0;0.0;0.0;0.0
1229.0;0.0;0.0;0.0
1230.0;0.0;0.0;0.0
1231.0;0.0;0.0;0.0
1232.0;0.0;0.0;0.0
1233.0;0.0;0.0;0.0
1234.0;0.0;0.0;0.0
1235.0;0.0;0.0;0.0
1236.0;0.0;0.0;0.0
1237.0;0.0;0.0;0.0
1238.0;0.0;0.0;0.0
1239.0;0.0;0.0;0.0
1240.0;0.0;0.0;0.0
1241.0;0.0;0.0;0.0
1242.0;0.0;0.0;0.0
1243.0;0.0;0.0;0.0
1244.0;0.0;0.0;0.0
1245.0;0.0;0.0;0.0
1246.0;0.0;0.0;0.0
1247.0;0.0;0.0;0.0
1248.0;0.0;0.0;0.0
1249.0;0.0;0.0;0.0
1250.0;0.0;0.0;0.0
1251.0;0.0;0.0;0.0
1252.0;0.0;0.0;0.0
1253.0;0.0;0.0;0.0
1254.0;0.0;0.0;0.0
1255.0;0.0;0.0;0.0
1256.0;0.0;0.0;0.0
1257.0;0.0;0.0;0.0
1258.0;0.0;0.0;0.0
1259.0;0.0;0.0;0.0
1260.0;0.0;0.0;0.0
1261.0;0.0;0.0;0.0
1262.0;0.0;0.0;0.0
1263.0;0.0;0.0;0.0
1264.0;0.0;0.0;0.0
1265.0;0.0;0.0;0.0
1266.0;0.0;0.0;0.0
1267.0;0.0;0.0;0.0
1268.0;0.0;0.0;0.0
1269.0;0.0;0.0;0.0
1270.0;0.0;0.0;0.0
1271.0;0.0;0.0;0.0
1272.0;0.0;0.0;0.0
1273.0;0.0;0.0;0.0
1274.0;0.0;0.0;0.0
1275.0;0.0;0.0;0.0
1276.0;0.0;0.0;0.0
1277.0;0.0;0.0;0.0
1278.0;0.0;0.0;0.0
1279.0;0.0;0.0;0.0
1280.0;0.0;0.0;0.0
1281.0;0.0;0.0;0.0
1282.0;0.0;0.0;0.0
1283.0;0.0;0.0;0.0
1284.0;0.0;0.0;0.0
1285.0;0.0;0.0;0.0
1286.0;0.0;0.0;0.0
1287.0;0.0;0.0;0.0
1288.0;0.0;0.0;0.0
1289.0;0.0;0.0;0.0
1290.0;0.0;0.0;0.0
1291.0;0.0;0.0;0.0
1292.0;0.0;0.0;0.0
1293.0;0.0;0.0;0.0
1294.0;0.0;0.0;0.0
1295.0;0.0;0.0;0.0
1296.0;0.0;0.0;0.0
1297.0;0.0;0.0;0.0
1298.0;0.0;0.0;0.0
1299.0;0.0;0.0;0.0
1300.0;0.0;0.0;0.0
1301.0;0.0;0.0;0.0
1302.0;0.0;0.0;0.0
1303.0;0.0;0.0;0.0
1304.0;0.0;0.0;0.0
1305.0;0.0;0.0;0.0
1306.0;0.0;0.0;0.0
1307.0;0.0;0.0;0.0
1308.0;0.0;0.0;0.0
1309.0;0.0;0.0;0.0
1310.0;0.0;0.0;0.0
1311.0;0.0;0.0;0.0
1312.0;0.0;0.0;0.0
1313.0;0.0;0.0;0.0
1314.0;0.0;0.0;0.0
1315.0;0.0;0.0;0.0
1316.0;0.0;0.0;0.0
1317.0;0.0;0.0;0.0
1318.0;0.0;0.0;0.0
1319.0;0.0;0.0;0.0
1320.0;0.0;0.0;0.0
1321.0;0.0;0.0;0.0
1322.0;0.0;0.0;0.0
1323.0;0.0;0.0;0.0
1324.0;0.0;0.0;0.0
1325.0;0.0;0.0;0.0
1326.0;0.0;0.0;0.0
1327.0;0.0;0.0;0.0
1328.0;0.0;0.0;0.0
1329.0;0.0;0.0;0.0
1330.0;0.0;0.0;0.0
1331.0;0.0;0.0;0.0
1332.0;0.0;0.0;0.0
1333.0;0.0;0.0;0.0
1334.0;0.0;0.0;0.0
1335.0;0.0;0.0;0.0
1336.0;0.0;0.0;0.0
1337.0;0.0;0.0;0.0
1338.0;0.0;0.0;0.0
1339.0;0.0;0.0;0.0
1340.0;0.0;0.0;0.0
1341.0;0.0;0.0;0.0
1342.0;0.0;0.0;0.0
1343.0;0.0;0.0;0.0
1344.0;0.0;0.0;0.0
1345.0;0.0;0.0;0.0
1346.0;0.0;0.0;0.0
1347.0;0.0;0.0;0.0
1348.0;0.0;0.0;0.0
1349.0;0.0;0.0;0.0
1350.0;0.0;0.0;0.0
1351.0;0.0;0.0;0.0
1352.0;0.0;0.0;0.0
1353.0;0.0;0.0;0.0
1354.0;0.0;0.0;0.0
1355.0;0.0;0.0;0.0
1356.0;0.0;0.0;0.0
1357.0;0.0;0.0;0.0
1358.0;0.0;0.0;0.0
1359.0;0.0;0.0;0.0
1360.0;0.0;0.0;0.0
1361.0;0.0;0.0;0.0
1362.0;0.0;0.0;0.0
1363.0;0.0;0.0;0.0
1364.0;0.0;0.0;0.0
1365.0;0.0;0.0;0.0
1366.0;0.0;0.0;0.0
1367.0;0.0;0.0;0.0
1368.0;0.0;0.0;0.0
1369.0;0.0;0.0;0.0
1370.0;0.0;0.0;0.0
1371.0;0.0;0.0;0.0
1372.0;0.0;0.0;0.0
1373.0;0.0;0.0;0.0
1374.0;0.0;0.0;0.0
1375.0;0.0;0.0;0.0
1376.0;0.0;0.0;0.0
1377.0;0.0;0.0;0.0
1378.0;0.0;0.0;0.0
1379.0;0.0;0.0;0.0
1380.0;0.0;0.0;0.0
1381.0;0.0;0.0;0.0
1382.0;0.0;0.0;0.0
1383.0;0.0;0.0;0.0
1384.0;0.0;0.0;0.0
1385.0;0.0;0.0;0.0
1386.0;0.0;0.0;0.0
1387.0;0.0;0.0;0.0
1388.0;0.0;0.0;0.0
1389.0;0.0;0.0;0.0
1390.0;0.0;0.0;0.0
1391.0;0.0;0.0;0.0
1392.0;0.0;0.0;0.0
1393.0;0.0;0.0;0.0
1394.0;0.0;0.0;0.0
1395.0;0.0;0.0;0.0
1396.0;0.0;0.0;0.0
1397.0;0.0;0.0;0.0
1398.0;0.0;0.0;0.0
1399.0;0.0;0.0;0.0
1400.0;0.0;0.0;0.0
1401.0;0.0;0.0;0.0
1402.0;0.0;0.0;0.0
1403.0;0.0;0.0;0.0
1404.0;0.0;0.0;0.0
1405.0;0.0;0.0;0.0
1406.0;0.0;0.0;0.0
1407.0;0.0;0.0;0.0
1408.0;0.0;0.0;0.0
1409.0;0.0;0.0;0.0
1410.0;0.0;0.0;0.0
1411.0;0.0;0.0;0.0
1412.0;0.0;0.0;0.0
1413.0;0.0;0.0;0.0
1414.0;0.0;0.0;0.0
1415.0;0.0;0.0;0.0
1416.0;0.0;0.0;0.0
1417.0;0.0;0.0;0.0
1418.0;0.0;0.0;0.0
1419.0;0.0;0.0;0.0
1420.0;0.0;0.0;0.0
1421.0;0.0;0.0;0.0
1422.0;0.0;0.0;0.0
1423.0;0.0;0.0;0.0
1424.0;0.0;0.0;0.0
1425.0;0.0;0.0;0.0
1426.0;0.0;0.0;0.0
1427.0;0.0;0.0;0.0
1428.0;0.0;0.0;0.0
1429.0;0.0;0.0;0.0
1430.0;0.0;0.0;0.0
1431.0;0.0;0.0;0.0
1432.0;0.0;0.0;0.0
1433.0;0.0;0.0;0.0
1434.0;0.0;0.0;0.0
1435.0;0.0;0.0;0.0
1436.0;0.0;0.0;0.0
1437.0;0.0;0.0;0.0
1438.0;0.0;0.0;0.0
1439.0;0.0;0.0;0.0
1440.0;0.0;0.0;0.0
1441.0;0.0;0.0;0.0
1442.0;0.0;0.0;0.0
1443.0;0.0;0.0;0.0
1444.0;0.0;0.0;0.0
1445.0;0.0;0.0;0.0
1446.0;0.0;0.0;0.0
1447.0;0.0;0.0;0.0
1448.0;0.0;0.0;0.0
1449.0;0.0;0.0;0.0
1450.0;0.0;0.0;0.0
1451.0;0.0;0.0;0.0
1452.0;0.0;0.0;0.0
1453.0;0.0;0.0;0.0
1454.0;0.0;0.0;0.0
1455.0;0.0;0.0;0.0
1456.0;0.0;0.0;0.0
1457.0;0.0;0.0;0.0
1458.0;0.0;0.0;0.0
1459.0;0.0;0.0;0.0
1460.0;0.0;0.0;0.0
1461.0;0.0;0.0;0.0
1462.0;0.0;0.0;0.0
1463.0;0.0;0.0;0.0
1464.0;0.0;0.0;0.0
1465.0;0.0;0.0;0.0
1466.0;0.0;0.0;0.0
1467.0;0.0;0.0;0.0
1468.0;0.0;0.0;0.0
1469.0;0.0;0.0;0.0
1470.0;0.0;0.0;0.0
1471.0;0.0;0.0;0.0
1472.0;0.0;0.0;0.0
1473.0;0.0;0.0;0.0
1474.0;0.0;0.0;0.0
1475.0;0.0;0.0;0.0
1476.0;0.0;0.0;0.0
1477.0;0.0;0.0;0.0
1478.0;0.0;0.0;0.0
1479.0;0.0;0.0;0.0
1480.0;0.0;0.0;0.0
1481.0;0.0;0.0;0.0
1482.0;0.0;0.0;0.0
1483.0;0.0;0.0;0.0
1484.0;0.0;0.0;0.0
1485.0;0.0;0.0;0.0
1486.0;0.0;0.0;0.0
1487.0;0.0;0.0;0.0
1488.0;0.0;0.0;0.0
1489.0;0.0;0.0;0.0
1490.0;0.0;0.0;0.0
1491.0;0.0;0.0;0.0
1492.0;0.0;0.0;0.0
1493.0;0.0;0.0;0.0
1494.0;0.0;0.0;0.0
1495.0;0.0;0.0;0.0
1496.0;0.0;0.0;0.0
1497.0;0.0;0.0;0.0
1498.0;0.0;0.0;0.0
1499.0;0.0;0.0;0.0
1500.0;0.0;0.0;0.0
1501.0;0.0;0.0;0.0
1502.0;0.0;0.0;0.0
1503.0;0.0;0.0;0.0
1504.0;0.0;0.0;0.0
1505.0;0.0;0.0;0.0
1506.0;0.0;0.0;0.0
1507.0;0.0;0.0;0.0
1508.0;0.0;0.0;0.0
1509.0;0.0;0.0;0.0
1510.0;0.0;0.0;0.0
1511.0;0.0;0.0;0.0
1512.0;0.0;0.0;0.0
1513.0;0.0;0.0;0.0
1514.0;0.0;0.0;0.0
1515.0;0.0;0.0;0.0
1516.0;0.0;0.0;0.0
1517.0;0.0;0.0;0.0
1518.0;0.0;0.0;0.0
1519.0;0.0;0.0;0.0
1520.0;0.0;0.0;0.0
1521.0;0.0;0.0;0.0
1522.0;0.0;0.0;0.0
1523.0;0.0;0.0;0.0
1524.0;0.0;0.0;0.0
1525.0;0.0;0.0;0.0
1526.0;0.0;0.0;0.0
1527.0;0.0;0.0;0.0
1528.0;0.0;0.0;0.0
1529.0;0.0;0.0;0.0
1530.0;0.0;0.0;0.0
1531.0;0.0;0.0;0.0
1532.0;0.0;0.0;0.0
1533.0;0.0;0.0;0.0
1534.0;0.0;0.0;0.0
1535.0;0.0;0.0;0.0
1536.0;0.0;0.0;0.0
1537.0;0.0;0.0;0.0
1538.0;0.0;0.0;0.0
1539.0;0.0;0.0;0.0
1540.0;0.0;0.0;0.0
1541.0;0.0;0.0;0.0
1542.0;0.0;0.0;0.0
1543.0;0.0;0.0;0.0
1544.0;0.0;0.0;0.0
1545.0;0.0;0.0;0.0
1546.0;0.0;0.0;0.0
1547.0;0.0;0.0;0.0
1548.0;0.0;0.0;0.0
1549.0;0.0;0.0;0.0
1550.0;0.0;0.0;0.0
1551.0;0.0;0.0;0.0
1552.0;0.0;0.0;0.0
1553.0;0.0;0.0;0.0
1554.0;0.0;0.0;0.0
1555.0;0.0;0.0;0.0
1556.0;0.0;0.0;0.0
1557.0;0.0;0.0;0.0
1558.0;0.0;0.0;0.0
1559.0;0.0;0.0;0.0
1560.0;0.0;0.0;0.0
1561.0;0.0;0.0;0.0
1562.0;0.0;0.0;0.0
1563.0;0.0;0.0;0.0
1564.0;0.0;0.0;0.0
1565.0;0.0;0.0;0.0
1566.0;0.0;0.0;0.0
1567.0;0.0;0.0;0.0
1568.0;0.0;0.0;0.0
1569.0;0.0;0.0;0.0
1570.0;0.0;0.0;0.0
1571.0;0.0;0.0;0.0
1572.0;0.0;0.0;0.0
1573.0;0.0;0.0;0.0
1574.0;0.0;0.0;0.0
1575.0;0.0;0.0;0.0
1576.0;0.0;0.0;0.0
1577.0;0.0;0.0;0.0
1578.0;0.0;0.0;0.0
1579.0;0.0;0.0;0.0
1580.0;0.0;0.0;0.0
1581.0;0.0;0.0;0.0
1582.0;0.0;0.0;0.0
1583.0;0.0;0.0;0.0
1584.0;0.0;0.0;0.0
1585.0;0.0;0.0;0.0
1586.0;0.0;0.0;0.0
1587.0;0.0;0.0;0.0
1588.0;0.0;0.0;0.0
1589.0;0.0;0.0;0.0
1590.0;0.0;0.0;0.0
1591.0;0.0;0.0;0.0
1592.0;0.0;0.0;0.0
1593.0;0.0;0.0;0.0
1594.0;0.0;0.0;0.0
1595.0;0.0;0.0;0.0
1596.0;0.0;0.0;0.0
1597.0;0.0;0.0;0.0
1598.0;0.0;0.0;0.0
1599.0;0.0;0.0;0.0
1600.0;0.0;0.0;0.0
1601.0;0.0;0.0;0.0
1602.0;0.0;0.0;0.0
1603.0;0.0;0.0;0.0
1604.0;0.0;0.0;0.0
1605.0;0.0;0.0;0.0
1606.0;0.0;0.0;0.0
1607.0;0.0;0.0;0.0
1608.0;0.0;0.0;0.0
1609.0;0.0;0.0;0.0
1610.0;0.0;0.0;0.0
1611.0;0.0;0.0;0.0
1612.0;0.0;0.0;0.0
1613.0;0.0;0.0;0.0
1614.0;0.0;0.0;0.0
1615.0;0.0;0.0;0.0
1616.0;0.0;0.0;0.0
1617.0;0.0;0.0;0.0
1618.0;0.0;0.0;0.0
1619.0;0.0;0.0;0.0
1620.0;0.0;0.0;0.0
1621.0;0.0;0.0;0.0
1622.0;0.0;0.0;0.0
1623.0;0.0;0.0;0.0
1624.0;0.0;0.0;0.0
1625.0;0.0;0.0;0.0
1626.0;0.0;0.0;0.0
1627.0;0.0;0.0;0.0
1628.0;0.0;0.0;0.0
1629.0;0.0;0.0;0.0
1630.0;0.0;0.0;0.0
1631.0;0.0;0.0;0.0
1632.0;0.0;0.0;0.0
1633.0;0.0;0.0;0.0
1634.0;0.0;0.0;0.0
1635.0;0.0;0.0;0.0
1636.0;0.0;0.0;0.0
1637.0;0.0;0.0;0.0
1638.0;0.0;0.0;0.0
1639.0;0.0;0.0;0.0
1640.0;0.0;0.0;0.0
1641.0;0.0;0.0;0.0
1642.0;0.0;0.0;0.0
1643.0;0.0;0.0;0.0
1644.0;0.0;0.0;0.0
1645.0;0.0;0.0;0.0
1646.0;0.0;0.0;0.0
1647.0;0.0;0.0;0.0
1648.0;0.0;0.0;0.0
1649.0;0.0;0.0;0.0
1650.0;0.0;0.0;0.0
1651.0;0.0;0.0;0.0
1652.0;0.0;0.0;0.0
1653.0;0.0;0.0;0.0
1654.0;0.0;0.0;0.0
1655.0;0.0;0.0;0.0
1656.0;0.0;0.0;0.0
1657.0;0.0;0.0;0.0
1658.0;0.0;0.0;0.0
1659.0;0.0;0.0;0.0
1660.0;0.0;0.0;0.0
1661.0;0.0;0.0;0.0
1662.0;0.0;0.0;0.0
1663.0;0.0;0.0;0.0
1664.0;0.0;0.0;0.0
1665.0;0.0;0.0;0.0
1666.0;0.0;0.0;0.0
1667.0;0.0;0.0;0.0
1668.0;0.0;0.0;0.0
1669.0;0.0;0.0;0.0
1670.0;0.0;0.0;0.0
1671.0;0.0;0.0;0.0
1672.0;0.0;0.0;0.0
1673.0;0.0;0.0;0.0
1674.0;0.0;0.0;0.0
1675.0;0.0;0.0;0.0
1676.0;0.0;0.0;0.0
1677.0;0.0;0.0;0.0
1678.0;0.0;0.0;0.0
1679.0;0.0;0.0;0.0
1680.0;0.0;0.0;0.0
1681.0;0.0;0.0;0.0
1682.0;0.0;0.0;0.0
1683.0;0.0;0.0;0.0
1684.0;0.0;0.0;0.0
1685.0;0.0;0.0;0.0
1686.0;0.0;0.0;0.0
1687.0;0.0;0.0;0.0
1688.0;0.0;0.0;0.0
1689.0;0.0;0.0;0.0
1690.0;0.0;0.0;0.0
1691.0;0.0;0.0;0.0
1692.0;0.0;0.0;0.0
1693.0;0.0;0.0;0.0
1694.0;0.0;0.0;0.0
1695.0;0.0;0.0;0.0
1696.0;0.0;0.0;0.0
1697.0;0.0;0.0;0.0
1698.0;0.0;0.0;0.0
1699.0;0.0;0.0;0.0
1700.0;0.0;0.0;0.0
1701.0;0.0;0.0;0.0
1702.0;0.0;0.0;0.0
1703.0;0.0;0.0;0.0
1704.0;0.0;0.0;0.0
1705.0;0.0;0.0;0.0
1706.0;0.0;0.0;0.0
1707.0;0.0;0.0;0.0
1708.0;0.0;0.0;0.0
1709.0;0.0;0.0;0.0
1710.0;0.0;0.0;0.0
1711.0;0.0;0.0;0.0
1712.0;0.0;0.0;0.0
1713.0;0.0;0.0;0.0
1714.0;0.0;0.0;0.0
1715.0;0.0;0.0;0.0
1716.0;0.0;0.0;0.0
1717.0;0.0;0.0;0.0
1718.0;0.0;0.0;0.0
1719.0;0.0;0.0;0.0
1720.0;0.0;0.0;0.0
1721.0;0.0;0.0;0.0
1722.0;0.0;0.0;0.0
1723.0;0.0;0.0;0.0
1724.0;0.0;0.0;0.0
1725.0;0.0;0.0;0.0
1726.0;0.0;0.0;0.0
1727.0;0.0;0.0;0.0
1728.0;0.0;0.0;0.0
1729.0;0.0;0.0;0.0
1730.0;0.0;0.0;0.0
1731.0;0.0;0.0;0.0
1732.0;0.0;0.0;0.0
1733.0;0.0;0.0;0.0
1734.0;0.0;0.0;0.0
1735.0;0.0;0.0;0.0
1736.0;0.0;0.0;0.0
1737.0;0.0;0.0;0.0
1738.0;0.0;0.0;0.0
1739.0;0.0;0.0;0.0
1740.0;0.0;0.0;0.0
1741.0;0.0;0.0;0.0
1742.0;0.0;0.0;0.0
1743.0;0.0;0.0;0.0
1744.0;0.0;0.0;0.0
1745.0;0.0;0.0;0.0
1746.0;0.0;0.0;0.0
1747.0;0.0;0.0;0.0
1748.0;0.0;0.0;0.0
1749.0;0.0;0.0;0.0
1750.0;0.0;0.0;0.0
1751.0;0.0;0.0;0.0
1752.0;0.0;0.0;0.0
1753.0;0.0;0.0;0.0
1754.0;0.0;0.0;0.0
1755.0;0.0;0.0;0.0
1756.0;0.0;0.0;0.0
1757.0;0.0;0.0;0.0
1758.0;0.0;0.0;0.0
1759.0;0.0;0.0;0.0
1760.0;0.0;0.0;0.0
1761.0;0.0;0.0;0.0
1762.0;0.0;0.0;0.0
1763.0;0.0;0.0;0.0
1764.0;0.0;0.0;0.0
1765.0;0.0;0.0;0.0
1766.0;0.0;0.0;0.0
1767.0;0.0;0.0;0.0
1768.0;0.0;0.0;0.0
1769.0;0.0;0.0;0.0
1770.0;0.0;0.0;0.0
1771.0;0.0;0.0;0.0
1772.0;0.0;0.0;0.0
1773.0;0.0;0.0;0.0
1774.0;0.0;0.0;0.0
1775.0;0.0;0.0;0.0
1776.0;0.0;0.0;0.0
1777.0;0.0;0.0;0.0
1778.0;0.0;0.0;0.0
1779.0;0.0;0.0;0.0
1780.0;0.0;0.0;0.0
1781.0;0.0;0.0;0.0
1782.0;0.0;0.0;0.0
1783.0;0.0;0.0;0.0
1784.0;0.0;0.0;0.0
1785.0;0.0;0.0;0.0
1786.0;0.0;0.0;0.0
1787.0;0.0;0.0;0.0
1788.0;0.0;0.0;0.0
1789.0;0.0;0.0;0.0
1790.0;0.0;0.0;0.0
1791.0;0.0;0.0;0.0
1792.0;0.0;0.0;0.0
1793.0;0.0;0.0;0.0
1794.0;0.0;0.0;0.0
1795.0;0.0;0.0;0.0
1796.0;0.0;0.0;0.0
1797.0;0.0;0.0;0.0
1798.0;0.0;0.0;0.0
1799.0;0.0;0.0;0.0
1800.0;0.0;0.0;0.0
1801.0;0.0;0.0;0.0
1802.0;0.0;0.0;0.0
1803.0;0.0;0.0;0.0
1804.0;0.0;0.0;0.0
1805.0;0.0;0.0;0.0
1806.0;0.0;0.0;0.0
1807.0;0.0;0.0;0.0
1808.0;0.0;0.0;0.0
1809.0;0.0;0.0;0.0
1810.0;0.0;0.0;0.0
1811.0;0.0;0.0;0.0
1812.0;0.0;0.0;0.0
1813.0;0.0;0.0;0.0
1814.0;0.0;0.0;0.0
1815.0;0.0;0.0;0.0
1816.0;0.0;0.0;0.0
1817.0;0.0;0.0;0.0
1818.0;0.0;0.0;0.0
1819.0;0.0;0.0;0.0
1820.0;0.0;0.0;0.0
1821.0;0.0;0.0;0.0
1822.0;0.0;0.0;0.0
1823.0;0.0;0.0;0.0
1824.0;0.0;0.0;0.0
1825.0;0.0;0.0;0.0
1826.0;0.0;0.0;0.0
1827.0;0.0;0.0;0.0
1828.0;0.0;0.0;0.0
1829.0;0.0;0.0;0.0
1830.0;0.0;0.0;0.0
1831.0;0.0;0.0;0.0
1832.0;0.0;0.0;0.0
1833.0;0.0;0.0;0.0
1834.0;0.0;0.0;0.0
1835.0;0.0;0.0;0.0
1836.0;0.0;0.0;0.0
1837.0;0.0;0.0;0.0
1838.0;0.0;0.0;0.0
1839.0;0.0;0.0;0.0
1840.0;0.0;0.0;0.0
1841.0;0.0;0.0;0.0
1842.0;0.0;0.0;0.0
1843.0;0.0;0.0;0.0
1844.0;0.0;0.0;0.0
1845.0;0.0;0.0;0.0
1846.0;0.0;0.0;0.0
1847.0;0.0;0.0;0.0
1848.0;0.0;0.0;0.0
1849.0;0.0;0.0;0.0
1850.0;0.0;0.0;0.0
1851.0;0.0;0.0;0.0
1852.0;0.0;0.0;0.0
1853.0;0.0;0.0;0.0
1854.0;0.0;0.0;0.0
1855.0;0.0;0.0;0.0
1856.0;0.0;0.0;0.0
1857.0;0.0;0.0;0.0
1858.0;0.0;0.0;0.0
1859.0;0.0;0.0;0.0
1860.0;0.0;0.0;0.0
1861.0;0.0;0.0;0.0
1862.0;0.0;0.0;0.0
1863.0;0.0;0.0;0.0
1864.0;0.0;0.0;0.0
1865.0;0.0;0.0;0.0
1866.0;0.0;0.0;0.0
1867.0;0.0;0.0;0.0
1868.0;0.0;0.0;0.0
1869.0;0.0;0.0;0.0
1870.0;0.0;0.0;0.0
1871.0;0.0;0.0;0.0
1872.0;0.0;0.0;0.0
1873.0;0.0;0.0;0.0
1874.0;0.0;0.0;0.0
1875.0;0.0;0.0;0.0
1876.0;0.0;0.0;0.0
1877.0;0.0;0.0;0.0
1878.0;0.0;0.0;0.0
1879.0;0.0;0.0;0.0
1880.0;0.0;0.0;0.0
1881.0;0.0;0.0;0.0
1882.0;0.0;0.0;0.0
1883.0;0.0;0.0;0.0
1884.0;0.0;0.0;0.0
1885.0;0.0;0.0;0.0
1886.0;0.0;0.0;0.0
1887.0;0.0;0.0;0.0
1888.0;0.0;0.0;0.0
1889.0;0.0;0.0;0.0
1890.0;0.0;0.0;0.0
1891.0;0.0;0.0;0.0
1892.0;0.0;0.0;0.0
1893.0;0.0;0.0;0.0
1894.0;0.0;0.0;0.0
1895.0;0.0;0.0;0.0
1896.0;0.0;0.0;0.0
1897.0;0.0;0.0;0.0
1898.0;0.0;0.0;0.0
1899.0;0.0;0.0;0.0
1900.0;0.0;0.0;0.0
1901.0;0.0;0.0;0.0
1902.0;0.0;0.0;0.0
1903.0;0.0;0.0;0.0
1904.0;0.0;0.0;0.0
1905.0;0.0;0.0;0.0
1906.0;0.0;0.0;0.0
1907.0;0.0;0.0;0.0
1908.0;0.0;0.0;0.0
1909.0;0.0;0.0;0.0
1910.0;0.0;0.0;0.0
1911.0;0.0;0.0;0.0
1912.0;0.0;0.0;0.0
1913.0;0.0;0.0;0.0
1914.0;0.0;0.0;0.0
1915.0;0.0;0.0;0.0
1916.0;0.0;0.0;0.0
1917.0;0.0;0.0;0.0
1918.0;0.0;0.0;0.0
1919.0;0.0;0.0;0.0
1920.0;0.0;0.0;0.0
1921.0;0.0;0.0;0.0
1922.0;0.0;0.0;0.0
1923.0;0.0;0.0;0.0
1924.0;0.0;0.0;0.0
1925.0;0.0;0.0;0.0
1926.0;0.0;0.0;0.0
1927.0;0.0;0.0;0.0
1928.0;0.0;0.0;0.0
1929.0;0.0;0.0;0.0
1930.0;0.0;0.0;0.0
1931.0;0.0;0.0;0.0
1932.0;0.0;0.0;0.0
1933.0;0.0;0.0;0.0
1934.0;0.0;0.0;0.0
1935.0;0.0;0.0;0.0
1936.0;0.0;0.0;0.0
1937.0;0.0;0.0;0.0
1938.0;0.0;0.0;0.0
1939.0;0.0;0.0;0.0
1940.0;0.0;0.0;0.0
1941.0;0.0;0.0;0.0
1942.0;0.0;0.0;0.0
1943.0;0.0;0.0;0.0
1944.0;0.0;0.0;0.0
1945.0;0.0;0.0;0.0
1946.0;0.0;0.0;0.0
1947.0;0.0;0.0;0.0
1948.0;0.0;0.0;0.0
1949.0;0.0;0.0;0.0
1950.0;0.0;0.0;0.0
1951.0;0.0;0.0;0.0
1952.0;0.0;0.0;0.0
1953.0;0.0;0.0;0.0
1954.0;0.0;0.0;0.0
1955.0;0.0;0.0;0.0
1956.0;0.0;0.0;0.0
1957.0;0.0;0.0;0.0
1958.0;0.0;0.0;0.0
1959.0;0.0;0.0;0.0
1960.0;0.0;0.0;0.0
1961.0;0.0;0.0;0.0
1962.0;0.0;0.0;0.0
1963.0;0.0;0.0;0.0
1964.0;0.0;0.0;0.0
1965.0;0.0;0.0;0.0
1966.0;0.0;0.0;0.0
1967.0;0.0;0.0;0.0
1968.0;0.0;0.0;0.0
1969.0;0.0;0.0;0.0
1970.0;0.0;0.0;0.0
1971.0;0.0;0.0;0.0
1972.0;0.0;0.0;0.0
1973.0;0.0;0.0;0.0
1974.0;0.0;0.0;0.0
1975.0;0.0;0.0;0.0
1976.0;0.0;0.0;0.0
1977.0;0.0;0.0;0.0
1978.0;0.0;0.0;0.0
1979.0;0.0;0.0;0.0
1980.0;0.0;0.0;0.0
1981.0;0.0;0.0;0.0
1982.0;0.0;0.0;0.0
1983.0;0.0;0.0;0.0
1984.0;0.0;0.0;0.0
1985.0;0.0;0.0;0.0
1986.0;0.0;0.0;0.0
1987.0;0.0;0.0;0.0
1988.0;0.0;0.0;0.0
1989.0;0.0;0.0;0.0
1990.0;0.0;0.0;0.0
1991.0;0.0;0.0;0.0
1992.0;0.0;0.0;0.0
1993.0;0.0;0.0;0.0
1994.0;0.0;0.0;0.0
1995.0;0.0;0.0;0.0
1996.0;0.0;0.0;0.0
1997.0;0.0;0.0;0.0
1998.0;0.0;0.0;0.0
1999.0;0.0;0.0;0.0
2000.0;0.0;0.0;0.0
2001.0;0.0;0.0;0.0
2002.0;0.0;0.0;0.0
2003.0;0.0;0.0;0.0
2004.0;0.0;0.0;0.0
2005.0;0.0;0.0;0.0
2006.0;0.0;0.0;0.0
2007.0;0.0;0.0;0.0
2008.0;0.0;0.0;0.0
2009.0;0.0;0.0;0.0
2010.0;0.0;0.0;0.0
2011.0;0.0;0.0;0.0
2012.0;0.0;0.0;0.0
2013.0;0.0;0.0;0.0
2014.0;0.0;0.0;0.0
2015.0;0.0;0.0;0.0
2016.0;0.0;0.0;0.0
2017.0;0.0;0.0;0.0
2018.0;0.0;0.0;0.0
2019.0;0.0;0.0;0.0
2020.0;0.0;0.0;0.0
2021.0;0.0;0.0;0.0
2022.0;0.0;0.0;0.0
2023.0;0.0;0.0;0.0
2024.0;0.0;0.0;0.0
2025.0;0.0;0.0;0.0
2026.0;0.0;0.0;0.0
2027.0;0.0;0.0;0.0
2028.0;0.0;0.0;0.0
2029.0;0.0;0.0;0.0
2030.0;0.0;0.0;0.0
2031.0;0.0;0.0;0.0
2032.0;0.0;0.0;0.0
2033.0;0.0;0.0;0.0
2034.0;0.0;0.0;0.0
2035.0;0.0;0.0;0.0
2036.0;0.0;0.0;0.0
2037.0;0.0;0.0;0.0
2038.0;0.0;0.0;0.0
2039.0;0.0;0.0;0.0
2040.0;0.0;0.0;0.0
2041.0;0.0;0.0;0.0
2042.0;0.0;0.0;0.0
2043.0;0.0;0.0;0.0
2044.0;0.0;0.0;0.0
2045.0;0.0;0.0;0.0
2046.0;0.0;0.0;0.0
2047.0;0.0;0.0;0.0
2048.0;0.0;0.0;0.0
2049.0;0.0;0.0;0.0
2050.0;0.0;0.0;0.0
2051.0;0.0;0.0;0.0
2052.0;0.0;0.0;0.0
2053.0;0.0;0.0;0.0
2054.0;0.0;0.0;0.0
2055.0;0.0;0.0;0.0
2056.0;0.0;0.0;0.0
2057.0;0.0;0.0;0.0
2058.0;0.0;0.0;0.0
2059.0;0.0;0.0;0.0
2060.0;0.0;0.0;0.0
2061.0;0.0;0.0;0.0
2062.0;0.0;0.0;0.0
2063.0;0.0;0.0;0.0
2064.0;0.0;0.0;0.0
2065.0;0.0;0.0;0.0
2066.0;0.0;0.0;0.0
2067.0;0.0;0.0;0.0
2068.0;0.0;0.0;0.0
2069.0;0.0;0.0;0.0
2070.0;0.0;0.0;0.0
2071.0;0.0;0.0;0.0
2072.0;0.0;0.0;0.0
2073.0;0.0;0.0;0.0
2074.0;0.0;0.0;0.0
2075.0;0.0;0.0;0.0
2076.0;0.0;0.0;0.0
2077.0;0.0;0.0;0.0
2078.0;0.0;0.0;0.0
2079.0;0.0;0.0;0.0
2080.0;0.0;0.0;0.0
2081.0;0.0;0.0;0.0
2082.0;0.0;0.0;0.0
2083.0;0.0;0.0;0.0
2084.0;0.0;0.0;0.0
2085.0;0.0;0.0;0.0
2086.0;0.0;0.0;0.0
2087.0;0.0;0.0;0.0
2088.0;0.0;0.0;0.0
2089.0;0.0;0.0;0.0
2090.0;0.0;0.0;0.0
2091.0;0.0;0.0;0.0
2092.0;0.0;0.0;0.0
2093.0;0.0;0.0;0.0
2094.0;0.0;0.0;0.0
2095.0;0.0;0.0;0.0
2096.0;0.0;0.0;0.0
2097.0;0.0;0.0;0.0
2098.0;0.0;0.0;0.0
2099.0;0.0;0.0;0.0
2100.0;0.0;0.0;0.0
2101.0;0.0;0.0;0.0
2102.0;0.0;0.0;0.0
2103.0;0.0;0.0;0.0
2104.0;0.0;0.0;0.0
2105.0;0.0;0.0;0.0
2106.0;0.0;0.0;0.0
2107.0;0.0;0.0;0.0
2108.0;0.0;0.0;0.0
2109.0;0.0;0.0;0.0
2110.0;0.0;0.0;0.0
2111.0;0.0;0.0;0.0
2112.0;0.0;0.0;0.0
2113.0;0.0;0.0;0.0
2114.0;0.0;0.0;0.0
2115.0;0.0;0.0;0.0
2116.0;0.0;0.0;0.0
2117.0;0.0;0.0;0.0
2118.0;0.0;0.0;0.0
2119.0;0.0;0.0;0.0
2120.0;0.0;0.0;0.0
2121.0;0.0;0.0;0.0
2122.0;0.0;0.0;0.0
2123.0;0.0;0.0;0.0
2124.0;0.0;0.0;0.0
2125.0;0.0;0.0;0.0
2126.0;0.0;0.0;0.0
2127.0;0.0;0.0;0.0
2128.0;0.0;0.0;0.0
2129.0;0.0;0.0;0.0
2130.0;0.0;0.0;0.0
2131.0;0.0;0.0;0.0
2132.0;0.0;0.0;0.0
2133.0;0.0;0.0;0.0
2134.0;0.0;0.0;0.0
2135.0;0.0;0.0;0.0
2136.0;0.0;0.0;0.0
2137.0;0.0;0.0;0.0
2138.0;0.0;0.0;0.0
2139.0;0.0;0.0;0.0
2140.0;0.0;0.0;0.0
2141.0;0.0;0.0;0.0
2142.0;0.0;0.0;0.0
2143.0;0.0;0.0;0.0
2144.0;0.0;0.0;0.0
2145.0;0.0;0.0;0.0
2146.0;0.0;0.0;0.0
2147.0;0.0;0.0;0.0
2148.0;0.0;0.0;0.0
2149.0;0.0;0.0;0.0
2150.0;0.0;0.0;0.0
2151.0;0.0;0.0;0.0
2152.0;0.0;0.0;0.0
2153.0;0.0;0.0;0.0
2154.0;0.0;0.0;0.0
2155.0;0.0;0.0;0.0
2156.0;0.0;0.0;0.0
2157.0;0.0;0.0;0.0
2158.0;0.0;0.0;0.0
2159.0;0.0;0.0;0.0
2160.0;0.0;0.0;0.0
2161.0;0.0;0.0;0.0
2162.0;0.0;0.0;0.0
2163.0;0.0;0.0;0.0
2164.0;0.0;0.0;0.0
2165.0;0.0;0.0;0.0
2166.0;0.0;0.0;0.0
2167.0;0.0;0.0;0.0
2168.0;0.0;0.0;0.0
2169.0;0.0;0.0;0.0
2170.0;0.0;0.0;0.0
2171.0;0.0;0.0;0.0
2172.0;0.0;0.0;0.0
2173.0;0.0;0.0;0.0
2174.0;0.0;0.0;0.0
2175.0;0.0;0.0;0.0
2176.0;0.0;0.0;0.0
2177.0;0.0;0.0;0.0
2178.0;0.0;0.0;0.0
2179.0;0.0;0.0;0.0
2180.0;0.0;0.0;0.0
2181.0;0.0;0.0;0.0
2182.0;0.0;0.0;0.0
2183.0;0.0;0.0;0.0
2184.0;0.0;0.0;0.0
2185.0;0.0;0.0;0.0
2186.0;0.0;0.0;0.0
2187.0;0.0;0.0;0.0
2188.0;0.0;0.0;0.0
2189.0;0.0;0.0;0.0
