0.0;0.008048289738430584;0.0;0.0
1.0;0.008102152034526815;5.644013380034897E-4;2.524079516735277E-5
2.0;0.00813782879348801;7.913764430868488E-4;3.5391430450683744E-5
3.0;0.008176190451652098;9.420659104893894E-4;4.213046830279013E-5
4.0;0.00821950318004176;0.0011285765499097398;5.047147766820724E-5
5.0;0.00828277124750551;0.0012762272767991053;5.7074618913244794E-5
6.0;0.008352812203955107;0.0013273497703565223;5.936088632871838E-5
7.0;0.00844322911541682;0.0014093013259213034;6.302587131081241E-5
8.0;0.008520440652289263;0.0015236768513247419;6.814090030609927E-5
9.0;0.008581767852322189;0.0016316440327286722;7.296933944526405E-5
10.0;0.008625654879371657;0.0017397020950362149;7.780184290199551E-5
11.0;0.008726878945222612;0.0018488276367566597;8.26820854893636E-5
12.0;0.00881569587613098;0.001934844715431192;8.652888619220762E-5
13.0;0.008873421562116342;0.0020296567781778805;9.076901053997904E-5
14.0;0.00892274356625372;0.0020971358388085495;9.378676587253916E-5
15.0;0.008989939883450716;0.0021784926748392454;9.742515418851796E-5
16.0;0.009008044477615794;0.0022391748219789454;1.0013894230901823E-4
17.0;0.00903941904413532;0.002305892232528289;1.0312263561444012E-4
18.0;0.009118567676352293;0.0023857969921954616;1.0669608510127174E-4
19.0;0.009175543025103334;0.0024210202764715985;1.0827131826191657E-4
20.0;0.009263974677850667;0.0024872355541333494;1.1123255550193054E-4
21.0;0.009334600739581962;0.002587689357855879;1.1572498617637048E-4
22.0;0.009405377509768375;0.002632185020346236;1.1771489269701701E-4
23.0;0.009454162379349419;0.002684229579725426;1.2004239614963487E-4
24.0;0.009469627049276326;0.002737324540988673;1.2241687500258162E-4
25.0;0.009543593460154608;0.0027881171680356562;1.2468839033923863E-4
26.0;0.009615232303098324;0.002849479230922246;1.2743258521631925E-4
27.0;0.009688891476535717;0.002920466414467727;1.3060722857509825E-4
28.0;0.009779833353004917;0.002991279691604525;1.337740946028465E-4
29.0;0.009837578947312357;0.003043260576595634;1.3609875045026085E-4
30.0;0.00991649565717114;0.003089879399083285;1.3818360757252853E-4
31.0;0.01000670150271035;0.003140454597290025;1.4044539919584446E-4
32.0;0.010056299501544071;0.003201906555321679;1.4319361430602929E-4
33.0;0.010162018311316435;0.003258139733436109;1.4570843848312368E-4
34.0;0.010229253964117151;0.0032609866768646685;1.458357576638108E-4
35.0;0.010301419170136902;0.0033176882587326495;1.483715294935823E-4
36.0;0.010352176657853115;0.0033596720166970662;1.5024910022876897E-4
37.0;0.010428323555711735;0.0034206135628252403;1.529744890246997E-4
38.0;0.01050396590287467;0.0034637130260862445;1.549019556176069E-4
39.0;0.010554106308182848;0.003541909247240884;1.583989969393145E-4
40.0;0.010622082550931852;0.003580685149480287;1.6013310800523835E-4
41.0;0.010720828956251992;0.0036629725003572366;1.6381311021022307E-4
42.0;0.010790872433373741;0.0036730980992338695;1.64265940758244E-4
43.0;0.01082655845698936;0.0037245939232147082;1.6656890401781438E-4
44.0;0.010931980678236006;0.0037858762895400565;1.6930953475632483E-4
45.0;0.010997191124107188;0.003844623620170068;1.7193679525203206E-4
46.0;0.011064064374076341;0.003893702557257217;1.741316720438381E-4
47.0;0.011151016949315333;0.0038985619227345078;1.7434898947453283E-4
48.0;0.011194360039864638;0.003925450121548283;1.7555146628133546E-4
49.0;0.011294470347652425;0.0039507290781994366;1.7668197559078045E-4
50.0;0.011411257026065097;0.004015034347161654;1.7955779464499897E-4
51.0;0.011522489411068758;0.004025701957902538;1.8003486470048144E-4
52.0;0.011570654294453319;0.004080807919772272;1.8249927823460615E-4
53.0;0.011646418454862592;0.004165236694745212;1.862750478365367E-4
54.0;0.01173904305068031;0.004220331744030341;1.8873897334504167E-4
55.0;0.01185967361298542;0.004289462893832543;1.9183061235145056E-4
56.0;0.011962368413262061;0.004313744133889085;1.9291650241833895E-4
57.0;0.012051999844651256;0.00435723502132902;1.948614740326887E-4
58.0;0.01212333941589237;0.0043611639931134955;1.95037182992524E-4
59.0;0.012214353331798357;0.004381958662515671;1.95967148879582E-4
60.0;0.012278552380855828;0.00444763669675925;1.9890435986352601E-4
61.0;0.012385405612122294;0.0044798103488494995;2.0034320932669055E-4
62.0;0.012448233436583404;0.004520260190908868;2.021521812571681E-4
63.0;0.012555102169062152;0.00459070183792952;2.0530242748087257E-4
64.0;0.012663191774162781;0.0045991027312326585;2.0567812685082338E-4
65.0;0.012742207827993873;0.0046069352356147555;2.0602840709547205E-4
66.0;0.012824943764397237;0.004643433623429655;2.0766066461993735E-4
67.0;0.01286608395961607;0.004643053699983651;2.0764367392690715E-4
68.0;0.012920826941095922;0.0046480074129856335;2.078652107071763E-4
69.0;0.01300487431727244;0.004704457008895793;2.1038971338232653E-4
70.0;0.013085136926288468;0.004754536831629822;2.1262935114101507E-4
71.0;0.013187648343459127;0.004823873860946131;2.1573019735919832E-4
72.0;0.0132650346004632;0.0049215873884247115;2.2010007915446633E-4
73.0;0.01337149175447706;0.004960689680349541;2.2184878681086553E-4
74.0;0.01345576138735943;0.004990880106792841;2.2319894372680403E-4
75.0;0.013532409052356009;0.0049991039997651626;2.2356672740131992E-4
76.0;0.013656149394549372;0.0049723879056273405;2.2237194734961083E-4
77.0;0.013835063125684968;0.005014390806307382;2.2425037417306572E-4
78.0;0.013944806989707754;0.005049929485760567;2.2583971223482367E-4
79.0;0.014033821168314467;0.005134085000524947;2.296032612687165E-4
80.0;0.01413010393751282;0.005136642420238239;2.2971763255523486E-4
81.0;0.01419815659773513;0.0051724032213190255;2.313169041981646E-4
82.0;0.014326951589879247;0.005195796512760503;2.3236308399577678E-4
83.0;0.014422384098462592;0.005195669332966678;2.323573963424896E-4
84.0;0.014524208480089036;0.005208380383909356;2.3292585182195543E-4
85.0;0.014629865777121526;0.005239419769755451;2.3431397535658967E-4
86.0;0.014717575772660332;0.005253289777304334;2.3493426095114444E-4
87.0;0.014812545064778445;0.005263489845815385;2.3539042188246175E-4
88.0;0.014897871243909929;0.005293899138934977;2.3675036681372423E-4
89.0;0.014961736431237813;0.0053019896591670855;2.3711218587797088E-4
90.0;0.015032927327527305;0.005287122880241463;2.364473233122878E-4
91.0;0.01506133672374937;0.0052997966185691974;2.3701411012088498E-4
92.0;0.015092290671100041;0.005329228394866486;2.3833033917087105E-4
93.0;0.015115067164167134;0.0053571481832648945;2.395789500663961E-4
94.0;0.015140772497797446;0.005360916286701924;2.3974746477502506E-4
95.0;0.01516150632336301;0.0054267452016743475;2.4269142335029293E-4
96.0;0.015194777522276754;0.005457111438033887;2.4404944272470803E-4
97.0;0.01518484419890309;0.005467606508840816;2.4451879655976736E-4
98.0;0.015173273778629233;0.005452563178257777;2.4384603836393384E-4
99.0;0.015159610469449938;0.005459980871157364;2.441777676751277E-4
100.0;0.015132858924091283;0.00545854549484211;2.4411357569484372E-4
101.0;0.015099708504940764;0.005442604044638182;2.434006523685255E-4
102.0;0.015055908780082531;0.005422836550177731;2.425166231413571E-4
103.0;0.014980541253258527;0.005423869482604524;2.4256281728380654E-4
104.0;0.014887799688979231;0.005419569657514213;2.423705232599407E-4
105.0;0.014802023478837347;0.0054285121099803746;2.4277044189193863E-4
106.0;0.0147143941441165;0.005429112800077499;2.4279730556975025E-4
107.0;0.014645872112893874;0.00544693463751207;2.4359432236950327E-4
108.0;0.014579581113716824;0.0054605467092207855;2.442030727226091E-4
109.0;0.014499348825182112;0.005474703348711184;2.4483617688727887E-4
110.0;0.014409904950217033;0.0054810207981317955;2.4511870181425694E-4
111.0;0.014298186685735648;0.005501395012047336;2.4602986436032234E-4
112.0;0.014198410931643077;0.005521243128589616;2.4691749911659986E-4
113.0;0.014098356069751634;0.005529826047252491;2.473013389081107E-4
114.0;0.014005854130897897;0.005525228141140947;2.470957142957192E-4
115.0;0.013902516078137072;0.005509446432703095;2.463899348383568E-4
116.0;0.01380832542770268;0.005516270583188419;2.4669512012583426E-4
117.0;0.013705738620384572;0.005520244174547981;2.4687282453372995E-4
118.0;0.013591796103388603;0.005544791112663231;2.4797059697903356E-4
119.0;0.013508563916219912;0.005530225972161062;2.473192240937399E-4
120.0;0.01343194942154946;0.005535414180429787;2.475512478211458E-4
121.0;0.013330336919117811;0.005551396768892646;2.482660109063329E-4
122.0;0.01321524670824615;0.0055634826784034825;2.4880650921105577E-4
123.0;0.013112067439603666;0.0055739588775287775;2.4927501907885544E-4
124.0;0.013008500285089583;0.00559036640390239;2.5000878596513577E-4
125.0;0.012912449959058273;0.005607749658324017;2.507861887362744E-4
126.0;0.012835123108526598;0.005617131996354934;2.512057796487747E-4
127.0;0.01274863705797379;0.005616868504016465;2.5119399591316734E-4
128.0;0.012649539033368977;0.005621975437241736;2.514223849101325E-4
129.0;0.012539951509295396;0.005610219032024694;2.508966224854057E-4
130.0;0.012454058112800348;0.0056284243205527735;2.5171078773938136E-4
131.0;0.012357017376343942;0.005631340595490281;2.518412075194083E-4
132.0;0.012251110131815235;0.005632340437966894;2.518859218342982E-4
133.0;0.012134464673622909;0.005650240082168386;2.5268641825845013E-4
134.0;0.012053819204516009;0.00567098159371767;2.5361400685405605E-4
135.0;0.011971608022830444;0.005669467017275529;2.5354627293642113E-4
136.0;0.011858846691023545;0.005661086197511383;2.5317147128242504E-4
137.0;0.011742593939785198;0.005683047175222423;2.541535960627099E-4
138.0;0.01165333197899298;0.005685767443111342;2.542752501410426E-4
139.0;0.011562532828354406;0.005682346653638561;2.541222677850855E-4
140.0;0.01147208583906137;0.005681593276148774;2.540885757194879E-4
141.0;0.0113958791103862;0.005697512525940041;2.5480050621316927E-4
142.0;0.01131672804628307;0.005689362667787991;2.5443603347647E-4
143.0;0.011250190499757536;0.005687263827694281;2.5434217049400125E-4
144.0;0.011144719021209093;0.005706438654628947;2.551996948236554E-4
145.0;0.011061572620406027;0.00572958085909718;2.5623464567045876E-4
146.0;0.01097044000142945;0.005714497460276026;2.5556009556854196E-4
147.0;0.01087124000584543;0.005733914349819539;2.5642844526715995E-4
148.0;0.010771385892305169;0.0057342888085355715;2.5644519157003626E-4
149.0;0.010673989456689455;0.005703317332391864;2.5506010504961944E-4
150.0;0.010552279269543689;0.005710634939768147;2.5538735840013985E-4
151.0;0.010440374508385449;0.005703937540664455;2.5508784160677383E-4
152.0;0.010348957567627581;0.005700362082921045;2.5492794227547494E-4
153.0;0.010251987569397625;0.005691104664674039;2.5451393794554593E-4
154.0;0.01016551821568393;0.005686715938497939;2.5431766814425807E-4
155.0;0.010057542716035388;0.00567866321883378;2.539575395728019E-4
156.0;0.009965410445230631;0.005691214648954953;2.545188565921175E-4
157.0;0.009877133763169078;0.005708026897685145;2.552707232124244E-4
158.0;0.009789279151041245;0.0056964709210893;2.5475392422813026E-4
159.0;0.009695849680548192;0.005671857252374104;2.5365316749967353E-4
160.0;0.009606133593503836;0.005670604483046612;2.5359714195214556E-4
161.0;0.009514884467979757;0.005659623254194624;2.53106046468355E-4
162.0;0.009430807125910268;0.005665339561028575;2.5336168748157423E-4
163.0;0.009346748152874422;0.005658719200456385;2.5306561595607474E-4
164.0;0.009262322897558824;0.005656448790557957;2.529640801386812E-4
165.0;0.009180010430297848;0.005671647888065704;2.5364380444316064E-4
166.0;0.009101548100152958;0.005652869085671034;2.528039908693503E-4
167.0;0.009029632535065023;0.00566167293256006;2.531977108714975E-4
168.0;0.00894785894938004;0.00565254385669834;2.5278944618752633E-4
169.0;0.008856521496333642;0.005641695063723253;2.52304273416204E-4
170.0;0.008752430412428215;0.00563689171496852;2.520894611294996E-4
171.0;0.008650377973644718;0.005616456556660876;2.5117557306736236E-4
172.0;0.008549997398128678;0.005607123577880075;2.5075818956763363E-4
173.0;0.008460781160516085;0.00558657087211755;2.498390446235025E-4
174.0;0.008377059861199878;0.0055701171758547165;2.491032129570059E-4
175.0;0.008291410444219487;0.0055454432181773665;2.4799976002419575E-4
176.0;0.008205720783149874;0.005556774088078862;2.4850649193107477E-4
177.0;0.008122107872471753;0.0055415900939897915;2.4782744307201245E-4
178.0;0.008000579113843925;0.005533929374127617;2.474848452646443E-4
179.0;0.007897340456124724;0.005518037056828192;2.4677411922861413E-4
180.0;0.007808072907076586;0.005512282669966881;2.465167752247997E-4
181.0;0.007719285325827174;0.005508288509136142;2.463381509221877E-4
182.0;0.007650027541623136;0.0055054942127745555;2.462131861899119E-4
183.0;0.00758492361661499;0.005492249691822967;2.456208732063685E-4
184.0;0.0074942862495071625;0.005477337444313112;2.449539772237817E-4
185.0;0.007398284547094071;0.00546701991819019;2.4449256342837206E-4
186.0;0.007302611419774162;0.005436608224765664;2.431325111522096E-4
187.0;0.007226874128346533;0.005414578536439849;2.4214731353981646E-4
188.0;0.007145674695491978;0.005394061992623791;2.412297858070953E-4
189.0;0.0070643573054491975;0.005387448938930639;2.4093404105516043E-4
190.0;0.0070013412216951895;0.005383146878519422;2.407416470647046E-4
191.0;0.006941902603934355;0.0053627120229831435;2.3982777254291445E-4
192.0;0.006862716570410072;0.005371783743508081;2.4023347221824727E-4
193.0;0.006786597316875154;0.005362132907884825;2.3980187372838174E-4
194.0;0.006705756651362426;0.005340301283720112;2.3882553381455123E-4
195.0;0.006631748472417788;0.0053427238921247;2.3893387615606164E-4
196.0;0.006529841624313865;0.005322356897172248;2.380230364518401E-4
197.0;0.006466812151211569;0.005301063872147332;2.3707078342379375E-4
198.0;0.006376742845320137;0.005281541522633248;2.3619771741191373E-4
199.0;0.006284749648579774;0.005264958013444138;2.354560803348669E-4
200.0;0.0062078325873889525;0.0052520461283875955;2.3487864328078503E-4
201.0;0.006146681961050762;0.005250334314799631;2.348020886498351E-4
202.0;0.0060837012080573434;0.005245006439408184;2.3456381881881662E-4
203.0;0.005986084059406586;0.005239275571163367;2.3430752659950652E-4
204.0;0.005911138216055319;0.005230507218158109;2.3391539393209708E-4
205.0;0.0058231609246532055;0.005229811169698685;2.3388426569867895E-4
206.0;0.005749902018181875;0.005221037000902133;2.33491872941176E-4
207.0;0.005678303477063933;0.005206950259008933;2.3286189469208223E-4
208.0;0.0056192476213832365;0.00519639975933143;2.323900620025725E-4
209.0;0.005540080180287338;0.0051662390869154865;2.3104123572718942E-4
210.0;0.005467253528524078;0.005139750220261264;2.2985661759747407E-4
211.0;0.005395846651377461;0.0051162156409131215;2.2880411921258787E-4
212.0;0.0053225981719736614;0.005097227606693206;2.279549485070914E-4
213.0;0.0052711255613145155;0.005082875625108439;2.273131083783841E-4
214.0;0.005203313245920815;0.005073549145662445;2.2689601553774416E-4
215.0;0.005132000733354948;0.005053965905241759;2.2602022640173667E-4
216.0;0.005062525472042528;0.005042999630722903;2.2552979969605496E-4
217.0;0.004984360355884645;0.005006984150247118;2.239191384443315E-4
218.0;0.004927906223422345;0.004990399284134956;2.23177440683841E-4
219.0;0.004878056637360252;0.004982157110102917;2.2280883945548054E-4
220.0;0.0047980746667743235;0.004969500721857889;2.222428285661703E-4
221.0;0.004737708313081416;0.0049434630218784794;2.2107838722353618E-4
222.0;0.004666460310030026;0.004937914456809287;2.208302478500903E-4
223.0;0.004597244935785492;0.004911833994775982;2.1966389413026884E-4
224.0;0.004535206631519082;0.004889259452993801;2.1865432993055153E-4
225.0;0.004471938137269101;0.004863246564832148;2.1749099820614042E-4
226.0;0.004426426305436146;0.004844925486596866;2.1667165467903677E-4
227.0;0.004380696826055932;0.004829871533756115;2.1599842144139685E-4
228.0;0.004315408619662209;0.004801296393685137;2.1472050232809113E-4
229.0;0.004255337151315471;0.00477966340803421;2.1375304579865614E-4
230.0;0.0041901588119140154;0.004758891727224376;2.128241079927018E-4
231.0;0.004123000373933336;0.004732364471364062;2.1163777304549796E-4
232.0;0.004080903791652731;0.0047151829357806;2.1086939141504892E-4
233.0;0.004029910261085855;0.004689902905428985;2.0973883408825956E-4
234.0;0.003968249607225505;0.004667713380999749;2.0874648838801625E-4
235.0;0.003910014294410884;0.004652819188288965;2.0808039984059038E-4
236.0;0.0038537562462955238;0.004621243592921504;2.0666829628715697E-4
237.0;0.003782982746519625;0.004580305052387061;2.0483746909646404E-4
238.0;0.0037089643682883516;0.004542060233190457;2.0312710878624815E-4
239.0;0.003640648087158774;0.004497852776652872;2.0115009122764E-4
240.0;0.0035969296196594674;0.004480305931736224;2.003653724671546E-4
241.0;0.003537138645249861;0.004455297568506629;1.99246964463407E-4
242.0;0.003477233005825345;0.004429746394751973;1.981042812350006E-4
243.0;0.0034301792244760374;0.0044201836963850315;1.9767662436306443E-4
244.0;0.0033688470976420927;0.004388921169982234;1.9627852167936367E-4
245.0;0.0033000890146180194;0.004359887890475335;1.9498011394762012E-4
246.0;0.0032331919551987446;0.00434064444935517;1.9411952109830603E-4
247.0;0.003173810489959301;0.004310289778548023;1.9276201895111788E-4
248.0;0.0031267158240583432;0.004281817749038884;1.9148871108232157E-4
249.0;0.0030691562249977795;0.004242794335192714;1.8974353096083872E-4
250.0;0.0030275242602011945;0.004215305288770667;1.8851418343211184E-4
251.0;0.0029667196271350544;0.004166705951265016;1.8634075498563004E-4
252.0;0.002918208447824465;0.004118466155641693;1.841834057409411E-4
253.0;0.002869685690392006;0.004085572367960446;1.827123508350868E-4
254.0;0.002821009529786568;0.0040571485535321325;1.8144119921025583E-4
255.0;0.002768920252341914;0.0040262926031712975;1.8006127915991212E-4
256.0;0.002718547683185612;0.004006545343040532;1.7917815483947685E-4
257.0;0.002668360951718014;0.003968120069548714;1.7745972436784236E-4
258.0;0.0026195801308626044;0.003945053383416669;1.7642815080370425E-4
259.0;0.002581378181255975;0.003936106827595321;1.7602804866408367E-4
260.0;0.0025472068991384926;0.003919394075995867;1.752806316907347E-4
261.0;0.0025024431332138024;0.0038809500832375065;1.7356136406805064E-4
262.0;0.002466665091715708;0.0038561071169033335;1.7245035283833162E-4
263.0;0.0024287622186692772;0.0038183399810647165;1.7076135517731932E-4
264.0;0.002398260227961738;0.003807431068620205;1.702734937815889E-4
265.0;0.0023608034439530795;0.003783274333189406;1.69193171730834E-4
266.0;0.0023106541797550716;0.003728804009649845;1.6675718480701668E-4
267.0;0.002290535992835109;0.003713656062975065;1.660797480373297E-4
268.0;0.0022422379649264467;0.0036762660256108946;1.6440761473277885E-4
269.0;0.002211530419983933;0.0036557221598255566;1.634888651244459E-4
270.0;0.0021648826289805264;0.0036011036810033275;1.6104625249496317E-4
271.0;0.002112918709547869;0.0035721020615271703;1.5974926064283776E-4
272.0;0.0020770057968320767;0.0035495431752330608;1.5874039657783143E-4
273.0;0.002039279692286132;0.0035343009871931525;1.5805874520617006E-4
274.0;0.001990813813585463;0.0035031011478090864;1.566634459711731E-4
275.0;0.0019513981326198667;0.0034713593581622475;1.5524390998361649E-4
276.0;0.0019121630166353746;0.003425577895302905;1.5319650072235906E-4
277.0;0.0018853527373482093;0.0034099663625606126;1.5249833175346445E-4
278.0;0.0018406316693525065;0.003368241037923424;1.5063231850802447E-4
279.0;0.0017997381763942514;0.0033296984009811535;1.4890863938332423E-4
280.0;0.0017748678016902503;0.0033054084923821855;1.4782236164743325E-4
281.0;0.0017497413783474013;0.0032779183697519755;1.4659296598921415E-4
282.0;0.0017051584786608052;0.003230729356889904;1.4448260917820007E-4
283.0;0.0016749285350258648;0.0031950697253477836;1.4288786197458453E-4
284.0;0.001651628251155727;0.0031761174446037783;1.420402902131394E-4
285.0;0.0016247334309331136;0.0031540591809283525;1.4105381467226208E-4
286.0;0.001603383531544171;0.003124939561329686;1.39751545694231E-4
287.0;0.0015714719264430961;0.003092677106076133;1.383087248328712E-4
288.0;0.0015499601517280884;0.0030736576934884637;1.3745815084410833E-4
289.0;0.0015284581538738942;0.0030612081814734814;1.3690139174106432E-4
290.0;0.0015018445160436733;0.0030439077353082607;1.3612769226773415E-4
291.0;0.0014663627245474003;0.0030197005412606805;1.350451136390358E-4
292.0;0.0014431234246819918;0.0029979373033033807;1.3407183204937527E-4
293.0;0.0014162634198510403;0.0029736438146420754;1.3298539420822928E-4
294.0;0.0013913278174338844;0.0029586091752450178;1.3231302469404895E-4
295.0;0.0013628841631342955;0.0029335708643193513;1.3119327738861763E-4
296.0;0.001339941766012501;0.0028923140127229486;1.293482148944741E-4
297.0;0.0013044815980346677;0.0028514607091967956;1.2752119961867588E-4
298.0;0.0012884108528150985;0.0028403745578302;1.270254118573847E-4
299.0;0.001268783980964281;0.002828005761006319;1.2647226244742307E-4
300.0;0.0012490735852265658;0.002792799075529412;1.2489777160764668E-4
301.0;0.0012259736492009476;0.0027789904790224435;1.2428023239837775E-4
302.0;0.0012047877318627999;0.0027361460818333826;1.223641727069829E-4
303.0;0.00118359817344815;0.002695720946814762;1.2055630570895806E-4
304.0;0.0011606771671655888;0.0026701251368296403;1.1941162628764005E-4
305.0;0.001130774732513031;0.0026366374194194664;1.1791401003683101E-4
306.0;0.0011096920233762129;0.0025984697682864774;1.1620710078733381E-4
307.0;0.0010866580787096546;0.0025656126205376465;1.14737684469071E-4
308.0;0.0010671850652488601;0.0025514224831467524;1.14103082232749E-4
309.0;0.001042343962360611;0.002514308868943622;1.1244331094777097E-4
310.0;0.001024530103772327;0.002493165728055918;1.1149776094211574E-4
311.0;0.0010034879316951834;0.0024595768125405108;1.0999561897445678E-4
312.0;9.821322226723943E-4;0.002435164746043421;1.0890387817128203E-4
313.0;9.505905433137258E-4;0.0024011133239120303;1.0738105227895541E-4
314.0;9.434058666601482E-4;0.0023983565474994238;1.072577654898083E-4
315.0;9.25798689456014E-4;0.0023712323459370234;1.0604473431922963E-4
316.0;9.167672381293295E-4;0.0023676162086517694;1.0588301574351363E-4
317.0;8.938551861101363E-4;0.002341066385281212;1.0469567154657006E-4
318.0;8.727401129197412E-4;0.002323096815518381;1.0389204795624775E-4
319.0;8.498677677949413E-4;0.002287641685865593;1.0230644635515372E-4
320.0;8.32181071683923E-4;0.002265370261111269;1.0131043796102491E-4
321.0;8.197906212187563E-4;0.0022433737358099185;1.0032672344417264E-4
322.0;7.986975058148551E-4;0.002207767162210086;9.873434906387113E-5
323.0;7.777278645079562E-4;0.0021728769121665335;9.717400964688416E-5
324.0;7.58387520853747E-4;0.002142012232578117;9.579369921361517E-5
325.0;7.427255123044496E-4;0.002107953988199542;9.427056822111929E-5
326.0;7.268636125679229E-4;0.0020738457629751956;9.274520201724907E-5
327.0;7.044311157785004E-4;0.002030968278125727;9.08276626006965E-5
328.0;6.852581169354193E-4;0.00200188692793145;8.952710508245889E-5
329.0;6.692465804742812E-4;0.001974167437559016;8.828745178697063E-5
330.0;6.605121131372664E-4;0.0019659532881503685;8.792010385786911E-5
331.0;6.482365432341038E-4;0.001937010607935613;8.662574784964448E-5
332.0;6.375904433062893E-4;0.0019251627291086036;8.609589460071701E-5
333.0;6.252602011115012E-4;0.0019155966663908707;8.566808727043947E-5
334.0;6.060289973001671E-4;0.0018955013775580013;8.47693986332837E-5
335.0;5.938454121513625E-4;0.0018679574184544895;8.353759533478517E-5
336.0;5.798446747910043E-4;0.0018581587382970252;8.30993850363478E-5
337.0;5.709468863899888E-4;0.0018466974415961733;8.258682026567981E-5
338.0;5.621470737422646E-4;0.0018305117068294797;8.186297220159765E-5
339.0;5.464413957252422E-4;0.001813415873298486;8.10984232834512E-5
340.0;5.376606104278457E-4;0.0017935235230283845;8.020881033472754E-5
341.0;5.255516268296868E-4;0.0017607302621263092;7.874225112310901E-5
342.0;5.152141669293903E-4;0.00174481193277363;7.803036179269259E-5
343.0;4.925781960158475E-4;0.0017199390268445023;7.691801162358284E-5
344.0;4.8045126792160906E-4;0.0016975376427168462;7.591619126959238E-5
345.0;4.5796416696819344E-4;0.0016529837100036295;7.392367882535829E-5
346.0;4.5437770840157395E-4;0.001646164943792951;7.361873432996317E-5
347.0;4.352360457578965E-4;0.0016306234100937798;7.292369581344417E-5
348.0;4.2124885735009206E-4;0.0016073159688719681;7.188135535437314E-5
349.0;4.055160139711809E-4;0.0015692052249273636;7.017699107170864E-5
350.0;3.96919913345196E-4;0.001545928485864802;6.913602365494039E-5
351.0;3.883334090741668E-4;0.0015070782486572502;6.739858822817885E-5
352.0;3.847740584744572E-4;0.0014874998438253193;6.652301534627469E-5
353.0;3.674388290082996E-4;0.0014596492891588277;6.527750067736771E-5
354.0;3.587357312219493E-4;0.001446399094051678;6.468493393787328E-5
355.0;3.466152216458996E-4;0.0014199323650302467;6.350130583319354E-5
356.0;3.3975603156090653E-4;0.0014031607288058662;6.275125545936128E-5
357.0;3.3274232672753014E-4;0.001380645320694559;6.174433579780061E-5
358.0;3.2069466626138927E-4;0.0013566865896641079;6.067286877302617E-5
359.0;3.137067004429329E-4;0.0013513101033708036;6.0432424996387685E-5
360.0;3.0500658570039045E-4;0.001332166036491487;5.957627629822861E-5
361.0;2.9458798942386957E-4;0.0012954068557196612;5.793235575816849E-5
362.0;2.841933356140093E-4;0.0012861096235955273;5.751657089752533E-5
363.0;2.754195509374196E-4;0.0012647322417166991;5.656054531628469E-5
364.0;2.6675424450421794E-4;0.00125402179963609;5.6081559785058355E-5
365.0;2.582220657492719E-4;0.001216234897315342;5.439167814009163E-5
366.0;2.5815575057176374E-4;0.0012159840340851126;5.438045919537466E-5
367.0;2.4778840747201867E-4;0.0011785343019183772;5.2705656258095044E-5
368.0;2.443538329404786E-4;0.0011720337327375254;5.241494196647855E-5
369.0;2.3755601267954905E-4;0.0011509367702761157;5.147145712282908E-5
370.0;2.3241197817134866E-4;0.0011386433486316621;5.092167859336777E-5
371.0;2.2725359830789936E-4;0.0011207338577276665;5.012074181129281E-5
372.0;2.1688662789717415E-4;0.0011040097514370848;4.9372817040719356E-5
373.0;2.1342424397668833E-4;0.0010884638325090784;4.8677582410804895E-5
374.0;2.0832911752354956E-4;0.0010729827014338256;4.79852451817479E-5
375.0;2.0308843346569054E-4;0.0010592972869153789;4.737321483847771E-5
376.0;1.978174193062471E-4;0.0010482120394592045;4.687746750128946E-5
377.0;1.8931800927879E-4;0.0010335660115862368;4.622247722280321E-5
378.0;1.8261594847768058E-4;0.0010009368859165814;4.4763258361928556E-5
379.0;1.8089616721016303E-4;9.975508433077704E-4;4.4611829932968314E-5
380.0;1.7748929768321946E-4;9.921655956882487E-4;4.437099433790992E-5
381.0;1.723950451165401E-4;9.878954880892805E-4;4.41800293206593E-5
382.0;1.689142618998485E-4;9.853692613930442E-4;4.406705302827212E-5
383.0;1.6381175969511677E-4;9.692966953112122E-4;4.334826602163544E-5
384.0;1.5872456128463545E-4;9.500082866529041E-4;4.248566216287999E-5
385.0;1.5365089962685356E-4;9.365065198557756E-4;4.1881844795385415E-5
386.0;1.5019518551589466E-4;9.306383067128722E-4;4.1619410325505625E-5
387.0;1.467511784516234E-4;9.248711631448866E-4;4.1361495824425285E-5
388.0;1.3997705629839258E-4;9.071194670491205E-4;4.056761584070428E-5
389.0;1.3486157593585937E-4;8.974365054362328E-4;4.0134580632905524E-5
390.0;1.297520935341787E-4;8.827875650374454E-4;3.9479460102304894E-5
391.0;1.2633037795329729E-4;8.766443142759806E-4;3.9204725576195635E-5
392.0;1.2116960590598205E-4;8.628424847210925E-4;3.858748899422373E-5
393.0;1.1775330297184497E-4;8.598726141389131E-4;3.845467234410113E-5
394.0;1.1774734740040786E-4;8.598614554213572E-4;3.845417331108119E-5
395.0;1.12627999619713E-4;8.530635421021473E-4;3.8150161385343104E-5
396.0;1.1261337848358688E-4;8.530153158405837E-4;3.8148004641359963E-5
397.0;1.0928973852479049E-4;8.501984902910631E-4;3.802203237317024E-5
398.0;1.0591846056612594E-4;8.473303054058205E-4;3.789376324566144E-5
399.0;1.0248289224385935E-4;8.354233492692731E-4;3.736126797913287E-5
400.0;9.908730650531953E-5;8.288937714281112E-4;3.706925638078859E-5
401.0;9.735874267518776E-5;8.281770813219138E-4;3.703720502486341E-5
402.0;9.735874267518776E-5;8.281770813219138E-4;3.703720502486341E-5
403.0;9.23558940930129E-5;8.143094871290626E-4;3.641702735887148E-5
404.0;8.893962733330553E-5;8.074163587467412E-4;3.61087572860614E-5
405.0;8.05660562190449E-5;7.2187770606098E-4;3.228335244387926E-5
406.0;7.884340333360129E-5;7.148254334141864E-4;3.1967965223197404E-5
407.0;7.551530213795348E-5;6.691257107545157E-4;2.9924211494799182E-5
408.0;6.878743068181044E-5;6.442125960208177E-4;2.8810063133283175E-5
409.0;6.711354940811126E-5;6.432873246951982E-4;2.8768683741648846E-5
410.0;6.544541470180312E-5;6.113421019082845E-4;2.734004994749056E-5
411.0;6.209785071991077E-5;5.955853523068872E-4;2.6635386683227215E-5
412.0;6.209785071991077E-5;5.955853523068872E-4;2.6635386683227215E-5
413.0;5.8697315648462037E-5;5.841336902519633E-4;2.6123252787023922E-5
414.0;5.526823860372965E-5;5.76837807407029E-4;2.579697098708097E-5
415.0;5.526823860372965E-5;5.76837807407029E-4;2.579697098708097E-5
416.0;5.3550025545310476E-5;5.731421682474242E-4;2.563169697945724E-5
417.0;5.3550025545310476E-5;5.731421682474242E-4;2.563169697945724E-5
418.0;5.3550025545310476E-5;5.731421682474242E-4;2.563169697945724E-5
419.0;5.185654544370169E-5;5.720437008025209E-4;2.5582572021899754E-5
420.0;5.185654544370169E-5;5.720437008025209E-4;2.5582572021899754E-5
421.0;5.020909898571152E-5;5.686151615785709E-4;2.5429243086534222E-5
422.0;4.857377600942372E-5;5.675784063497611E-4;2.5382877983181284E-5
423.0;4.522997671004268E-5;5.653831334240078E-4;2.5284702393358293E-5
424.0;4.52285512339336E-5;5.653811148764835E-4;2.5284612121168695E-5
425.0;4.52285512339336E-5;5.653811148764835E-4;2.5284612121168695E-5
426.0;4.18519633828112E-5;5.557214488583348E-4;2.4852618724038192E-5
427.0;3.845187090260772E-5;5.506958056694654E-4;2.4627865128018773E-5
428.0;3.679349610990459E-5;5.445196135103036E-4;2.4351657417819034E-5
429.0;3.679349610990459E-5;5.445196135103036E-4;2.4351657417819034E-5
430.0;3.5128217175683104E-5;5.090275198711274E-4;2.2764402736999316E-5
431.0;3.5128217175683104E-5;5.090275198711274E-4;2.2764402736999316E-5
432.0;3.346293824146161E-5;4.738033098276679E-4;2.118912817478119E-5
433.0;3.346293824146161E-5;4.738033098276679E-4;2.118912817478119E-5
434.0;3.009553164766566E-5;4.340441048976947E-4;1.9411042475685896E-5
435.0;3.009553164766566E-5;4.340441048976947E-4;1.9411042475685896E-5
436.0;3.009553164766566E-5;4.340441048976947E-4;1.9411042475685896E-5
437.0;3.009553164766566E-5;4.340441048976947E-4;1.9411042475685896E-5
438.0;2.8430252713444196E-5;3.9914342394182855E-4;1.7850236574118914E-5
439.0;2.8430252713444196E-5;3.9914342394182855E-4;1.7850236574118914E-5
440.0;2.6771877920741013E-5;3.940477440256894E-4;1.762235084043756E-5
441.0;2.506975026116658E-5;3.923143129524946E-4;1.7544829446158082E-5
442.0;2.3357421494043295E-5;3.9054402660452283E-4;1.7465659833883986E-5
443.0;2.3357421494043295E-5;3.9054402660452283E-4;1.7465659833883986E-5
444.0;2.3357421494043295E-5;3.9054402660452283E-4;1.7465659833883986E-5
445.0;2.3357421494043295E-5;3.9054402660452283E-4;1.7465659833883986E-5
446.0;2.3357421494043295E-5;3.9054402660452283E-4;1.7465659833883986E-5
447.0;2.3357421494043295E-5;3.9054402660452283E-4;1.7465659833883986E-5
448.0;2.3357421494043295E-5;3.9054402660452283E-4;1.7465659833883986E-5
449.0;2.3357421494043295E-5;3.9054402660452283E-4;1.7465659833883986E-5
450.0;2.3357421494043295E-5;3.9054402660452283E-4;1.7465659833883986E-5
451.0;2.16921425598218E-5;3.552492777029045E-4;1.5887230678027893E-5
452.0;2.16921425598218E-5;3.552492777029045E-4;1.5887230678027893E-5
453.0;2.16921425598218E-5;3.552492777029045E-4;1.5887230678027893E-5
454.0;2.16921425598218E-5;3.552492777029045E-4;1.5887230678027893E-5
455.0;2.16921425598218E-5;3.552492777029045E-4;1.5887230678027893E-5
456.0;2.16921425598218E-5;3.552492777029045E-4;1.5887230678027893E-5
457.0;2.16921425598218E-5;3.552492777029045E-4;1.5887230678027893E-5
458.0;2.0010056773446702E-5;3.4523126982371235E-4;1.5439211745687853E-5
459.0;1.8327970987071596E-5;3.391115194334683E-4;1.5165528188129522E-5
460.0;1.8327970987071596E-5;3.391115194334683E-4;1.5165528188129522E-5
461.0;1.6662692052850126E-5;3.0238379935282897E-4;1.352301461295165E-5
462.0;1.6662692052850126E-5;3.0238379935282897E-4;1.352301461295165E-5
463.0;1.6662692052850126E-5;3.0238379935282897E-4;1.352301461295165E-5
464.0;1.4980606266475025E-5;3.0011956640826724E-4;1.3421755037332958E-5
465.0;1.4980606266475025E-5;3.0011956640826724E-4;1.3421755037332958E-5
466.0;1.3322231473771862E-5;2.978941518734109E-4;1.3322231473771862E-5
467.0;1.3322231473771862E-5;2.978941518734109E-4;1.3322231473771862E-5
468.0;1.3322231473771862E-5;2.978941518734109E-4;1.3322231473771862E-5
469.0;1.3322231473771862E-5;2.978941518734109E-4;1.3322231473771862E-5
470.0;1.3322231473771862E-5;2.978941518734109E-4;1.3322231473771862E-5
471.0;1.3322231473771862E-5;2.978941518734109E-4;1.3322231473771862E-5
472.0;1.3322231473771862E-5;2.978941518734109E-4;1.3322231473771862E-5
473.0;1.3322231473771862E-5;2.978941518734109E-4;1.3322231473771862E-5
474.0;1.3322231473771862E-5;2.978941518734109E-4;1.3322231473771862E-5
475.0;1.3322231473771862E-5;2.978941518734109E-4;1.3322231473771862E-5
476.0;1.1656952539550378E-5;2.606573828892345E-4;1.1656952539550378E-5
477.0;1.1656952539550378E-5;2.606573828892345E-4;1.1656952539550378E-5
478.0;1.1656952539550378E-5;2.606573828892345E-4;1.1656952539550378E-5
479.0;1.1656952539550378E-5;2.606573828892345E-4;1.1656952539550378E-5
480.0;1.1656952539550378E-5;2.606573828892345E-4;1.1656952539550378E-5
481.0;1.1656952539550378E-5;2.606573828892345E-4;1.1656952539550378E-5
482.0;1.1656952539550378E-5;2.606573828892345E-4;1.1656952539550378E-5
483.0;9.991673605328907E-6;2.234206139050579E-4;9.991673605328883E-6
484.0;9.991673605328907E-6;2.234206139050579E-4;9.991673605328883E-6
485.0;8.32639467110742E-6;1.8618384492088182E-4;8.326394671107413E-6
486.0;8.32639467110742E-6;1.8618384492088182E-4;8.326394671107413E-6
487.0;8.32639467110742E-6;1.8618384492088182E-4;8.326394671107413E-6
488.0;6.661115736885931E-6;1.4894707593670546E-4;6.661115736885931E-6
489.0;6.661115736885931E-6;1.4894707593670546E-4;6.661115736885931E-6
490.0;6.661115736885931E-6;1.4894707593670546E-4;6.661115736885931E-6
491.0;6.661115736885931E-6;1.4894707593670546E-4;6.661115736885931E-6
492.0;6.661115736885931E-6;1.4894707593670546E-4;6.661115736885931E-6
493.0;6.661115736885931E-6;1.4894707593670546E-4;6.661115736885931E-6
494.0;6.661115736885931E-6;1.4894707593670546E-4;6.661115736885931E-6
495.0;6.661115736885931E-6;1.4894707593670546E-4;6.661115736885931E-6
496.0;6.661115736885931E-6;1.4894707593670546E-4;6.661115736885931E-6
497.0;4.995836802664453E-6;1.1171030695252895E-4;4.995836802664441E-6
498.0;3.3305578684429656E-6;7.447353796835273E-5;3.3305578684429656E-6
499.0;1.6652789342214828E-6;3.7236768984176365E-5;1.6652789342214828E-6
500.0;1.6652789342214828E-6;3.7236768984176365E-5;1.6652789342214828E-6
501.0;1.6652789342214828E-6;3.7236768984176365E-5;1.6652789342214828E-6
502.0;1.6652789342214828E-6;3.7236768984176365E-5;1.6652789342214828E-6
503.0;1.6652789342214828E-6;3.7236768984176365E-5;1.6652789342214828E-6
504.0;0.0;0.0;0.0
505.0;0.0;0.0;0.0
506.0;0.0;0.0;0.0
507.0;0.0;0.0;0.0
508.0;0.0;0.0;0.0
509.0;0.0;0.0;0.0
510.0;0.0;0.0;0.0
511.0;0.0;0.0;0.0
512.0;0.0;0.0;0.0
513.0;0.0;0.0;0.0
514.0;0.0;0.0;0.0
515.0;0.0;0.0;0.0
516.0;0.0;0.0;0.0
517.0;0.0;0.0;0.0
518.0;0.0;0.0;0.0
519.0;0.0;0.0;0.0
520.0;0.0;0.0;0.0
521.0;0.0;0.0;0.0
522.0;0.0;0.0;0.0
523.0;0.0;0.0;0.0
524.0;0.0;0.0;0.0
525.0;0.0;0.0;0.0
526.0;0.0;0.0;0.0
527.0;0.0;0.0;0.0
528.0;0.0;0.0;0.0
529.0;0.0;0.0;0.0
530.0;0.0;0.0;0.0
531.0;0.0;0.0;0.0
532.0;0.0;0.0;0.0
533.0;0.0;0.0;0.0
534.0;0.0;0.0;0.0
535.0;0.0;0.0;0.0
536.0;0.0;0.0;0.0
537.0;0.0;0.0;0.0
538.0;0.0;0.0;0.0
539.0;0.0;0.0;0.0
540.0;0.0;0.0;0.0
541.0;0.0;0.0;0.0
542.0;0.0;0.0;0.0
543.0;0.0;0.0;0.0
544.0;0.0;0.0;0.0
545.0;0.0;0.0;0.0
546.0;0.0;0.0;0.0
547.0;0.0;0.0;0.0
548.0;0.0;0.0;0.0
549.0;0.0;0.0;0.0
550.0;0.0;0.0;0.0
551.0;0.0;0.0;0.0
552.0;0.0;0.0;0.0
553.0;0.0;0.0;0.0
554.0;0.0;0.0;0.0
555.0;0.0;0.0;0.0
556.0;0.0;0.0;0.0
557.0;0.0;0.0;0.0
558.0;0.0;0.0;0.0
559.0;0.0;0.0;0.0
560.0;0.0;0.0;0.0
561.0;0.0;0.0;0.0
562.0;0.0;0.0;0.0
563.0;0.0;0.0;0.0
564.0;0.0;0.0;0.0
565.0;0.0;0.0;0.0
566.0;0.0;0.0;0.0
567.0;0.0;0.0;0.0
568.0;0.0;0.0;0.0
569.0;0.0;0.0;0.0
570.0;0.0;0.0;0.0
571.0;0.0;0.0;0.0
572.0;0.0;0.0;0.0
573.0;0.0;0.0;0.0
574.0;0.0;0.0;0.0
575.0;0.0;0.0;0.0
576.0;0.0;0.0;0.0
577.0;0.0;0.0;0.0
578.0;0.0;0.0;0.0
579.0;0.0;0.0;0.0
580.0;0.0;0.0;0.0
581.0;0.0;0.0;0.0
582.0;0.0;0.0;0.0
583.0;0.0;0.0;0.0
584.0;0.0;0.0;0.0
585.0;0.0;0.0;0.0
586.0;0.0;0.0;0.0
587.0;0.0;0.0;0.0
588.0;0.0;0.0;0.0
589.0;0.0;0.0;0.0
590.0;0.0;0.0;0.0
591.0;0.0;0.0;0.0
592.0;0.0;0.0;0.0
593.0;0.0;0.0;0.0
594.0;0.0;0.0;0.0
595.0;0.0;0.0;0.0
596.0;0.0;0.0;0.0
597.0;0.0;0.0;0.0
598.0;0.0;0.0;0.0
599.0;0.0;0.0;0.0
600.0;0.0;0.0;0.0
601.0;0.0;0.0;0.0
602.0;0.0;0.0;0.0
603.0;0.0;0.0;0.0
604.0;0.0;0.0;0.0
605.0;0.0;0.0;0.0
606.0;0.0;0.0;0.0
607.0;0.0;0.0;0.0
608.0;0.0;0.0;0.0
609.0;0.0;0.0;0.0
610.0;0.0;0.0;0.0
611.0;0.0;0.0;0.0
612.0;0.0;0.0;0.0
613.0;0.0;0.0;0.0
614.0;0.0;0.0;0.0
615.0;0.0;0.0;0.0
616.0;0.0;0.0;0.0
617.0;0.0;0.0;0.0
618.0;0.0;0.0;0.0
619.0;0.0;0.0;0.0
620.0;0.0;0.0;0.0
621.0;0.0;0.0;0.0
622.0;0.0;0.0;0.0
623.0;0.0;0.0;0.0
624.0;0.0;0.0;0.0
625.0;0.0;0.0;0.0
626.0;0.0;0.0;0.0
627.0;0.0;0.0;0.0
628.0;0.0;0.0;0.0
629.0;0.0;0.0;0.0
630.0;0.0;0.0;0.0
631.0;0.0;0.0;0.0
632.0;0.0;0.0;0.0
633.0;0.0;0.0;0.0
634.0;0.0;0.0;0.0
635.0;0.0;0.0;0.0
636.0;0.0;0.0;0.0
637.0;0.0;0.0;0.0
638.0;0.0;0.0;0.0
639.0;0.0;0.0;0.0
640.0;0.0;0.0;0.0
641.0;0.0;0.0;0.0
642.0;0.0;0.0;0.0
643.0;0.0;0.0;0.0
644.0;0.0;0.0;0.0
645.0;0.0;0.0;0.0
646.0;0.0;0.0;0.0
647.0;0.0;0.0;0.0
648.0;0.0;0.0;0.0
649.0;0.0;0.0;0.0
650.0;0.0;0.0;0.0
651.0;0.0;0.0;0.0
652.0;0.0;0.0;0.0
653.0;0.0;0.0;0.0
654.0;0.0;0.0;0.0
655.0;0.0;0.0;0.0
656.0;0.0;0.0;0.0
657.0;0.0;0.0;0.0
658.0;0.0;0.0;0.0
659.0;0.0;0.0;0.0
660.0;0.0;0.0;0.0
661.0;0.0;0.0;0.0
662.0;0.0;0.0;0.0
663.0;0.0;0.0;0.0
664.0;0.0;0.0;0.0
665.0;0.0;0.0;0.0
666.0;0.0;0.0;0.0
667.0;0.0;0.0;0.0
668.0;0.0;0.0;0.0
669.0;0.0;0.0;0.0
670.0;0.0;0.0;0.0
671.0;0.0;0.0;0.0
672.0;0.0;0.0;0.0
673.0;0.0;0.0;0.0
674.0;0.0;0.0;0.0
675.0;0.0;0.0;0.0
676.0;0.0;0.0;0.0
677.0;0.0;0.0;0.0
678.0;0.0;0.0;0.0
679.0;0.0;0.0;0.0
680.0;0.0;0.0;0.0
681.0;0.0;0.0;0.0
682.0;0.0;0.0;0.0
683.0;0.0;0.0;0.0
684.0;0.0;0.0;0.0
685.0;0.0;0.0;0.0
686.0;0.0;0.0;0.0
687.0;0.0;0.0;0.0
688.0;0.0;0.0;0.0
689.0;0.0;0.0;0.0
690.0;0.0;0.0;0.0
691.0;0.0;0.0;0.0
692.0;0.0;0.0;0.0
693.0;0.0;0.0;0.0
694.0;0.0;0.0;0.0
695.0;0.0;0.0;0.0
696.0;0.0;0.0;0.0
697.0;0.0;0.0;0.0
698.0;0.0;0.0;0.0
699.0;0.0;0.0;0.0
700.0;0.0;0.0;0.0
701.0;0.0;0.0;0.0
702.0;0.0;0.0;0.0
703.0;0.0;0.0;0.0
704.0;0.0;0.0;0.0
705.0;0.0;0.0;0.0
706.0;0.0;0.0;0.0
707.0;0.0;0.0;0.0
708.0;0.0;0.0;0.0
709.0;0.0;0.0;0.0
710.0;0.0;0.0;0.0
711.0;0.0;0.0;0.0
712.0;0.0;0.0;0.0
713.0;0.0;0.0;0.0
714.0;0.0;0.0;0.0
715.0;0.0;0.0;0.0
716.0;0.0;0.0;0.0
717.0;0.0;0.0;0.0
718.0;0.0;0.0;0.0
719.0;0.0;0.0;0.0
720.0;0.0;0.0;0.0
721.0;0.0;0.0;0.0
722.0;0.0;0.0;0.0
723.0;0.0;0.0;0.0
724.0;0.0;0.0;0.0
725.0;0.0;0.0;0.0
726.0;0.0;0.0;0.0
727.0;0.0;0.0;0.0
728.0;0.0;0.0;0.0
729.0;0.0;0.0;0.0
730.0;0.0;0.0;0.0
731.0;0.0;0.0;0.0
732.0;0.0;0.0;0.0
733.0;0.0;0.0;0.0
734.0;0.0;0.0;0.0
735.0;0.0;0.0;0.0
736.0;0.0;0.0;0.0
737.0;0.0;0.0;0.0
738.0;0.0;0.0;0.0
739.0;0.0;0.0;0.0
740.0;0.0;0.0;0.0
741.0;0.0;0.0;0.0
742.0;0.0;0.0;0.0
743.0;0.0;0.0;0.0
744.0;0.0;0.0;0.0
745.0;0.0;0.0;0.0
746.0;0.0;0.0;0.0
747.0;0.0;0.0;0.0
748.0;0.0;0.0;0.0
749.0;0.0;0.0;0.0
750.0;0.0;0.0;0.0
751.0;0.0;0.0;0.0
752.0;0.0;0.0;0.0
753.0;0.0;0.0;0.0
754.0;0.0;0.0;0.0
755.0;0.0;0.0;0.0
756.0;0.0;0.0;0.0
757.0;0.0;0.0;0.0
758.0;0.0;0.0;0.0
759.0;0.0;0.0;0.0
760.0;0.0;0.0;0.0
761.0;0.0;0.0;0.0
762.0;0.0;0.0;0.0
763.0;0.0;0.0;0.0
764.0;0.0;0.0;0.0
765.0;0.0;0.0;0.0
766.0;0.0;0.0;0.0
767.0;0.0;0.0;0.0
768.0;0.0;0.0;0.0
769.0;0.0;0.0;0.0
770.0;0.0;0.0;0.0
771.0;0.0;0.0;0.0
772.0;0.0;0.0;0.0
773.0;0.0;0.0;0.0
774.0;0.0;0.0;0.0
775.0;0.0;0.0;0.0
776.0;0.0;0.0;0.0
777.0;0.0;0.0;0.0
778.0;0.0;0.0;0.0
779.0;0.0;0.0;0.0
780.0;0.0;0.0;0.0
781.0;0.0;0.0;0.0
782.0;0.0;0.0;0.0
783.0;0.0;0.0;0.0
784.0;0.0;0.0;0.0
785.0;0.0;0.0;0.0
786.0;0.0;0.0;0.0
787.0;0.0;0.0;0.0
788.0;0.0;0.0;0.0
789.0;0.0;0.0;0.0
790.0;0.0;0.0;0.0
791.0;0.0;0.0;0.0
792.0;0.0;0.0;0.0
793.0;0.0;0.0;0.0
794.0;0.0;0.0;0.0
795.0;0.0;0.0;0.0
796.0;0.0;0.0;0.0
797.0;0.0;0.0;0.0
798.0;0.0;0.0;0.0
799.0;0.0;0.0;0.0
800.0;0.0;0.0;0.0
801.0;0.0;0.0;0.0
802.0;0.0;0.0;0.0
803.0;0.0;0.0;0.0
804.0;0.0;0.0;0.0
805.0;0.0;0.0;0.0
806.0;0.0;0.0;0.0
807.0;0.0;0.0;0.0
808.0;0.0;0.0;0.0
809.0;0.0;0.0;0.0
810.0;0.0;0.0;0.0
811.0;0.0;0.0;0.0
812.0;0.0;0.0;0.0
813.0;0.0;0.0;0.0
814.0;0.0;0.0;0.0
815.0;0.0;0.0;0.0
816.0;0.0;0.0;0.0
817.0;0.0;0.0;0.0
818.0;0.0;0.0;0.0
819.0;0.0;0.0;0.0
820.0;0.0;0.0;0.0
821.0;0.0;0.0;0.0
822.0;0.0;0.0;0.0
823.0;0.0;0.0;0.0
824.0;0.0;0.0;0.0
825.0;0.0;0.0;0.0
826.0;0.0;0.0;0.0
827.0;0.0;0.0;0.0
828.0;0.0;0.0;0.0
829.0;0.0;0.0;0.0
830.0;0.0;0.0;0.0
831.0;0.0;0.0;0.0
832.0;0.0;0.0;0.0
833.0;0.0;0.0;0.0
834.0;0.0;0.0;0.0
835.0;0.0;0.0;0.0
836.0;0.0;0.0;0.0
837.0;0.0;0.0;0.0
838.0;0.0;0.0;0.0
839.0;0.0;0.0;0.0
840.0;0.0;0.0;0.0
841.0;0.0;0.0;0.0
842.0;0.0;0.0;0.0
843.0;0.0;0.0;0.0
844.0;0.0;0.0;0.0
845.0;0.0;0.0;0.0
846.0;0.0;0.0;0.0
847.0;0.0;0.0;0.0
848.0;0.0;0.0;0.0
849.0;0.0;0.0;0.0
850.0;0.0;0.0;0.0
851.0;0.0;0.0;0.0
852.0;0.0;0.0;0.0
853.0;0.0;0.0;0.0
854.0;0.0;0.0;0.0
855.0;0.0;0.0;0.0
856.0;0.0;0.0;0.0
857.0;0.0;0.0;0.0
858.0;0.0;0.0;0.0
859.0;0.0;0.0;0.0
860.0;0.0;0.0;0.0
861.0;0.0;0.0;0.0
862.0;0.0;0.0;0.0
863.0;0.0;0.0;0.0
864.0;0.0;0.0;0.0
865.0;0.0;0.0;0.0
866.0;0.0;0.0;0.0
867.0;0.0;0.0;0.0
868.0;0.0;0.0;0.0
869.0;0.0;0.0;0.0
870.0;0.0;0.0;0.0
871.0;0.0;0.0;0.0
872.0;0.0;0.0;0.0
873.0;0.0;0.0;0.0
874.0;0.0;0.0;0.0
875.0;0.0;0.0;0.0
876.0;0.0;0.0;0.0
877.0;0.0;0.0;0.0
878.0;0.0;0.0;0.0
879.0;0.0;0.0;0.0
880.0;0.0;0.0;0.0
881.0;0.0;0.0;0.0
882.0;0.0;0.0;0.0
883.0;0.0;0.0;0.0
884.0;0.0;0.0;0.0
885.0;0.0;0.0;0.0
886.0;0.0;0.0;0.0
887.0;0.0;0.0;0.0
888.0;0.0;0.0;0.0
889.0;0.0;0.0;0.0
890.0;0.0;0.0;0.0
891.0;0.0;0.0;0.0
892.0;0.0;0.0;0.0
893.0;0.0;0.0;0.0
894.0;0.0;0.0;0.0
895.0;0.0;0.0;0.0
896.0;0.0;0.0;0.0
897.0;0.0;0.0;0.0
898.0;0.0;0.0;0.0
899.0;0.0;0.0;0.0
900.0;0.0;0.0;0.0
901.0;0.0;0.0;0.0
902.0;0.0;0.0;0.0
903.0;0.0;0.0;0.0
904.0;0.0;0.0;0.0
905.0;0.0;0.0;0.0
906.0;0.0;0.0;0.0
907.0;0.0;0.0;0.0
908.0;0.0;0.0;0.0
909.0;0.0;0.0;0.0
910.0;0.0;0.0;0.0
911.0;0.0;0.0;0.0
912.0;0.0;0.0;0.0
913.0;0.0;0.0;0.0
914.0;0.0;0.0;0.0
915.0;0.0;0.0;0.0
916.0;0.0;0.0;0.0
917.0;0.0;0.0;0.0
918.0;0.0;0.0;0.0
919.0;0.0;0.0;0.0
920.0;0.0;0.0;0.0
921.0;0.0;0.0;0.0
922.0;0.0;0.0;0.0
923.0;0.0;0.0;0.0
924.0;0.0;0.0;0.0
925.0;0.0;0.0;0.0
926.0;0.0;0.0;0.0
927.0;0.0;0.0;0.0
928.0;0.0;0.0;0.0
929.0;0.0;0.0;0.0
930.0;0.0;0.0;0.0
931.0;0.0;0.0;0.0
932.0;0.0;0.0;0.0
933.0;0.0;0.0;0.0
934.0;0.0;0.0;0.0
935.0;0.0;0.0;0.0
936.0;0.0;0.0;0.0
937.0;0.0;0.0;0.0
938.0;0.0;0.0;0.0
939.0;0.0;0.0;0.0
940.0;0.0;0.0;0.0
941.0;0.0;0.0;0.0
942.0;0.0;0.0;0.0
943.0;0.0;0.0;0.0
944.0;0.0;0.0;0.0
945.0;0.0;0.0;0.0
946.0;0.0;0.0;0.0
947.0;0.0;0.0;0.0
948.0;0.0;0.0;0.0
949.0;0.0;0.0;0.0
950.0;0.0;0.0;0.0
951.0;0.0;0.0;0.0
952.0;0.0;0.0;0.0
953.0;0.0;0.0;0.0
954.0;0.0;0.0;0.0
955.0;0.0;0.0;0.0
956.0;0.0;0.0;0.0
957.0;0.0;0.0;0.0
958.0;0.0;0.0;0.0
959.0;0.0;0.0;0.0
960.0;0.0;0.0;0.0
961.0;0.0;0.0;0.0
962.0;0.0;0.0;0.0
963.0;0.0;0.0;0.0
964.0;0.0;0.0;0.0
965.0;0.0;0.0;0.0
966.0;0.0;0.0;0.0
967.0;0.0;0.0;0.0
968.0;0.0;0.0;0.0
969.0;0.0;0.0;0.0
970.0;0.0;0.0;0.0
971.0;0.0;0.0;0.0
972.0;0.0;0.0;0.0
973.0;0.0;0.0;0.0
974.0;0.0;0.0;0.0
975.0;0.0;0.0;0.0
976.0;0.0;0.0;0.0
977.0;0.0;0.0;0.0
978.0;0.0;0.0;0.0
979.0;0.0;0.0;0.0
980.0;0.0;0.0;0.0
981.0;0.0;0.0;0.0
982.0;0.0;0.0;0.0
983.0;0.0;0.0;0.0
984.0;0.0;0.0;0.0
985.0;0.0;0.0;0.0
986.0;0.0;0.0;0.0
987.0;0.0;0.0;0.0
988.0;0.0;0.0;0.0
989.0;0.0;0.0;0.0
990.0;0.0;0.0;0.0
991.0;0.0;0.0;0.0
992.0;0.0;0.0;0.0
993.0;0.0;0.0;0.0
994.0;0.0;0.0;0.0
995.0;0.0;0.0;0.0
996.0;0.0;0.0;0.0
997.0;0.0;0.0;0.0
998.0;0.0;0.0;0.0
999.0;0.0;0.0;0.0
1000.0;0.0;0.0;0.0
1001.0;0.0;0.0;0.0
1002.0;0.0;0.0;0.0
1003.0;0.0;0.0;0.0
1004.0;0.0;0.0;0.0
1005.0;0.0;0.0;0.0
1006.0;0.0;0.0;0.0
1007.0;0.0;0.0;0.0
1008.0;0.0;0.0;0.0
1009.0;0.0;0.0;0.0
1010.0;0.0;0.0;0.0
1011.0;0.0;0.0;0.0
1012.0;0.0;0.0;0.0
1013.0;0.0;0.0;0.0
1014.0;0.0;0.0;0.0
1015.0;0.0;0.0;0.0
1016.0;0.0;0.0;0.0
1017.0;0.0;0.0;0.0
1018.0;0.0;0.0;0.0
1019.0;0.0;0.0;0.0
1020.0;0.0;0.0;0.0
1021.0;0.0;0.0;0.0
1022.0;0.0;0.0;0.0
1023.0;0.0;0.0;0.0
1024.0;0.0;0.0;0.0
1025.0;0.0;0.0;0.0
1026.0;0.0;0.0;0.0
1027.0;0.0;0.0;0.0
1028.0;0.0;0.0;0.0
1029.0;0.0;0.0;0.0
1030.0;0.0;0.0;0.0
1031.0;0.0;0.0;0.0
1032.0;0.0;0.0;0.0
1033.0;0.0;0.0;0.0
1034.0;0.0;0.0;0.0
1035.0;0.0;0.0;0.0
1036.0;0.0;0.0;0.0
1037.0;0.0;0.0;0.0
1038.0;0.0;0.0;0.0
1039.0;0.0;0.0;0.0
1040.0;0.0;0.0;0.0
1041.0;0.0;0.0;0.0
1042.0;0.0;0.0;0.0
1043.0;0.0;0.0;0.0
1044.0;0.0;0.0;0.0
1045.0;0.0;0.0;0.0
1046.0;0.0;0.0;0.0
1047.0;0.0;0.0;0.0
1048.0;0.0;0.0;0.0
1049.0;0.0;0.0;0.0
1050.0;0.0;0.0;0.0
1051.0;0.0;0.0;0.0
1052.0;0.0;0.0;0.0
1053.0;0.0;0.0;0.0
1054.0;0.0;0.0;0.0
1055.0;0.0;0.0;0.0
1056.0;0.0;0.0;0.0
1057.0;0.0;0.0;0.0
1058.0;0.0;0.0;0.0
1059.0;0.0;0.0;0.0
1060.0;0.0;0.0;0.0
1061.0;0.0;0.0;0.0
1062.0;0.0;0.0;0.0
1063.0;0.0;0.0;0.0
1064.0;0.0;0.0;0.0
1065.0;0.0;0.0;0.0
1066.0;0.0;0.0;0.0
1067.0;0.0;0.0;0.0
1068.0;0.0;0.0;0.0
1069.0;0.0;0.0;0.0
1070.0;0.0;0.0;0.0
1071.0;0.0;0.0;0.0
1072.0;0.0;0.0;0.0
1073.0;0.0;0.0;0.0
1074.0;0.0;0.0;0.0
1075.0;0.0;0.0;0.0
1076.0;0.0;0.0;0.0
1077.0;0.0;0.0;0.0
1078.0;0.0;0.0;0.0
1079.0;0.0;0.0;0.0
1080.0;0.0;0.0;0.0
1081.0;0.0;0.0;0.0
1082.0;0.0;0.0;0.0
1083.0;0.0;0.0;0.0
1084.0;0.0;0.0;0.0
1085.0;0.0;0.0;0.0
1086.0;0.0;0.0;0.0
1087.0;0.0;0.0;0.0
1088.0;0.0;0.0;0.0
1089.0;0.0;0.0;0.0
1090.0;0.0;0.0;0.0
1091.0;0.0;0.0;0.0
1092.0;0.0;0.0;0.0
1093.0;0.0;0.0;0.0
1094.0;0.0;0.0;0.0
1095.0;0.0;0.0;0.0
1096.0;0.0;0.0;0.0
1097.0;0.0;0.0;0.0
1098.0;0.0;0.0;0.0
1099.0;0.0;0.0;0.0
1100.0;0.0;0.0;0.0
1101.0;0.0;0.0;0.0
1102.0;0.0;0.0;0.0
1103.0;0.0;0.0;0.0
1104.0;0.0;0.0;0.0
1105.0;0.0;0.0;0.0
1106.0;0.0;0.0;0.0
1107.0;0.0;0.0;0.0
1108.0;0.0;0.0;0.0
1109.0;0.0;0.0;0.0
1110.0;0.0;0.0;0.0
1111.0;0.0;0.0;0.0
1112.0;0.0;0.0;0.0
1113.0;0.0;0.0;0.0
1114.0;0.0;0.0;0.0
1115.0;0.0;0.0;0.0
1116.0;0.0;0.0;0.0
1117.0;0.0;0.0;0.0
1118.0;0.0;0.0;0.0
1119.0;0.0;0.0;0.0
1120.0;0.0;0.0;0.0
1121.0;0.0;0.0;0.0
1122.0;0.0;0.0;0.0
1123.0;0.0;0.0;0.0
1124.0;0.0;0.0;0.0
1125.0;0.0;0.0;0.0
1126.0;0.0;0.0;0.0
1127.0;0.0;0.0;0.0
1128.0;0.0;0.0;0.0
1129.0;0.0;0.0;0.0
1130.0;0.0;0.0;0.0
1131.0;0.0;0.0;0.0
1132.0;0.0;0.0;0.0
1133.0;0.0;0.0;0.0
1134.0;0.0;0.0;0.0
1135.0;0.0;0.0;0.0
1136.0;0.0;0.0;0.0
1137.0;0.0;0.0;0.0
1138.0;0.0;0.0;0.0
1139.0;0.0;0.0;0.0
1140.0;0.0;0.0;0.0
1141.0;0.0;0.0;0.0
1142.0;0.0;0.0;0.0
1143.0;0.0;0.0;0.0
1144.0;0.0;0.0;0.0
1145.0;0.0;0.0;0.0
1146.0;0.0;0.0;0.0
1147.0;0.0;0.0;0.0
1148.0;0.0;0.0;0.0
1149.0;0.0;0.0;0.0
1150.0;0.0;0.0;0.0
1151.0;0.0;0.0;0.0
1152.0;0.0;0.0;0.0
1153.0;0.0;0.0;0.0
1154.0;0.0;0.0;0.0
1155.0;0.0;0.0;0.0
1156.0;0.0;0.0;0.0
1157.0;0.0;0.0;0.0
1158.0;0.0;0.0;0.0
1159.0;0.0;0.0;0.0
1160.0;0.0;0.0;0.0
1161.0;0.0;0.0;0.0
1162.0;0.0;0.0;0.0
1163.0;0.0;0.0;0.0
1164.0;0.0;0.0;0.0
1165.0;0.0;0.0;0.0
1166.0;0.0;0.0;0.0
1167.0;0.0;0.0;0.0
1168.0;0.0;0.0;0.0
1169.0;0.0;0.0;0.0
1170.0;0.0;0.0;0.0
1171.0;0.0;0.0;0.0
1172.0;0.0;0.0;0.0
1173.0;0.0;0.0;0.0
1174.0;0.0;0.0;0.0
1175.0;0.0;0.0;0.0
1176.0;0.0;0.0;0.0
1177.0;0.0;0.0;0.0
1178.0;0.0;0.0;0.0
1179.0;0.0;0.0;0.0
1180.0;0.0;0.0;0.0
1181.0;0.0;0.0;0.0
1182.0;0.0;0.0;0.0
1183.0;0.0;0.0;0.0
1184.0;0.0;0.0;0.0
1185.0;0.0;0.0;0.0
1186.0;0.0;0.0;0.0
1187.0;0.0;0.0;0.0
1188.0;0.0;0.0;0.0
1189.0;0.0;0.0;0.0
1190.0;0.0;0.0;0.0
1191.0;0.0;0.0;0.0
1192.0;0.0;0.0;0.0
1193.0;0.0;0.0;0.0
1194.0;0.0;0.0;0.0
1195.0;0.0;0.0;0.0
1196.0;0.0;0.0;0.0
1197.0;0.0;0.0;0.0
1198.0;0.0;0.0;0.0
1199.0;0.0;0.0;0.0
1200.0;0.0;0.0;0.0
1201.0;0.0;0.0;0.0
1202.0;0.0;0.0;0.0
1203.0;0.0;0.0;0.0
1204.0;0.0;0.0;0.0
1205.0;0.0;0.0;0.0
1206.0;0.0;0.0;0.0
1207.0;0.0;0.0;0.0
1208.0;0.0;0.0;0.0
1209.0;0.0;0.0;0.0
1210.0;0.0;0.0;0.0
1211.0;0.0;0.0;0.0
1212.0;0.0;0.0;0.0
1213.0;0.0;0.0;0.0
1214.0;0.0;0.0;0.0
1215.0;0.0;0.0;0.0
1216.0;0.0;0.0;0.0
1217.0;0.0;0.0;0.0
1218.0;0.0;0.0;0.0
1219.0;0.0;0.0;0.0
1220.0;0.0;0.0;0.0
1221.0;0.0;0.0;0.0
1222.0;0.0;0.0;0.0
1223.0;0.0;0.0;0.0
1224.0;0.0;0.0;0.0
1225.0;0.0;0.0;0.0
1226.0;0.0;0.0;0.0
1227.0;0.0;0.0;0.0
1228.0;0.0;0.0;0.0
1229.0;0.0;0.0;0.0
1230.0;0.0;0.0;0.0
1231.0;0.0;0.0;0.0
1232.0;0.0;0.0;0.0
1233.0;0.0;0.0;0.0
1234.0;0.0;0.0;0.0
1235.0;0.0;0.0;0.0
1236.0;0.0;0.0;0.0
1237.0;0.0;0.0;0.0
1238.0;0.0;0.0;0.0
1239.0;0.0;0.0;0.0
1240.0;0.0;0.0;0.0
1241.0;0.0;0.0;0.0
1242.0;0.0;0.0;0.0
1243.0;0.0;0.0;0.0
1244.0;0.0;0.0;0.0
1245.0;0.0;0.0;0.0
1246.0;0.0;0.0;0.0
1247.0;0.0;0.0;0.0
1248.0;0.0;0.0;0.0
1249.0;0.0;0.0;0.0
1250.0;0.0;0.0;0.0
1251.0;0.0;0.0;0.0
1252.0;0.0;0.0;0.0
1253.0;0.0;0.0;0.0
1254.0;0.0;0.0;0.0
1255.0;0.0;0.0;0.0
1256.0;0.0;0.0;0.0
1257.0;0.0;0.0;0.0
1258.0;0.0;0.0;0.0
1259.0;0.0;0.0;0.0
1260.0;0.0;0.0;0.0
1261.0;0.0;0.0;0.0
1262.0;0.0;0.0;0.0
1263.0;0.0;0.0;0.0
1264.0;0.0;0.0;0.0
1265.0;0.0;0.0;0.0
1266.0;0.0;0.0;0.0
1267.0;0.0;0.0;0.0
1268.0;0.0;0.0;0.0
1269.0;0.0;0.0;0.0
1270.0;0.0;0.0;0.0
1271.0;0.0;0.0;0.0
1272.0;0.0;0.0;0.0
1273.0;0.0;0.0;0.0
1274.0;0.0;0.0;0.0
1275.0;0.0;0.0;0.0
1276.0;0.0;0.0;0.0
1277.0;0.0;0.0;0.0
1278.0;0.0;0.0;0.0
1279.0;0.0;0.0;0.0
1280.0;0.0;0.0;0.0
1281.0;0.0;0.0;0.0
1282.0;0.0;0.0;0.0
1283.0;0.0;0.0;0.0
1284.0;0.0;0.0;0.0
1285.0;0.0;0.0;0.0
1286.0;0.0;0.0;0.0
1287.0;0.0;0.0;0.0
1288.0;0.0;0.0;0.0
1289.0;0.0;0.0;0.0
1290.0;0.0;0.0;0.0
1291.0;0.0;0.0;0.0
1292.0;0.0;0.0;0.0
1293.0;0.0;0.0;0.0
1294.0;0.0;0.0;0.0
1295.0;0.0;0.0;0.0
1296.0;0.0;0.0;0.0
1297.0;0.0;0.0;0.0
1298.0;0.0;0.0;0.0
1299.0;0.0;0.0;0.0
1300.0;0.0;0.0;0.0
1301.0;0.0;0.0;0.0
1302.0;0.0;0.0;0.0
1303.0;0.0;0.0;0.0
1304.0;0.0;0.0;0.0
1305.0;0.0;0.0;0.0
1306.0;0.0;0.0;0.0
1307.0;0.0;0.0;0.0
1308.0;0.0;0.0;0.0
1309.0;0.0;0.0;0.0
1310.0;0.0;0.0;0.0
1311.0;0.0;0.0;0.0
1312.0;0.0;0.0;0.0
1313.0;0.0;0.0;0.0
1314.0;0.0;0.0;0.0
1315.0;0.0;0.0;0.0
1316.0;0.0;0.0;0.0
1317.0;0.0;0.0;0.0
1318.0;0.0;0.0;0.0
1319.0;0.0;0.0;0.0
1320.0;0.0;0.0;0.0
1321.0;0.0;0.0;0.0
1322.0;0.0;0.0;0.0
1323.0;0.0;0.0;0.0
1324.0;0.0;0.0;0.0
1325.0;0.0;0.0;0.0
1326.0;0.0;0.0;0.0
1327.0;0.0;0.0;0.0
1328.0;0.0;0.0;0.0
1329.0;0.0;0.0;0.0
1330.0;0.0;0.0;0.0
1331.0;0.0;0.0;0.0
1332.0;0.0;0.0;0.0
1333.0;0.0;0.0;0.0
1334.0;0.0;0.0;0.0
1335.0;0.0;0.0;0.0
1336.0;0.0;0.0;0.0
1337.0;0.0;0.0;0.0
1338.0;0.0;0.0;0.0
1339.0;0.0;0.0;0.0
1340.0;0.0;0.0;0.0
1341.0;0.0;0.0;0.0
1342.0;0.0;0.0;0.0
1343.0;0.0;0.0;0.0
1344.0;0.0;0.0;0.0
1345.0;0.0;0.0;0.0
1346.0;0.0;0.0;0.0
1347.0;0.0;0.0;0.0
1348.0;0.0;0.0;0.0
1349.0;0.0;0.0;0.0
1350.0;0.0;0.0;0.0
1351.0;0.0;0.0;0.0
1352.0;0.0;0.0;0.0
1353.0;0.0;0.0;0.0
1354.0;0.0;0.0;0.0
1355.0;0.0;0.0;0.0
1356.0;0.0;0.0;0.0
1357.0;0.0;0.0;0.0
1358.0;0.0;0.0;0.0
1359.0;0.0;0.0;0.0
1360.0;0.0;0.0;0.0
1361.0;0.0;0.0;0.0
1362.0;0.0;0.0;0.0
1363.0;0.0;0.0;0.0
1364.0;0.0;0.0;0.0
1365.0;0.0;0.0;0.0
1366.0;0.0;0.0;0.0
1367.0;0.0;0.0;0.0
1368.0;0.0;0.0;0.0
1369.0;0.0;0.0;0.0
1370.0;0.0;0.0;0.0
1371.0;0.0;0.0;0.0
1372.0;0.0;0.0;0.0
1373.0;0.0;0.0;0.0
1374.0;0.0;0.0;0.0
1375.0;0.0;0.0;0.0
1376.0;0.0;0.0;0.0
1377.0;0.0;0.0;0.0
1378.0;0.0;0.0;0.0
1379.0;0.0;0.0;0.0
1380.0;0.0;0.0;0.0
1381.0;0.0;0.0;0.0
1382.0;0.0;0.0;0.0
1383.0;0.0;0.0;0.0
1384.0;0.0;0.0;0.0
1385.0;0.0;0.0;0.0
1386.0;0.0;0.0;0.0
1387.0;0.0;0.0;0.0
1388.0;0.0;0.0;0.0
1389.0;0.0;0.0;0.0
1390.0;0.0;0.0;0.0
1391.0;0.0;0.0;0.0
1392.0;0.0;0.0;0.0
1393.0;0.0;0.0;0.0
1394.0;0.0;0.0;0.0
1395.0;0.0;0.0;0.0
1396.0;0.0;0.0;0.0
1397.0;0.0;0.0;0.0
1398.0;0.0;0.0;0.0
1399.0;0.0;0.0;0.0
1400.0;0.0;0.0;0.0
1401.0;0.0;0.0;0.0
1402.0;0.0;0.0;0.0
1403.0;0.0;0.0;0.0
1404.0;0.0;0.0;0.0
1405.0;0.0;0.0;0.0
1406.0;0.0;0.0;0.0
1407.0;0.0;0.0;0.0
1408.0;0.0;0.0;0.0
1409.0;0.0;0.0;0.0
1410.0;0.0;0.0;0.0
1411.0;0.0;0.0;0.0
1412.0;0.0;0.0;0.0
1413.0;0.0;0.0;0.0
1414.0;0.0;0.0;0.0
1415.0;0.0;0.0;0.0
1416.0;0.0;0.0;0.0
1417.0;0.0;0.0;0.0
1418.0;0.0;0.0;0.0
1419.0;0.0;0.0;0.0
1420.0;0.0;0.0;0.0
1421.0;0.0;0.0;0.0
1422.0;0.0;0.0;0.0
1423.0;0.0;0.0;0.0
1424.0;0.0;0.0;0.0
1425.0;0.0;0.0;0.0
1426.0;0.0;0.0;0.0
1427.0;0.0;0.0;0.0
1428.0;0.0;0.0;0.0
1429.0;0.0;0.0;0.0
1430.0;0.0;0.0;0.0
1431.0;0.0;0.0;0.0
1432.0;0.0;0.0;0.0
1433.0;0.0;0.0;0.0
1434.0;0.0;0.0;0.0
1435.0;0.0;0.0;0.0
1436.0;0.0;0.0;0.0
1437.0;0.0;0.0;0.0
1438.0;0.0;0.0;0.0
1439.0;0.0;0.0;0.0
1440.0;0.0;0.0;0.0
1441.0;0.0;0.0;0.0
1442.0;0.0;0.0;0.0
1443.0;0.0;0.0;0.0
1444.0;0.0;0.0;0.0
1445.0;0.0;0.0;0.0
1446.0;0.0;0.0;0.0
1447.0;0.0;0.0;0.0
1448.0;0.0;0.0;0.0
1449.0;0.0;0.0;0.0
1450.0;0.0;0.0;0.0
1451.0;0.0;0.0;0.0
1452.0;0.0;0.0;0.0
1453.0;0.0;0.0;0.0
1454.0;0.0;0.0;0.0
1455.0;0.0;0.0;0.0
1456.0;0.0;0.0;0.0
1457.0;0.0;0.0;0.0
1458.0;0.0;0.0;0.0
1459.0;0.0;0.0;0.0
1460.0;0.0;0.0;0.0
1461.0;0.0;0.0;0.0
1462.0;0.0;0.0;0.0
1463.0;0.0;0.0;0.0
1464.0;0.0;0.0;0.0
1465.0;0.0;0.0;0.0
1466.0;0.0;0.0;0.0
1467.0;0.0;0.0;0.0
1468.0;0.0;0.0;0.0
1469.0;0.0;0.0;0.0
1470.0;0.0;0.0;0.0
1471.0;0.0;0.0;0.0
1472.0;0.0;0.0;0.0
1473.0;0.0;0.0;0.0
1474.0;0.0;0.0;0.0
1475.0;0.0;0.0;0.0
1476.0;0.0;0.0;0.0
1477.0;0.0;0.0;0.0
1478.0;0.0;0.0;0.0
1479.0;0.0;0.0;0.0
1480.0;0.0;0.0;0.0
1481.0;0.0;0.0;0.0
1482.0;0.0;0.0;0.0
1483.0;0.0;0.0;0.0
1484.0;0.0;0.0;0.0
1485.0;0.0;0.0;0.0
1486.0;0.0;0.0;0.0
1487.0;0.0;0.0;0.0
1488.0;0.0;0.0;0.0
1489.0;0.0;0.0;0.0
1490.0;0.0;0.0;0.0
1491.0;0.0;0.0;0.0
1492.0;0.0;0.0;0.0
1493.0;0.0;0.0;0.0
1494.0;0.0;0.0;0.0
1495.0;0.0;0.0;0.0
1496.0;0.0;0.0;0.0
1497.0;0.0;0.0;0.0
1498.0;0.0;0.0;0.0
1499.0;0.0;0.0;0.0
1500.0;0.0;0.0;0.0
1501.0;0.0;0.0;0.0
1502.0;0.0;0.0;0.0
1503.0;0.0;0.0;0.0
1504.0;0.0;0.0;0.0
1505.0;0.0;0.0;0.0
1506.0;0.0;0.0;0.0
1507.0;0.0;0.0;0.0
1508.0;0.0;0.0;0.0
1509.0;0.0;0.0;0.0
1510.0;0.0;0.0;0.0
1511.0;0.0;0.0;0.0
1512.0;0.0;0.0;0.0
1513.0;0.0;0.0;0.0
1514.0;0.0;0.0;0.0
1515.0;0.0;0.0;0.0
1516.0;0.0;0.0;0.0
1517.0;0.0;0.0;0.0
1518.0;0.0;0.0;0.0
1519.0;0.0;0.0;0.0
1520.0;0.0;0.0;0.0
1521.0;0.0;0.0;0.0
1522.0;0.0;0.0;0.0
1523.0;0.0;0.0;0.0
1524.0;0.0;0.0;0.0
1525.0;0.0;0.0;0.0
1526.0;0.0;0.0;0.0
1527.0;0.0;0.0;0.0
1528.0;0.0;0.0;0.0
1529.0;0.0;0.0;0.0
1530.0;0.0;0.0;0.0
1531.0;0.0;0.0;0.0
1532.0;0.0;0.0;0.0
1533.0;0.0;0.0;0.0
1534.0;0.0;0.0;0.0
1535.0;0.0;0.0;0.0
1536.0;0.0;0.0;0.0
1537.0;0.0;0.0;0.0
1538.0;0.0;0.0;0.0
1539.0;0.0;0.0;0.0
1540.0;0.0;0.0;0.0
1541.0;0.0;0.0;0.0
1542.0;0.0;0.0;0.0
1543.0;0.0;0.0;0.0
1544.0;0.0;0.0;0.0
1545.0;0.0;0.0;0.0
1546.0;0.0;0.0;0.0
1547.0;0.0;0.0;0.0
1548.0;0.0;0.0;0.0
1549.0;0.0;0.0;0.0
1550.0;0.0;0.0;0.0
1551.0;0.0;0.0;0.0
1552.0;0.0;0.0;0.0
1553.0;0.0;0.0;0.0
1554.0;0.0;0.0;0.0
1555.0;0.0;0.0;0.0
1556.0;0.0;0.0;0.0
1557.0;0.0;0.0;0.0
1558.0;0.0;0.0;0.0
1559.0;0.0;0.0;0.0
1560.0;0.0;0.0;0.0
1561.0;0.0;0.0;0.0
1562.0;0.0;0.0;0.0
1563.0;0.0;0.0;0.0
1564.0;0.0;0.0;0.0
1565.0;0.0;0.0;0.0
1566.0;0.0;0.0;0.0
1567.0;0.0;0.0;0.0
1568.0;0.0;0.0;0.0
1569.0;0.0;0.0;0.0
1570.0;0.0;0.0;0.0
1571.0;0.0;0.0;0.0
1572.0;0.0;0.0;0.0
1573.0;0.0;0.0;0.0
1574.0;0.0;0.0;0.0
1575.0;0.0;0.0;0.0
1576.0;0.0;0.0;0.0
1577.0;0.0;0.0;0.0
1578.0;0.0;0.0;0.0
1579.0;0.0;0.0;0.0
1580.0;0.0;0.0;0.0
1581.0;0.0;0.0;0.0
1582.0;0.0;0.0;0.0
1583.0;0.0;0.0;0.0
1584.0;0.0;0.0;0.0
1585.0;0.0;0.0;0.0
1586.0;0.0;0.0;0.0
1587.0;0.0;0.0;0.0
1588.0;0.0;0.0;0.0
1589.0;0.0;0.0;0.0
1590.0;0.0;0.0;0.0
1591.0;0.0;0.0;0.0
1592.0;0.0;0.0;0.0
1593.0;0.0;0.0;0.0
1594.0;0.0;0.0;0.0
1595.0;0.0;0.0;0.0
1596.0;0.0;0.0;0.0
1597.0;0.0;0.0;0.0
1598.0;0.0;0.0;0.0
1599.0;0.0;0.0;0.0
1600.0;0.0;0.0;0.0
1601.0;0.0;0.0;0.0
1602.0;0.0;0.0;0.0
1603.0;0.0;0.0;0.0
1604.0;0.0;0.0;0.0
1605.0;0.0;0.0;0.0
1606.0;0.0;0.0;0.0
1607.0;0.0;0.0;0.0
1608.0;0.0;0.0;0.0
1609.0;0.0;0.0;0.0
1610.0;0.0;0.0;0.0
1611.0;0.0;0.0;0.0
1612.0;0.0;0.0;0.0
1613.0;0.0;0.0;0.0
1614.0;0.0;0.0;0.0
1615.0;0.0;0.0;0.0
1616.0;0.0;0.0;0.0
1617.0;0.0;0.0;0.0
1618.0;0.0;0.0;0.0
1619.0;0.0;0.0;0.0
1620.0;0.0;0.0;0.0
1621.0;0.0;0.0;0.0
1622.0;0.0;0.0;0.0
1623.0;0.0;0.0;0.0
1624.0;0.0;0.0;0.0
1625.0;0.0;0.0;0.0
1626.0;0.0;0.0;0.0
1627.0;0.0;0.0;0.0
1628.0;0.0;0.0;0.0
1629.0;0.0;0.0;0.0
1630.0;0.0;0.0;0.0
1631.0;0.0;0.0;0.0
1632.0;0.0;0.0;0.0
1633.0;0.0;0.0;0.0
1634.0;0.0;0.0;0.0
1635.0;0.0;0.0;0.0
1636.0;0.0;0.0;0.0
1637.0;0.0;0.0;0.0
1638.0;0.0;0.0;0.0
1639.0;0.0;0.0;0.0
1640.0;0.0;0.0;0.0
1641.0;0.0;0.0;0.0
1642.0;0.0;0.0;0.0
1643.0;0.0;0.0;0.0
1644.0;0.0;0.0;0.0
1645.0;0.0;0.0;0.0
1646.0;0.0;0.0;0.0
1647.0;0.0;0.0;0.0
1648.0;0.0;0.0;0.0
1649.0;0.0;0.0;0.0
1650.0;0.0;0.0;0.0
1651.0;0.0;0.0;0.0
1652.0;0.0;0.0;0.0
1653.0;0.0;0.0;0.0
1654.0;0.0;0.0;0.0
1655.0;0.0;0.0;0.0
1656.0;0.0;0.0;0.0
1657.0;0.0;0.0;0.0
1658.0;0.0;0.0;0.0
1659.0;0.0;0.0;0.0
1660.0;0.0;0.0;0.0
1661.0;0.0;0.0;0.0
1662.0;0.0;0.0;0.0
1663.0;0.0;0.0;0.0
1664.0;0.0;0.0;0.0
1665.0;0.0;0.0;0.0
1666.0;0.0;0.0;0.0
1667.0;0.0;0.0;0.0
1668.0;0.0;0.0;0.0
1669.0;0.0;0.0;0.0
1670.0;0.0;0.0;0.0
1671.0;0.0;0.0;0.0
1672.0;0.0;0.0;0.0
1673.0;0.0;0.0;0.0
1674.0;0.0;0.0;0.0
1675.0;0.0;0.0;0.0
1676.0;0.0;0.0;0.0
1677.0;0.0;0.0;0.0
1678.0;0.0;0.0;0.0
1679.0;0.0;0.0;0.0
1680.0;0.0;0.0;0.0
1681.0;0.0;0.0;0.0
1682.0;0.0;0.0;0.0
1683.0;0.0;0.0;0.0
1684.0;0.0;0.0;0.0
1685.0;0.0;0.0;0.0
1686.0;0.0;0.0;0.0
1687.0;0.0;0.0;0.0
1688.0;0.0;0.0;0.0
1689.0;0.0;0.0;0.0
1690.0;0.0;0.0;0.0
1691.0;0.0;0.0;0.0
1692.0;0.0;0.0;0.0
1693.0;0.0;0.0;0.0
1694.0;0.0;0.0;0.0
1695.0;0.0;0.0;0.0
1696.0;0.0;0.0;0.0
1697.0;0.0;0.0;0.0
1698.0;0.0;0.0;0.0
1699.0;0.0;0.0;0.0
1700.0;0.0;0.0;0.0
1701.0;0.0;0.0;0.0
1702.0;0.0;0.0;0.0
1703.0;0.0;0.0;0.0
1704.0;0.0;0.0;0.0
1705.0;0.0;0.0;0.0
1706.0;0.0;0.0;0.0
1707.0;0.0;0.0;0.0
1708.0;0.0;0.0;0.0
1709.0;0.0;0.0;0.0
1710.0;0.0;0.0;0.0
1711.0;0.0;0.0;0.0
1712.0;0.0;0.0;0.0
1713.0;0.0;0.0;0.0
1714.0;0.0;0.0;0.0
1715.0;0.0;0.0;0.0
1716.0;0.0;0.0;0.0
1717.0;0.0;0.0;0.0
1718.0;0.0;0.0;0.0
1719.0;0.0;0.0;0.0
1720.0;0.0;0.0;0.0
1721.0;0.0;0.0;0.0
1722.0;0.0;0.0;0.0
1723.0;0.0;0.0;0.0
1724.0;0.0;0.0;0.0
1725.0;0.0;0.0;0.0
1726.0;0.0;0.0;0.0
1727.0;0.0;0.0;0.0
1728.0;0.0;0.0;0.0
1729.0;0.0;0.0;0.0
1730.0;0.0;0.0;0.0
1731.0;0.0;0.0;0.0
1732.0;0.0;0.0;0.0
1733.0;0.0;0.0;0.0
1734.0;0.0;0.0;0.0
1735.0;0.0;0.0;0.0
1736.0;0.0;0.0;0.0
1737.0;0.0;0.0;0.0
1738.0;0.0;0.0;0.0
1739.0;0.0;0.0;0.0
1740.0;0.0;0.0;0.0
1741.0;0.0;0.0;0.0
1742.0;0.0;0.0;0.0
1743.0;0.0;0.0;0.0
1744.0;0.0;0.0;0.0
1745.0;0.0;0.0;0.0
1746.0;0.0;0.0;0.0
1747.0;0.0;0.0;0.0
1748.0;0.0;0.0;0.0
1749.0;0.0;0.0;0.0
1750.0;0.0;0.0;0.0
1751.0;0.0;0.0;0.0
1752.0;0.0;0.0;0.0
1753.0;0.0;0.0;0.0
1754.0;0.0;0.0;0.0
1755.0;0.0;0.0;0.0
1756.0;0.0;0.0;0.0
1757.0;0.0;0.0;0.0
1758.0;0.0;0.0;0.0
1759.0;0.0;0.0;0.0
1760.0;0.0;0.0;0.0
1761.0;0.0;0.0;0.0
1762.0;0.0;0.0;0.0
1763.0;0.0;0.0;0.0
1764.0;0.0;0.0;0.0
1765.0;0.0;0.0;0.0
1766.0;0.0;0.0;0.0
1767.0;0.0;0.0;0.0
1768.0;0.0;0.0;0.0
1769.0;0.0;0.0;0.0
1770.0;0.0;0.0;0.0
1771.0;0.0;0.0;0.0
1772.0;0.0;0.0;0.0
1773.0;0.0;0.0;0.0
1774.0;0.0;0.0;0.0
1775.0;0.0;0.0;0.0
1776.0;0.0;0.0;0.0
1777.0;0.0;0.0;0.0
1778.0;0.0;0.0;0.0
1779.0;0.0;0.0;0.0
1780.0;0.0;0.0;0.0
1781.0;0.0;0.0;0.0
1782.0;0.0;0.0;0.0
1783.0;0.0;0.0;0.0
1784.0;0.0;0.0;0.0
1785.0;0.0;0.0;0.0
1786.0;0.0;0.0;0.0
1787.0;0.0;0.0;0.0
1788.0;0.0;0.0;0.0
1789.0;0.0;0.0;0.0
1790.0;0.0;0.0;0.0
1791.0;0.0;0.0;0.0
1792.0;0.0;0.0;0.0
1793.0;0.0;0.0;0.0
1794.0;0.0;0.0;0.0
1795.0;0.0;0.0;0.0
1796.0;0.0;0.0;0.0
1797.0;0.0;0.0;0.0
1798.0;0.0;0.0;0.0
1799.0;0.0;0.0;0.0
1800.0;0.0;0.0;0.0
1801.0;0.0;0.0;0.0
1802.0;0.0;0.0;0.0
1803.0;0.0;0.0;0.0
1804.0;0.0;0.0;0.0
1805.0;0.0;0.0;0.0
1806.0;0.0;0.0;0.0
1807.0;0.0;0.0;0.0
1808.0;0.0;0.0;0.0
1809.0;0.0;0.0;0.0
1810.0;0.0;0.0;0.0
1811.0;0.0;0.0;0.0
1812.0;0.0;0.0;0.0
1813.0;0.0;0.0;0.0
1814.0;0.0;0.0;0.0
1815.0;0.0;0.0;0.0
1816.0;0.0;0.0;0.0
1817.0;0.0;0.0;0.0
1818.0;0.0;0.0;0.0
1819.0;0.0;0.0;0.0
1820.0;0.0;0.0;0.0
1821.0;0.0;0.0;0.0
1822.0;0.0;0.0;0.0
1823.0;0.0;0.0;0.0
1824.0;0.0;0.0;0.0
1825.0;0.0;0.0;0.0
1826.0;0.0;0.0;0.0
1827.0;0.0;0.0;0.0
1828.0;0.0;0.0;0.0
1829.0;0.0;0.0;0.0
1830.0;0.0;0.0;0.0
1831.0;0.0;0.0;0.0
1832.0;0.0;0.0;0.0
1833.0;0.0;0.0;0.0
1834.0;0.0;0.0;0.0
1835.0;0.0;0.0;0.0
1836.0;0.0;0.0;0.0
1837.0;0.0;0.0;0.0
1838.0;0.0;0.0;0.0
1839.0;0.0;0.0;0.0
1840.0;0.0;0.0;0.0
1841.0;0.0;0.0;0.0
1842.0;0.0;0.0;0.0
1843.0;0.0;0.0;0.0
1844.0;0.0;0.0;0.0
1845.0;0.0;0.0;0.0
1846.0;0.0;0.0;0.0
1847.0;0.0;0.0;0.0
1848.0;0.0;0.0;0.0
1849.0;0.0;0.0;0.0
1850.0;0.0;0.0;0.0
1851.0;0.0;0.0;0.0
1852.0;0.0;0.0;0.0
1853.0;0.0;0.0;0.0
1854.0;0.0;0.0;0.0
1855.0;0.0;0.0;0.0
1856.0;0.0;0.0;0.0
1857.0;0.0;0.0;0.0
1858.0;0.0;0.0;0.0
1859.0;0.0;0.0;0.0
1860.0;0.0;0.0;0.0
1861.0;0.0;0.0;0.0
1862.0;0.0;0.0;0.0
1863.0;0.0;0.0;0.0
1864.0;0.0;0.0;0.0
1865.0;0.0;0.0;0.0
1866.0;0.0;0.0;0.0
1867.0;0.0;0.0;0.0
1868.0;0.0;0.0;0.0
1869.0;0.0;0.0;0.0
1870.0;0.0;0.0;0.0
1871.0;0.0;0.0;0.0
1872.0;0.0;0.0;0.0
1873.0;0.0;0.0;0.0
1874.0;0.0;0.0;0.0
1875.0;0.0;0.0;0.0
1876.0;0.0;0.0;0.0
1877.0;0.0;0.0;0.0
1878.0;0.0;0.0;0.0
1879.0;0.0;0.0;0.0
1880.0;0.0;0.0;0.0
1881.0;0.0;0.0;0.0
1882.0;0.0;0.0;0.0
1883.0;0.0;0.0;0.0
1884.0;0.0;0.0;0.0
1885.0;0.0;0.0;0.0
1886.0;0.0;0.0;0.0
1887.0;0.0;0.0;0.0
1888.0;0.0;0.0;0.0
1889.0;0.0;0.0;0.0
1890.0;0.0;0.0;0.0
1891.0;0.0;0.0;0.0
1892.0;0.0;0.0;0.0
1893.0;0.0;0.0;0.0
1894.0;0.0;0.0;0.0
1895.0;0.0;0.0;0.0
1896.0;0.0;0.0;0.0
1897.0;0.0;0.0;0.0
1898.0;0.0;0.0;0.0
1899.0;0.0;0.0;0.0
1900.0;0.0;0.0;0.0
1901.0;0.0;0.0;0.0
1902.0;0.0;0.0;0.0
1903.0;0.0;0.0;0.0
1904.0;0.0;0.0;0.0
1905.0;0.0;0.0;0.0
1906.0;0.0;0.0;0.0
1907.0;0.0;0.0;0.0
1908.0;0.0;0.0;0.0
1909.0;0.0;0.0;0.0
1910.0;0.0;0.0;0.0
1911.0;0.0;0.0;0.0
1912.0;0.0;0.0;0.0
1913.0;0.0;0.0;0.0
1914.0;0.0;0.0;0.0
1915.0;0.0;0.0;0.0
1916.0;0.0;0.0;0.0
1917.0;0.0;0.0;0.0
1918.0;0.0;0.0;0.0
1919.0;0.0;0.0;0.0
1920.0;0.0;0.0;0.0
1921.0;0.0;0.0;0.0
1922.0;0.0;0.0;0.0
1923.0;0.0;0.0;0.0
1924.0;0.0;0.0;0.0
1925.0;0.0;0.0;0.0
1926.0;0.0;0.0;0.0
1927.0;0.0;0.0;0.0
1928.0;0.0;0.0;0.0
1929.0;0.0;0.0;0.0
1930.0;0.0;0.0;0.0
1931.0;0.0;0.0;0.0
1932.0;0.0;0.0;0.0
1933.0;0.0;0.0;0.0
1934.0;0.0;0.0;0.0
1935.0;0.0;0.0;0.0
1936.0;0.0;0.0;0.0
1937.0;0.0;0.0;0.0
1938.0;0.0;0.0;0.0
1939.0;0.0;0.0;0.0
1940.0;0.0;0.0;0.0
1941.0;0.0;0.0;0.0
1942.0;0.0;0.0;0.0
1943.0;0.0;0.0;0.0
1944.0;0.0;0.0;0.0
1945.0;0.0;0.0;0.0
1946.0;0.0;0.0;0.0
1947.0;0.0;0.0;0.0
1948.0;0.0;0.0;0.0
1949.0;0.0;0.0;0.0
1950.0;0.0;0.0;0.0
1951.0;0.0;0.0;0.0
1952.0;0.0;0.0;0.0
1953.0;0.0;0.0;0.0
1954.0;0.0;0.0;0.0
1955.0;0.0;0.0;0.0
1956.0;0.0;0.0;0.0
1957.0;0.0;0.0;0.0
1958.0;0.0;0.0;0.0
1959.0;0.0;0.0;0.0
1960.0;0.0;0.0;0.0
1961.0;0.0;0.0;0.0
1962.0;0.0;0.0;0.0
1963.0;0.0;0.0;0.0
1964.0;0.0;0.0;0.0
1965.0;0.0;0.0;0.0
1966.0;0.0;0.0;0.0
1967.0;0.0;0.0;0.0
1968.0;0.0;0.0;0.0
1969.0;0.0;0.0;0.0
1970.0;0.0;0.0;0.0
1971.0;0.0;0.0;0.0
1972.0;0.0;0.0;0.0
1973.0;0.0;0.0;0.0
1974.0;0.0;0.0;0.0
1975.0;0.0;0.0;0.0
1976.0;0.0;0.0;0.0
1977.0;0.0;0.0;0.0
1978.0;0.0;0.0;0.0
1979.0;0.0;0.0;0.0
1980.0;0.0;0.0;0.0
1981.0;0.0;0.0;0.0
1982.0;0.0;0.0;0.0
1983.0;0.0;0.0;0.0
1984.0;0.0;0.0;0.0
1985.0;0.0;0.0;0.0
1986.0;0.0;0.0;0.0
1987.0;0.0;0.0;0.0
1988.0;0.0;0.0;0.0
1989.0;0.0;0.0;0.0
1990.0;0.0;0.0;0.0
1991.0;0.0;0.0;0.0
1992.0;0.0;0.0;0.0
1993.0;0.0;0.0;0.0
1994.0;0.0;0.0;0.0
1995.0;0.0;0.0;0.0
1996.0;0.0;0.0;0.0
1997.0;0.0;0.0;0.0
1998.0;0.0;0.0;0.0
1999.0;0.0;0.0;0.0
2000.0;0.0;0.0;0.0
2001.0;0.0;0.0;0.0
2002.0;0.0;0.0;0.0
2003.0;0.0;0.0;0.0
2004.0;0.0;0.0;0.0
2005.0;0.0;0.0;0.0
2006.0;0.0;0.0;0.0
2007.0;0.0;0.0;0.0
2008.0;0.0;0.0;0.0
2009.0;0.0;0.0;0.0
2010.0;0.0;0.0;0.0
2011.0;0.0;0.0;0.0
2012.0;0.0;0.0;0.0
2013.0;0.0;0.0;0.0
2014.0;0.0;0.0;0.0
2015.0;0.0;0.0;0.0
2016.0;0.0;0.0;0.0
2017.0;0.0;0.0;0.0
2018.0;0.0;0.0;0.0
2019.0;0.0;0.0;0.0
2020.0;0.0;0.0;0.0
2021.0;0.0;0.0;0.0
2022.0;0.0;0.0;0.0
2023.0;0.0;0.0;0.0
2024.0;0.0;0.0;0.0
2025.0;0.0;0.0;0.0
2026.0;0.0;0.0;0.0
2027.0;0.0;0.0;0.0
2028.0;0.0;0.0;0.0
2029.0;0.0;0.0;0.0
2030.0;0.0;0.0;0.0
2031.0;0.0;0.0;0.0
2032.0;0.0;0.0;0.0
2033.0;0.0;0.0;0.0
2034.0;0.0;0.0;0.0
2035.0;0.0;0.0;0.0
2036.0;0.0;0.0;0.0
2037.0;0.0;0.0;0.0
2038.0;0.0;0.0;0.0
2039.0;0.0;0.0;0.0
2040.0;0.0;0.0;0.0
2041.0;0.0;0.0;0.0
2042.0;0.0;0.0;0.0
2043.0;0.0;0.0;0.0
2044.0;0.0;0.0;0.0
2045.0;0.0;0.0;0.0
2046.0;0.0;0.0;0.0
2047.0;0.0;0.0;0.0
2048.0;0.0;0.0;0.0
2049.0;0.0;0.0;0.0
2050.0;0.0;0.0;0.0
2051.0;0.0;0.0;0.0
2052.0;0.0;0.0;0.0
2053.0;0.0;0.0;0.0
2054.0;0.0;0.0;0.0
2055.0;0.0;0.0;0.0
2056.0;0.0;0.0;0.0
2057.0;0.0;0.0;0.0
2058.0;0.0;0.0;0.0
2059.0;0.0;0.0;0.0
2060.0;0.0;0.0;0.0
2061.0;0.0;0.0;0.0
2062.0;0.0;0.0;0.0
2063.0;0.0;0.0;0.0
2064.0;0.0;0.0;0.0
2065.0;0.0;0.0;0.0
2066.0;0.0;0.0;0.0
2067.0;0.0;0.0;0.0
2068.0;0.0;0.0;0.0
2069.0;0.0;0.0;0.0
2070.0;0.0;0.0;0.0
2071.0;0.0;0.0;0.0
2072.0;0.0;0.0;0.0
2073.0;0.0;0.0;0.0
2074.0;0.0;0.0;0.0
2075.0;0.0;0.0;0.0
2076.0;0.0;0.0;0.0
2077.0;0.0;0.0;0.0
2078.0;0.0;0.0;0.0
2079.0;0.0;0.0;0.0
2080.0;0.0;0.0;0.0
2081.0;0.0;0.0;0.0
2082.0;0.0;0.0;0.0
2083.0;0.0;0.0;0.0
2084.0;0.0;0.0;0.0
2085.0;0.0;0.0;0.0
2086.0;0.0;0.0;0.0
2087.0;0.0;0.0;0.0
2088.0;0.0;0.0;0.0
2089.0;0.0;0.0;0.0
2090.0;0.0;0.0;0.0
2091.0;0.0;0.0;0.0
2092.0;0.0;0.0;0.0
2093.0;0.0;0.0;0.0
2094.0;0.0;0.0;0.0
2095.0;0.0;0.0;0.0
2096.0;0.0;0.0;0.0
2097.0;0.0;0.0;0.0
2098.0;0.0;0.0;0.0
2099.0;0.0;0.0;0.0
2100.0;0.0;0.0;0.0
2101.0;0.0;0.0;0.0
2102.0;0.0;0.0;0.0
2103.0;0.0;0.0;0.0
2104.0;0.0;0.0;0.0
2105.0;0.0;0.0;0.0
2106.0;0.0;0.0;0.0
2107.0;0.0;0.0;0.0
2108.0;0.0;0.0;0.0
2109.0;0.0;0.0;0.0
2110.0;0.0;0.0;0.0
2111.0;0.0;0.0;0.0
2112.0;0.0;0.0;0.0
2113.0;0.0;0.0;0.0
2114.0;0.0;0.0;0.0
2115.0;0.0;0.0;0.0
2116.0;0.0;0.0;0.0
2117.0;0.0;0.0;0.0
2118.0;0.0;0.0;0.0
2119.0;0.0;0.0;0.0
2120.0;0.0;0.0;0.0
2121.0;0.0;0.0;0.0
2122.0;0.0;0.0;0.0
2123.0;0.0;0.0;0.0
2124.0;0.0;0.0;0.0
2125.0;0.0;0.0;0.0
2126.0;0.0;0.0;0.0
2127.0;0.0;0.0;0.0
2128.0;0.0;0.0;0.0
2129.0;0.0;0.0;0.0
2130.0;0.0;0.0;0.0
2131.0;0.0;0.0;0.0
2132.0;0.0;0.0;0.0
2133.0;0.0;0.0;0.0
2134.0;0.0;0.0;0.0
2135.0;0.0;0.0;0.0
2136.0;0.0;0.0;0.0
2137.0;0.0;0.0;0.0
2138.0;0.0;0.0;0.0
2139.0;0.0;0.0;0.0
2140.0;0.0;0.0;0.0
2141.0;0.0;0.0;0.0
2142.0;0.0;0.0;0.0
2143.0;0.0;0.0;0.0
2144.0;0.0;0.0;0.0
2145.0;0.0;0.0;0.0
2146.0;0.0;0.0;0.0
2147.0;0.0;0.0;0.0
2148.0;0.0;0.0;0.0
2149.0;0.0;0.0;0.0
2150.0;0.0;0.0;0.0
2151.0;0.0;0.0;0.0
2152.0;0.0;0.0;0.0
2153.0;0.0;0.0;0.0
2154.0;0.0;0.0;0.0
2155.0;0.0;0.0;0.0
2156.0;0.0;0.0;0.0
2157.0;0.0;0.0;0.0
2158.0;0.0;0.0;0.0
2159.0;0.0;0.0;0.0
2160.0;0.0;0.0;0.0
2161.0;0.0;0.0;0.0
2162.0;0.0;0.0;0.0
2163.0;0.0;0.0;0.0
2164.0;0.0;0.0;0.0
2165.0;0.0;0.0;0.0
2166.0;0.0;0.0;0.0
2167.0;0.0;0.0;0.0
2168.0;0.0;0.0;0.0
2169.0;0.0;0.0;0.0
2170.0;0.0;0.0;0.0
2171.0;0.0;0.0;0.0
2172.0;0.0;0.0;0.0
2173.0;0.0;0.0;0.0
2174.0;0.0;0.0;0.0
2175.0;0.0;0.0;0.0
2176.0;0.0;0.0;0.0
2177.0;0.0;0.0;0.0
2178.0;0.0;0.0;0.0
2179.0;0.0;0.0;0.0
2180.0;0.0;0.0;0.0
2181.0;0.0;0.0;0.0
2182.0;0.0;0.0;0.0
2183.0;0.0;0.0;0.0
2184.0;0.0;0.0;0.0
2185.0;0.0;0.0;0.0
2186.0;0.0;0.0;0.0
2187.0;0.0;0.0;0.0
2188.0;0.0;0.0;0.0
2189.0;0.0;0.0;0.0
