0.0;501.0;0.0;0.0
1.0;499.80400000000026;1.0751259421961652;0.0480810938224827
2.0;498.5679999999999;1.5982756238959193;0.07147705883624325
3.0;497.39399999999983;1.8312484653601004;0.08189592104474706
4.0;496.2119999999998;2.121333569296553;0.09486892127798706
5.0;495.0499999999999;2.37545481353409;0.10623356881082624
6.0;493.7880000000001;2.584650234300058;0.11558907243911376
7.0;492.6160000000001;2.8426581593328546;0.1271275376212538
8.0;491.48599999999976;3.0719175370946057;0.1373803286843454
9.0;490.3340000000001;3.2402843834718342;0.14490992295748034
10.0;489.1380000000002;3.3736803996344658;0.15087557415882644
11.0;488.0099999999998;3.4949003787396675;0.15629669642903313
12.0;486.7500000000004;3.674575487048809;0.1643320115499107
13.0;485.5619999999999;3.9085431325287585;0.17479536274648547
14.0;484.35600000000005;3.985603350577706;0.17824160046485352
15.0;483.24800000000016;4.072304424604505;0.1821189903697768
16.0;482.1759999999997;4.169868055370381;0.1864821685802606
17.0;481.00600000000003;4.255135291939064;0.1902954353246832
18.0;479.83799999999985;4.432951400165856;0.19824761343447453
19.0;478.67999999999995;4.632982738810518;0.20719328685126942
20.0;477.4660000000001;4.753318005785866;0.2125748435922187
21.0;476.3520000000001;4.847173008295108;0.21677216690500029
22.0;475.1479999999998;4.918788973918257;0.21997493025315326
23.0;473.9659999999998;5.110487076229889;0.2285479300116836
24.0;472.894;5.171097029545855;0.2312584895262354
25.0;471.8160000000003;5.345961335925514;0.23907865904430076
26.0;470.6299999999999;5.510520090093734;0.24643795025655707
27.0;469.38800000000043;5.487228385141412;0.24539631354485186
28.0;468.1979999999996;5.573591826793858;0.24925860407096598
29.0;466.9900000000002;5.639282135698845;0.2521963639944562
30.0;465.83400000000006;5.725032400954949;0.2560312324384819
31.0;464.7100000000003;5.751178323109849;0.2572005136239374
32.0;463.5820000000003;5.907713445683759;0.2642009771227679
33.0;462.49600000000044;5.927922446275598;0.26510475110438164
34.0;461.26199999999994;5.943400037690206;0.26579693003500227
35.0;460.15200000000016;6.091889545655999;0.2724375827101424
36.0;458.95200000000017;6.1794876920560755;0.2763550909112134
37.0;457.76600000000025;6.374677798451318;0.285084257839917
38.0;456.60599999999977;6.49824733577244;0.2906104555478815
39.0;455.39800000000014;6.529691396955834;0.2920166767137762
40.0;454.1800000000002;6.606882911298434;0.2954687861809002
41.0;453.018;6.738285016971298;0.3013452669943229
42.0;451.86599999999964;6.755688169630885;0.3021235596417158
43.0;450.68599999999964;6.853125904967649;0.3064811076374485
44.0;449.57800000000003;7.015293628165449;0.31373346869398155
45.0;448.5079999999999;7.164117891990675;0.3203890921062729
46.0;447.234;7.293945934443799;0.32619517867249115
47.0;446.1059999999998;7.401914663204572;0.33102368701155765
48.0;444.9519999999998;7.506690135711413;0.3357093885895568
49.0;443.83000000000015;7.608210679225364;0.3402495253177552
50.0;442.7200000000003;7.678249215937461;0.3433817439004125
51.0;441.49599999999964;7.7721810063321595;0.3475825012718286
52.0;440.29399999999987;7.886187158303524;0.3526810113850515
53.0;439.1180000000001;7.953275122258795;0.3556812763425723
54.0;437.8819999999999;8.10675736839707;0.36254521105666304
55.0;436.74400000000037;8.15619464101023;0.3647561131003674
56.0;435.58;8.242054533054944;0.3685958842034228
57.0;434.34199999999976;8.324158770619228;0.3722676973321134
58.0;433.1360000000001;8.446311879674896;0.37773055044234183
59.0;431.90599999999955;8.459568108666662;0.37832338702535967
60.0;430.6740000000001;8.512617300608161;0.38069581901201216
61.0;429.4280000000001;8.61703676708477;0.3853655995163313
62.0;428.2479999999995;8.722997039705405;0.3901042869662143
63.0;426.92;8.843416309551882;0.3954896004297666
64.0;425.678;8.990660707641002;0.40207457009843284
65.0;424.5319999999999;8.985680882484285;0.40185186554710317
66.0;423.36400000000003;9.10215372342225;0.40706068934449935
67.0;422.0639999999998;9.182621907177728;0.41065933592256326
68.0;420.8800000000001;9.252286723790977;0.4137748412343089
69.0;419.66400000000027;9.372876058671775;0.41916776023740787
70.0;418.4200000000002;9.484276620070286;0.4241497447977821
71.0;417.19199999999984;9.544912084109885;0.42686144518657787
72.0;415.98400000000004;9.671132591957488;0.43250619790061356
73.0;414.7580000000002;9.711852354329983;0.4343272410344643
74.0;413.5220000000003;9.843948529187397;0.44023476156544183
75.0;412.2940000000002;9.852395820652653;0.4406125359242831
76.0;411.12399999999985;9.977159486689862;0.44619213669190877
77.0;409.9240000000002;10.046296838154877;0.44928405304511015
78.0;408.65800000000047;10.147461650871707;0.45380828100842746
79.0;407.50399999999996;10.157969910637213;0.4542782246716454
80.0;406.3000000000004;10.240103487703529;0.45795134990275543
81.0;405.0940000000001;10.334930361213967;0.4621921366080177
82.0;403.8200000000001;10.34163908662434;0.4624921599292172
83.0;402.598;10.402924477056965;0.4652329259099165
84.0;401.2919999999999;10.493949778988268;0.4693037011657332
85.0;400.09599999999995;10.551276836751638;0.4718674451279123
86.0;398.8539999999998;10.5900416412745;0.4736010598888645
87.0;397.62199999999984;10.664453907927426;0.4769288776207801
88.0;396.4399999999997;10.779926420308003;0.4820929653650933
89.0;395.23400000000015;10.853332836844855;0.48537580011231457
90.0;393.96600000000007;10.877568063402217;0.48645963239296197
91.0;392.764;11.021581307100082;0.49290010044433535
92.0;391.59000000000043;11.064300134891045;0.4948105445015294
93.0;390.36199999999997;11.050392678846912;0.4941885841593539
94.0;389.13999999999965;11.088114924781852;0.49587557428284373
95.0;387.8799999999997;11.164178328722228;0.49927723311905786
96.0;386.6359999999999;11.301280541769035;0.5054086304838242
97.0;385.45199999999994;11.38643921496058;0.5092170421264239
98.0;384.0999999999998;11.434837603658572;0.5113814838690273
99.0;382.884;11.515718281334877;0.5149985777360366
100.0;381.70000000000033;11.578693029203642;0.5178148940780459
101.0;380.52200000000005;11.698685159834756;0.5231811052951701
102.0;379.30400000000014;11.757894376133883;0.5258290219459568
103.0;378.0739999999999;11.867527139248592;0.5307319481636693
104.0;376.88999999999993;11.917968616836664;0.5329877596191185
105.0;375.62599999999986;11.93360573723565;0.5336870729028081
106.0;374.4240000000002;11.92159691257391;0.5331500219373376
107.0;373.1459999999996;11.989502923838062;0.5361868710826878
108.0;371.9399999999997;12.071613301269663;0.5398589587945922
109.0;370.7179999999998;12.161178583059218;0.5438644399646997
110.0;369.47999999999985;12.226060408251401;0.5467660433973792
111.0;368.2300000000002;12.285559406876025;0.5494269195077358
112.0;367.03400000000005;12.386755322312206;0.5539525384269481
113.0;365.77400000000017;12.311542232567309;0.5505889067976005
114.0;364.59;12.402481327789708;0.5546558267721927
115.0;363.34199999999964;12.446480053873197;0.5566235096211142
116.0;362.10199999999975;12.491102885758542;0.5586191033299978
117.0;360.87800000000004;12.593661764287074;0.5632056758117165
118.0;359.6639999999996;12.691937383595082;0.5676006951177885
119.0;358.4839999999997;12.754886053449196;0.5704158452155283
120.0;357.2400000000001;12.760409715687985;0.5706628709005419
121.0;355.96399999999977;12.768585573786563;0.5710285063901982
122.0;354.7319999999999;12.851556364970124;0.5747390729748658
123.0;353.51399999999984;12.89380877046107;0.5766286579926787
124.0;352.22800000000007;12.968437714447594;0.5799661658295365
125.0;351.01000000000033;13.05706221734028;0.5839295740883399
126.0;349.7019999999998;13.087695425210892;0.5852995327916913
127.0;348.4720000000001;13.230696075311934;0.5916947162807432
128.0;347.18000000000006;13.334286873051202;0.5963274375925118
129.0;346.0159999999999;13.388137602254977;0.5987357154152634
130.0;344.7319999999998;13.395486333396665;0.599064360662887
131.0;343.5240000000003;13.455985697904275;0.6017699744955781
132.0;342.2259999999999;13.515185699389331;0.6044174790473517
133.0;341.0420000000002;13.513603181308948;0.6043467066872844
134.0;339.7259999999996;13.541405515183925;0.6055900648568363
135.0;338.5220000000002;13.644407488470234;0.6101964531385324
136.0;337.346;13.70232796218098;0.6127867354686568
137.0;336.1019999999998;13.68598584015174;0.6120558935535773
138.0;334.87799999999993;13.756802507503732;0.6152229111963581
139.0;333.6219999999998;13.80856505716202;0.6175378027908509
140.0;332.33400000000046;13.810572320350488;0.6176275703296138
141.0;331.1799999999999;13.85754896533486;0.6197284297604124
142.0;329.986;13.8849338051554;0.6209531170282458
143.0;328.6980000000002;13.967999356100497;0.6246679213982801
144.0;327.4919999999999;14.023239229113729;0.6271383236208009
145.0;326.2860000000002;14.12796527478785;0.6318218147636425
146.0;325.0239999999999;14.09882895689964;0.6305187990154009
147.0;323.78399999999965;14.133536631552305;0.632070973412687
148.0;322.552;14.174241222317946;0.6338913380516527
149.0;321.31399999999985;14.258963499503055;0.6376802334715423
150.0;320.04599999999954;14.306265146602378;0.6397956274387782
151.0;318.8500000000001;14.401468835129934;0.6440532658239049
152.0;317.58800000000014;14.435755542269083;0.6455866139816602
153.0;316.34799999999984;14.535937636283816;0.6500668934285645
154.0;315.092;14.657873054606869;0.6555200111132689
155.0;313.88399999999984;14.704386487165252;0.6576001550546168
156.0;312.5259999999997;14.73824126247845;0.6591141866338827
157.0;311.2540000000001;14.762565857648283;0.6602020156003808
158.0;310.0920000000002;14.814400728273664;0.662520141486846
159.0;308.83200000000005;14.889431363644;0.6658756135085074
160.0;307.64399999999995;14.92188289655018;0.6673268901795533
161.0;306.50000000000006;14.98342437535638;0.6700791087804838
162.0;305.2199999999999;15.161244231701653;0.6780314545112294
163.0;303.9100000000002;15.254615911691337;0.6822071629838351
164.0;302.6439999999997;15.313074299074573;0.6848215015447138
165.0;301.4020000000002;15.383162202834544;0.687955927888869
166.0;300.1980000000001;15.466130686011722;0.6916663912563533
167.0;298.98200000000026;15.557433705048329;0.6957495863986894
168.0;297.69000000000034;15.500012929078574;0.6931816512309064
169.0;296.43600000000004;15.611192223699328;0.698153740440156
170.0;295.15999999999997;15.724277592678892;0.703211071886135
171.0;293.88000000000005;15.798886341107668;0.7065476765501935
172.0;292.6979999999999;15.889989916897948;0.7106219523194008
173.0;291.51999999999987;15.910999963537167;0.7115615501693155
174.0;290.3099999999997;16.05045588974149;0.7177982087864767
175.0;289.18200000000013;16.12354841923001;0.7210670060781514
176.0;287.9579999999999;16.191744228535875;0.7241168153859221
177.0;286.6720000000002;16.300301090202677;0.7289716258281422
178.0;285.44199999999995;16.33181227495495;0.730380848851295
179.0;284.2620000000002;16.42122618255643;0.734379560361911
180.0;282.9640000000003;16.43151524926332;0.7348397014135437
181.0;281.7200000000006;16.430993734714274;0.7348163785738853
182.0;280.4780000000004;16.5632786730406;0.7407323408638259
183.0;279.3499999999999;16.550871962692806;0.7401774959095295
184.0;278.108;16.54605329858209;0.7399619986992836
185.0;276.9659999999998;16.667106193269287;0.7453756487271574
186.0;275.6959999999998;16.73187063630305;0.7482720026701256
187.0;274.4160000000002;16.789840424583137;0.7508644904148365
188.0;273.186;16.798684341078097;0.7512600023842377
189.0;271.85799999999995;16.789807362281607;0.7508630118237622
190.0;270.64600000000047;16.81720311589538;0.7520881871712669
191.0;269.4839999999999;16.873030026778498;0.7545848425254363
192.0;268.2019999999997;16.896988264920175;0.7556562875075546
193.0;266.9180000000001;16.910091021538385;0.7562422605973738
194.0;265.7240000000003;16.912832755740425;0.7563648746784137
195.0;264.5240000000001;16.98205536467297;0.7594606038614748
196.0;263.2580000000004;16.975150882834285;0.7591518260466605
197.0;261.9820000000003;17.02590493564896;0.7614216162912051
198.0;260.7580000000005;17.17548924664807;0.7681112300464347
199.0;259.4600000000002;17.230501454128422;0.7705714507568024
200.0;258.298;17.329911935592484;0.775017222641395
201.0;257.0960000000006;17.426938353041862;0.7793563759419966
202.0;255.94;17.446063460291587;0.7802116767397438
203.0;254.70999999999998;17.604935885571134;0.7873166675932503
204.0;253.50200000000007;17.663691800301315;0.7899443119815875
205.0;252.2439999999999;17.70648194887998;0.7918579456013718
206.0;250.982;17.705497600761788;0.7918139242152558
207.0;249.7679999999999;17.721576808205835;0.79253300823264
208.0;248.61200000000005;17.791417173741394;0.7956563643308588
209.0;247.276;17.892571425718796;0.8001801200035511
210.0;246.0819999999999;17.918186258592005;0.8013256501542869
211.0;244.92800000000014;18.02032964629455;0.805893641321387
212.0;243.65399999999988;18.0787157709793;0.8085047481961447
213.0;242.4580000000001;18.148911868318937;0.811644013104277
214.0;241.32399999999993;18.17359576876113;0.8127479106910486
215.0;240.11400000000006;18.1971226997319;0.8138000670301003
216.0;238.8859999999999;18.330330221030493;0.8197572884848585
217.0;237.59000000000023;18.423266091193863;0.8239135069495263
218.0;236.37800000000007;18.418621208288883;0.8237057814710651
219.0;235.14800000000008;18.5131187846421;0.8279318415597604
220.0;233.96200000000005;18.61358339960224;0.8324247557274448
221.0;232.64400000000018;18.68130740855645;0.8354534654820531
222.0;231.42199999999985;18.68137853070847;0.8354566461613856
223.0;230.20599999999993;18.72669062818542;0.8374830647646168
224.0;228.95600000000007;18.815155704068363;0.8414393432307955
225.0;227.84600000000003;18.8799148931542;0.8443354622100694
226.0;226.5499999999999;18.892786315138885;0.8449110897005662
227.0;225.37200000000018;18.929719611477037;0.8465627969254712
228.0;224.15599999999998;19.015120657709595;0.8503820478199833
229.0;222.89000000000004;19.149394209666124;0.8563869436150862
230.0;221.72799999999984;19.20102535672248;0.8586959587065722
231.0;220.56599999999995;19.22271233043551;0.859665829655544
232.0;219.35799999999975;19.350936760452036;0.8654002004934063
233.0;218.25000000000014;19.486481105930437;0.8714619279025148
234.0;217.03000000000006;19.533258724359992;0.8735538865951954
235.0;215.73400000000007;19.645129325418683;0.8785568919682152
236.0;214.5519999999999;19.65308585355324;0.8789127187236904
237.0;213.33800000000014;19.761700473674388;0.8837701122025144
238.0;212.06599999999995;19.807228392513334;0.885806182630474
239.0;210.84399999999994;19.776396935526527;0.8844273579571168
240.0;209.63399999999996;19.851857255001256;0.8878020460361037
241.0;208.43000000000012;19.976366296722784;0.8933702596581575
242.0;207.1960000000001;20.038479616244885;0.8961480517533492
243.0;206.05999999999986;20.114312594326577;0.8995394056318875
244.0;204.81999999999994;20.18550244650938;0.9027231126076656
245.0;203.60599999999988;20.300615606133125;0.9078711296081352
246.0;202.3340000000001;20.404193348731635;0.9125032670762602
247.0;201.06999999999996;20.420457638857183;0.9132306282427902
248.0;199.87199999999996;20.49614109043939;0.9166152950929828
249.0;198.67000000000007;20.568793122130486;0.919864392724278
250.0;197.49799999999968;20.64001007829367;0.9230493118269081
251.0;196.28000000000006;20.68800587718277;0.9251957492059169
252.0;195.10200000000015;20.77196536416764;0.9289505316110004
253.0;193.858;20.860876980049365;0.9329267799530181
254.0;192.712;20.835866256176875;0.9318082663781108
255.0;191.426;20.833160229073766;0.9316872491670806
256.0;190.14;20.877263236365078;0.9336595956133914
257.0;188.99999999999997;20.881668711488377;0.933856614450369
258.0;187.728;20.927157184281658;0.9358909207975376
259.0;186.55000000000004;20.96574885975935;0.9376167929922122
260.0;185.30800000000005;20.998452467075385;0.9390793427735744
261.0;184.04400000000024;21.0657445914067;0.9420887380606782
262.0;182.79200000000003;21.065808138903442;0.9420915799911286
263.0;181.51400000000007;21.078957490772552;0.9426796368839164
264.0;180.3879999999999;21.098619848678222;0.9435589642614166
265.0;179.182;21.196969099331064;0.947957276461335
266.0;177.986;21.204742068045647;0.9483048941899908
267.0;176.75400000000013;21.24806920380719;0.9502425426066542
268.0;175.4979999999999;21.30798104260994;0.9529218814910533
269.0;174.3240000000001;21.32605507942106;0.9537301769898033
270.0;172.9980000000002;21.354109487027717;0.9549848082393427
271.0;171.84199999999996;21.395433277460427;0.9568328643292526
272.0;170.58599999999996;21.382540308862275;0.9562562732449079
273.0;169.3359999999999;21.409620447251992;0.9574673338504981
274.0;168.02600000000007;21.48806174589022;0.9609753353704669
275.0;166.84199999999987;21.50213290440922;0.96160461670988
276.0;165.63799999999998;21.584130869942896;0.9652716772088797
277.0;164.4400000000002;21.57501709675917;0.9648640968814731
278.0;163.26000000000008;21.721972474348473;0.9714361411604497
279.0;162.01399999999992;21.75095427846898;0.9727322468429306
280.0;160.894;21.798833507428068;0.9748734710561865
281.0;159.63000000000014;21.868552012748076;0.9779913773998908
282.0;158.4080000000001;21.973967472738863;0.9827057000882671
283.0;157.13199999999998;21.969795625805883;0.9825191294215897
284.0;155.83400000000006;21.936290609202423;0.9810207395273378
285.0;154.66200000000012;21.978577564152943;0.9829118696439545
286.0;153.47600000000003;22.00768275399299;0.9842134933035621
287.0;152.25800000000015;22.07446488592645;0.9872000810372736
288.0;151.04200000000003;22.126622218984153;0.989532627882116
289.0;149.8560000000001;22.23213439144336;0.9942512756835654
290.0;148.62599999999983;22.290892574851444;0.9968790215302629
291.0;147.3740000000001;22.344768994169655;0.999288448249859
292.0;146.09799999999987;22.537708237200402;1.007916953508741
293.0;144.83599999999996;22.52714025561594;1.0074443390045846
294.0;143.68600000000012;22.597271458180728;1.010580701730158
295.0;142.42600000000004;22.697464037805958;1.0150614501078195
296.0;141.21800000000007;22.76794313215266;1.0182133710268564
297.0;140.01;22.843764469769443;1.0216042043279783
298.0;138.75600000000006;22.952780316303663;1.0264795411974823
299.0;137.5180000000001;23.00347791078522;1.0287468065486118
300.0;136.29800000000003;23.05967678409161;1.0312600965680516
301.0;135.07799999999995;23.214084160414636;1.0381654043617652
302.0;133.89999999999998;23.304682285602304;1.0422170756928384
303.0;132.67999999999992;23.324013789193252;1.0430816068155713
304.0;131.476;23.357494924290933;1.0445789286964164
305.0;130.27400000000003;23.288960375051115;1.0415139704782657
306.0;129.08800000000005;23.32836645294148;1.043276263856056
307.0;127.88000000000005;23.379881044935853;1.0455800664467076
308.0;126.66799999999999;23.370368509043587;1.0451546529088374
309.0;125.43999999999997;23.540235456994512;1.052751333763811
310.0;124.16400000000006;23.512097768658734;1.051492978086841
311.0;122.98199999999994;23.584276800963156;1.0547209225424978
312.0;121.65200000000006;23.625647895390166;1.056571094131345
313.0;120.41399999999994;23.747051372703012;1.0620004226908726
314.0;119.13599999999995;23.826138456482933;1.0655373046003551
315.0;117.90600000000003;23.882837852478414;1.0680729786749366
316.0;116.63599999999987;23.94958599514149;1.0710580463622663
317.0;115.36400000000005;24.038035658444155;1.0750136355569009
318.0;114.09599999999998;24.06967974373427;1.0764288020727908
319.0;112.82000000000001;24.07951923301181;1.07686883741056
320.0;111.57200000000002;24.16304039317246;1.0806040172441371
321.0;110.28999999999998;24.16513620104862;1.0806977446217148
322.0;108.93199999999997;24.267864233775047;1.085291881909137
323.0;107.64999999999998;24.304504064795722;1.0869304649660636
324.0;106.47799999999995;24.354050084349858;1.0891462303208153
325.0;105.24800000000003;24.313634068217908;1.0873387711317999
326.0;103.974;24.310477630957617;1.0871976109661856
327.0;102.67600000000002;24.330865295176498;1.0881093750281026
328.0;101.4699999999999;24.33980180494096;1.0885090278944012
329.0;100.21600000000004;24.480849003575663;1.0948168503780635
330.0;98.95200000000008;24.59054871637363;1.0997227706766326
331.0;97.67600000000002;24.724757861354377;1.105724786104214
332.0;96.44000000000008;24.790149313911204;1.1086491807655046
333.0;95.16999999999992;24.863174674804103;1.111914974186264
334.0;93.95800000000003;24.904632449302884;1.1137690222257666
335.0;92.75800000000005;24.83644769826266;1.1107197074586699
336.0;91.49400000000006;24.828912860366145;1.110382739263949
337.0;90.18600000000006;24.897372598823534;1.1134443518422004
338.0;88.91;24.95137355105262;1.1158593478428795
339.0;87.652;25.050548016197656;1.1202945647568092
340.0;86.38600000000001;25.065785269613322;1.1209759954453655
341.0;85.21599999999994;25.158761307764777;1.125134010277071
342.0;84.0000000000001;25.22635006248327;1.128156671278373
343.0;82.78399999999993;25.249086651867383;1.1291734824671606
344.0;81.52599999999994;25.27478889937194;1.130322921919055
345.0;80.23399999999998;25.388667015533766;1.1354157060968042
346.0;79.01400000000004;25.438081609901023;1.1376255939385194
347.0;77.79200000000009;25.459558405998642;1.138586065458783
348.0;76.58599999999997;25.491768564167106;1.140026547523397
349.0;75.408;25.46579174300685;1.1388648287643233
350.0;74.15599999999998;25.557269259919934;1.1429558276889342
351.0;72.92999999999988;25.566156471269355;1.1433532758630884
352.0;71.64400000000003;25.72112782973695;1.150283805705069
353.0;70.426;25.81032486698838;1.1542728184787847
354.0;69.22200000000001;25.863537289439833;1.1566525503557623
355.0;67.962;25.84307033943796;1.1557372405258368
356.0;66.7419999999999;25.86374494548709;1.1566618370165145
357.0;65.47199999999995;25.995783841906174;1.162566795977857
358.0;64.18800000000002;26.027052674897387;1.1639651807007658
359.0;62.88400000000001;26.03717367199543;1.1644178054509917
360.0;61.65200000000002;26.01531258658938;1.1634401479903949
361.0;60.39599999999998;26.043958215275914;1.1647212194504208
362.0;59.19999999999999;26.00909352306965;1.1631620230146646
363.0;57.94999999999997;25.935550998797428;1.1598731013444723
364.0;56.73600000000006;25.925481000943083;1.1594227573497604
365.0;55.49799999999998;25.972430195507712;1.1615223891604678
366.0;54.378;26.049496512160744;1.164968899616702
367.0;53.19;26.053319383560396;1.1651398636230792
368.0;52.144000000000034;26.043651963870786;1.1647075234712194
369.0;50.95599999999995;25.999191909748276;1.1627192094051944
370.0;49.67600000000001;25.93206447500606;1.1597171792604188
371.0;48.379999999999995;25.8761424771738;1.1572162714886083
372.0;47.15400000000002;25.823244643689833;1.154850608457956
373.0;46.03000000000006;25.755150077431537;1.1518053268769177
374.0;44.94600000000003;25.710564954909113;1.1498114195820117
375.0;43.66999999999999;25.599448500447313;1.1448421406701048
376.0;42.46000000000003;25.495184031844808;1.140179291881443
377.0;41.263999999999996;25.410582429350118;1.1363957931977722
378.0;40.184;25.40458481966828;1.1361275719387502
379.0;39.06600000000001;25.290648029568366;1.1310321637827194
380.0;37.94000000000003;25.17419074686452;1.1258240357707054
381.0;36.90200000000003;24.9990860754792;1.1179931168027986
382.0;35.81200000000002;24.86743723968636;1.1121056018829687
383.0;34.69000000000002;24.794584950867232;1.1088475484806481
384.0;33.540000000000006;24.5686719070966;1.0987444100231478
385.0;32.395999999999994;24.392071053121366;1.0908465797356852
386.0;31.360000000000003;24.223210519163466;1.0832949070827496
387.0;30.229999999999997;24.0186363014131;1.0741460699360763
388.0;29.314000000000004;23.91835235040903;1.0696612353061292
389.0;28.364;23.703823457260775;1.0600672115417835
390.0;27.289999999999996;23.488919913811174;1.0504564329066057
391.0;26.310000000000002;23.22310326054854;1.038568750781671
392.0;25.34200000000002;22.980104577934906;1.0277015193263312
393.0;24.323999999999984;22.816314171766866;1.0203765896812504
394.0;23.362000000000013;22.501546506637734;1.0062997517542978
395.0;22.47000000000002;22.245782739643005;0.9948616483706653
396.0;21.51799999999999;21.929785840587414;0.9807298374313165
397.0;20.680000000000014;21.590040753074984;0.9655359752173283
398.0;19.74600000000001;21.193390564211622;0.9477972395055961
399.0;18.841999999999988;20.814117588357288;0.9308356363848176
400.0;18.046;20.506509157720423;0.9170789691576964
401.0;17.278000000000034;20.24322831430725;0.9053046918967897
402.0;16.532000000000007;19.91467208689758;0.8906112107184116
403.0;15.778;19.565027385444324;0.8749746243099698
404.0;14.97;19.15742973961948;0.856746303439305
405.0;14.166000000000011;18.79758341608221;0.8406534866216507
406.0;13.392;18.436543827317347;0.8245073053607146
407.0;12.688;18.095124289324243;0.8092385594447316
408.0;12.088;17.762637150972655;0.7943692825847609
409.0;11.475999999999988;17.331884272197584;0.7751054282158653
410.0;10.822;16.89405618164381;0.7555251607571217
411.0;10.196000000000009;16.370141938730654;0.7320950035264387
412.0;9.715999999999992;16.027760986628458;0.7167832618644066
413.0;9.211999999999998;15.679500932714602;0.701208598776424
414.0;8.768000000000004;15.326185432776143;0.6854078492690897
415.0;8.335999999999991;14.968607899363581;0.6694164958303459
416.0;7.901999999999997;14.49747390061448;0.6483467428760601
417.0;7.446000000000002;14.017133947001309;0.6268652871042972
418.0;7.024000000000006;13.598723269082956;0.6081533927375531
419.0;6.608;13.144881582716796;0.5878569755027956
420.0;6.223999999999998;12.76054414881857;0.5706688829329103
421.0;5.887999999999998;12.388963994528178;0.5540513132512467
422.0;5.556000000000001;11.96801281171284;0.5352258040515661
423.0;5.263999999999997;11.63309769252574;0.52024794458767
424.0;4.960000000000002;11.252895418985345;0.5032447820109441
425.0;4.635999999999996;10.916310533845333;0.48819224834350367
426.0;4.3180000000000005;10.536931709929581;0.47122591155351273
427.0;4.030000000000003;10.181376176219175;0.455324984690459
428.0;3.787999999999998;9.889320164026103;0.4422638427604347
429.0;3.541999999999999;9.584359963598178;0.42862560798865873
430.0;3.2939999999999996;9.195470480334844;0.4112339415824271
431.0;3.0499999999999994;8.813561012180651;0.3941544309415557
432.0;2.8320000000000003;8.479361718331196;0.37920858415995956
433.0;2.6279999999999997;8.141140727483428;0.3640828816209007
434.0;2.444000000000003;7.874699090856938;0.3521672493902381
435.0;2.295999999999999;7.632883191273354;0.341352913600055
436.0;2.1480000000000006;7.431591559431424;0.33235087815804665
437.0;1.9880000000000013;7.114568868200008;0.3181731923979792
438.0;1.848000000000002;6.846798763408579;0.3061981492648616
439.0;1.722000000000001;6.623628984313937;0.296217693333277
440.0;1.6060000000000008;6.405374434276779;0.28645705312764275
441.0;1.5160000000000005;6.21602944363105;0.2779892877219845
442.0;1.37;5.953821965089647;0.2662630127974366
443.0;1.2579999999999998;5.745036718227968;0.2569258527038008
444.0;1.1539999999999992;5.475604852159622;0.244876493347132
445.0;1.0719999999999996;5.268237337981139;0.2356027361865672
446.0;0.9699999999999998;5.010320011059818;0.224068322675145
447.0;0.8840000000000006;4.764866409859531;0.2130913039230257
448.0;0.7900000000000004;4.584313674229487;0.20501674011517917
449.0;0.7340000000000003;4.444181082154727;0.19874982008033093
450.0;0.6839999999999999;4.260569081448577;0.19053844177905713
451.0;0.6200000000000002;4.014452847316389;0.17953178918134058
452.0;0.5680000000000007;3.8250016045158874;0.17105927203486582
453.0;0.5280000000000006;3.625396944613377;0.162132680271511
454.0;0.5020000000000001;3.5103619873974714;0.1569881605890401
455.0;0.4739999999999999;3.3787802995497125;0.15110364861660516
456.0;0.428;3.2133264592735893;0.1437043279366891
457.0;0.40599999999999997;3.1094213291228314;0.13905754925212793
458.0;0.36999999999999983;2.981758166506309;0.13334827905546487
459.0;0.33800000000000013;2.8148895549226847;0.125885687879225
460.0;0.30400000000000005;2.6829051343496735;0.1199831651517815
461.0;0.27799999999999997;2.584196614866712;0.11556878596133624
462.0;0.25999999999999984;2.5085824626557307;0.11218721827324082
463.0;0.23999999999999977;2.4054047359826534;0.10757297006114294
464.0;0.22400000000000028;2.331672660299807;0.10427557139416287
465.0;0.2180000000000001;2.2823001090073918;0.10206756377591415
466.0;0.1999999999999999;2.1243883948337254;0.09500553722919745
467.0;0.18799999999999986;2.0011659927805394;0.08949486388236279
468.0;0.172;1.8420647124380884;0.08237963831930335
469.0;0.15999999999999995;1.7217225843075379;0.07699777473816534
470.0;0.14200000000000004;1.5946541454771233;0.07131510139777372
471.0;0.12400000000000017;1.42572415942128;0.06376032275259458
472.0;0.11200000000000003;1.3531881748200978;0.060516414904932155
473.0;0.0979999999999999;1.247199668869446;0.05577646482214619
474.0;0.08000000000000003;1.0371844112818185;0.046384296976584916
475.0;0.07200000000000004;0.9719595726271967;0.04346735351552111
476.0;0.066;0.8984756630171282;0.04018105317270985
477.0;0.057999999999999996;0.8099061030709569;0.036220102037172214
478.0;0.04399999999999998;0.6655448142684302;0.029764068935533634
479.0;0.04200000000000002;0.6364323154777489;0.028462118409716762
480.0;0.03800000000000002;0.607696132272007;0.027176997228478227
481.0;0.03200000000000002;0.5210748872054307;0.02330317738318757
482.0;0.024000000000000014;0.3843428663026745;0.017188335514397867
483.0;0.022;0.3489405666271495;0.015605096541712016
484.0;0.01600000000000001;0.26053744360271536;0.011651588691593785
485.0;0.012;0.19983961505038733;0.008937099277001122
486.0;0.006000000000000001;0.1341640786499874;0.006
487.0;0.006000000000000001;0.1341640786499874;0.006
488.0;0.0;0.0;0.0
489.0;0.0;0.0;0.0
490.0;0.0;0.0;0.0
491.0;0.0;0.0;0.0
492.0;0.0;0.0;0.0
493.0;0.0;0.0;0.0
494.0;0.0;0.0;0.0
495.0;0.0;0.0;0.0
496.0;0.0;0.0;0.0
497.0;0.0;0.0;0.0
498.0;0.0;0.0;0.0
499.0;0.0;0.0;0.0
500.0;0.0;0.0;0.0
501.0;0.0;0.0;0.0
502.0;0.0;0.0;0.0
503.0;0.0;0.0;0.0
504.0;0.0;0.0;0.0
505.0;0.0;0.0;0.0
506.0;0.0;0.0;0.0
507.0;0.0;0.0;0.0
508.0;0.0;0.0;0.0
509.0;0.0;0.0;0.0
510.0;0.0;0.0;0.0
511.0;0.0;0.0;0.0
512.0;0.0;0.0;0.0
513.0;0.0;0.0;0.0
514.0;0.0;0.0;0.0
515.0;0.0;0.0;0.0
516.0;0.0;0.0;0.0
517.0;0.0;0.0;0.0
518.0;0.0;0.0;0.0
519.0;0.0;0.0;0.0
520.0;0.0;0.0;0.0
521.0;0.0;0.0;0.0
522.0;0.0;0.0;0.0
523.0;0.0;0.0;0.0
524.0;0.0;0.0;0.0
525.0;0.0;0.0;0.0
526.0;0.0;0.0;0.0
527.0;0.0;0.0;0.0
528.0;0.0;0.0;0.0
529.0;0.0;0.0;0.0
530.0;0.0;0.0;0.0
531.0;0.0;0.0;0.0
532.0;0.0;0.0;0.0
533.0;0.0;0.0;0.0
534.0;0.0;0.0;0.0
535.0;0.0;0.0;0.0
536.0;0.0;0.0;0.0
537.0;0.0;0.0;0.0
538.0;0.0;0.0;0.0
539.0;0.0;0.0;0.0
540.0;0.0;0.0;0.0
541.0;0.0;0.0;0.0
542.0;0.0;0.0;0.0
543.0;0.0;0.0;0.0
544.0;0.0;0.0;0.0
545.0;0.0;0.0;0.0
546.0;0.0;0.0;0.0
547.0;0.0;0.0;0.0
548.0;0.0;0.0;0.0
549.0;0.0;0.0;0.0
550.0;0.0;0.0;0.0
551.0;0.0;0.0;0.0
552.0;0.0;0.0;0.0
553.0;0.0;0.0;0.0
554.0;0.0;0.0;0.0
555.0;0.0;0.0;0.0
556.0;0.0;0.0;0.0
557.0;0.0;0.0;0.0
558.0;0.0;0.0;0.0
559.0;0.0;0.0;0.0
560.0;0.0;0.0;0.0
561.0;0.0;0.0;0.0
562.0;0.0;0.0;0.0
563.0;0.0;0.0;0.0
564.0;0.0;0.0;0.0
565.0;0.0;0.0;0.0
566.0;0.0;0.0;0.0
567.0;0.0;0.0;0.0
568.0;0.0;0.0;0.0
569.0;0.0;0.0;0.0
570.0;0.0;0.0;0.0
571.0;0.0;0.0;0.0
572.0;0.0;0.0;0.0
573.0;0.0;0.0;0.0
574.0;0.0;0.0;0.0
575.0;0.0;0.0;0.0
576.0;0.0;0.0;0.0
577.0;0.0;0.0;0.0
578.0;0.0;0.0;0.0
579.0;0.0;0.0;0.0
580.0;0.0;0.0;0.0
581.0;0.0;0.0;0.0
582.0;0.0;0.0;0.0
583.0;0.0;0.0;0.0
584.0;0.0;0.0;0.0
585.0;0.0;0.0;0.0
586.0;0.0;0.0;0.0
587.0;0.0;0.0;0.0
588.0;0.0;0.0;0.0
589.0;0.0;0.0;0.0
590.0;0.0;0.0;0.0
591.0;0.0;0.0;0.0
592.0;0.0;0.0;0.0
593.0;0.0;0.0;0.0
594.0;0.0;0.0;0.0
595.0;0.0;0.0;0.0
596.0;0.0;0.0;0.0
597.0;0.0;0.0;0.0
598.0;0.0;0.0;0.0
599.0;0.0;0.0;0.0
600.0;0.0;0.0;0.0
601.0;0.0;0.0;0.0
602.0;0.0;0.0;0.0
603.0;0.0;0.0;0.0
604.0;0.0;0.0;0.0
605.0;0.0;0.0;0.0
606.0;0.0;0.0;0.0
607.0;0.0;0.0;0.0
608.0;0.0;0.0;0.0
609.0;0.0;0.0;0.0
610.0;0.0;0.0;0.0
611.0;0.0;0.0;0.0
612.0;0.0;0.0;0.0
613.0;0.0;0.0;0.0
614.0;0.0;0.0;0.0
615.0;0.0;0.0;0.0
616.0;0.0;0.0;0.0
617.0;0.0;0.0;0.0
618.0;0.0;0.0;0.0
619.0;0.0;0.0;0.0
620.0;0.0;0.0;0.0
621.0;0.0;0.0;0.0
622.0;0.0;0.0;0.0
623.0;0.0;0.0;0.0
624.0;0.0;0.0;0.0
625.0;0.0;0.0;0.0
626.0;0.0;0.0;0.0
627.0;0.0;0.0;0.0
628.0;0.0;0.0;0.0
629.0;0.0;0.0;0.0
630.0;0.0;0.0;0.0
631.0;0.0;0.0;0.0
632.0;0.0;0.0;0.0
633.0;0.0;0.0;0.0
634.0;0.0;0.0;0.0
635.0;0.0;0.0;0.0
636.0;0.0;0.0;0.0
637.0;0.0;0.0;0.0
638.0;0.0;0.0;0.0
639.0;0.0;0.0;0.0
640.0;0.0;0.0;0.0
641.0;0.0;0.0;0.0
642.0;0.0;0.0;0.0
643.0;0.0;0.0;0.0
644.0;0.0;0.0;0.0
645.0;0.0;0.0;0.0
646.0;0.0;0.0;0.0
647.0;0.0;0.0;0.0
648.0;0.0;0.0;0.0
649.0;0.0;0.0;0.0
650.0;0.0;0.0;0.0
651.0;0.0;0.0;0.0
652.0;0.0;0.0;0.0
653.0;0.0;0.0;0.0
654.0;0.0;0.0;0.0
655.0;0.0;0.0;0.0
656.0;0.0;0.0;0.0
657.0;0.0;0.0;0.0
658.0;0.0;0.0;0.0
659.0;0.0;0.0;0.0
660.0;0.0;0.0;0.0
661.0;0.0;0.0;0.0
662.0;0.0;0.0;0.0
663.0;0.0;0.0;0.0
664.0;0.0;0.0;0.0
665.0;0.0;0.0;0.0
666.0;0.0;0.0;0.0
667.0;0.0;0.0;0.0
668.0;0.0;0.0;0.0
669.0;0.0;0.0;0.0
670.0;0.0;0.0;0.0
671.0;0.0;0.0;0.0
672.0;0.0;0.0;0.0
673.0;0.0;0.0;0.0
674.0;0.0;0.0;0.0
675.0;0.0;0.0;0.0
676.0;0.0;0.0;0.0
677.0;0.0;0.0;0.0
678.0;0.0;0.0;0.0
679.0;0.0;0.0;0.0
680.0;0.0;0.0;0.0
681.0;0.0;0.0;0.0
682.0;0.0;0.0;0.0
683.0;0.0;0.0;0.0
684.0;0.0;0.0;0.0
685.0;0.0;0.0;0.0
686.0;0.0;0.0;0.0
687.0;0.0;0.0;0.0
688.0;0.0;0.0;0.0
689.0;0.0;0.0;0.0
690.0;0.0;0.0;0.0
691.0;0.0;0.0;0.0
692.0;0.0;0.0;0.0
693.0;0.0;0.0;0.0
694.0;0.0;0.0;0.0
695.0;0.0;0.0;0.0
696.0;0.0;0.0;0.0
697.0;0.0;0.0;0.0
698.0;0.0;0.0;0.0
699.0;0.0;0.0;0.0
700.0;0.0;0.0;0.0
701.0;0.0;0.0;0.0
702.0;0.0;0.0;0.0
703.0;0.0;0.0;0.0
704.0;0.0;0.0;0.0
705.0;0.0;0.0;0.0
706.0;0.0;0.0;0.0
707.0;0.0;0.0;0.0
708.0;0.0;0.0;0.0
709.0;0.0;0.0;0.0
710.0;0.0;0.0;0.0
711.0;0.0;0.0;0.0
712.0;0.0;0.0;0.0
713.0;0.0;0.0;0.0
714.0;0.0;0.0;0.0
715.0;0.0;0.0;0.0
716.0;0.0;0.0;0.0
717.0;0.0;0.0;0.0
718.0;0.0;0.0;0.0
719.0;0.0;0.0;0.0
720.0;0.0;0.0;0.0
721.0;0.0;0.0;0.0
722.0;0.0;0.0;0.0
723.0;0.0;0.0;0.0
724.0;0.0;0.0;0.0
725.0;0.0;0.0;0.0
726.0;0.0;0.0;0.0
727.0;0.0;0.0;0.0
728.0;0.0;0.0;0.0
729.0;0.0;0.0;0.0
730.0;0.0;0.0;0.0
731.0;0.0;0.0;0.0
732.0;0.0;0.0;0.0
733.0;0.0;0.0;0.0
734.0;0.0;0.0;0.0
735.0;0.0;0.0;0.0
736.0;0.0;0.0;0.0
737.0;0.0;0.0;0.0
738.0;0.0;0.0;0.0
739.0;0.0;0.0;0.0
740.0;0.0;0.0;0.0
741.0;0.0;0.0;0.0
742.0;0.0;0.0;0.0
743.0;0.0;0.0;0.0
744.0;0.0;0.0;0.0
745.0;0.0;0.0;0.0
746.0;0.0;0.0;0.0
747.0;0.0;0.0;0.0
748.0;0.0;0.0;0.0
749.0;0.0;0.0;0.0
750.0;0.0;0.0;0.0
751.0;0.0;0.0;0.0
752.0;0.0;0.0;0.0
753.0;0.0;0.0;0.0
754.0;0.0;0.0;0.0
755.0;0.0;0.0;0.0
756.0;0.0;0.0;0.0
757.0;0.0;0.0;0.0
758.0;0.0;0.0;0.0
759.0;0.0;0.0;0.0
760.0;0.0;0.0;0.0
761.0;0.0;0.0;0.0
762.0;0.0;0.0;0.0
763.0;0.0;0.0;0.0
764.0;0.0;0.0;0.0
765.0;0.0;0.0;0.0
766.0;0.0;0.0;0.0
767.0;0.0;0.0;0.0
768.0;0.0;0.0;0.0
769.0;0.0;0.0;0.0
770.0;0.0;0.0;0.0
771.0;0.0;0.0;0.0
772.0;0.0;0.0;0.0
773.0;0.0;0.0;0.0
774.0;0.0;0.0;0.0
775.0;0.0;0.0;0.0
776.0;0.0;0.0;0.0
777.0;0.0;0.0;0.0
778.0;0.0;0.0;0.0
779.0;0.0;0.0;0.0
780.0;0.0;0.0;0.0
781.0;0.0;0.0;0.0
782.0;0.0;0.0;0.0
783.0;0.0;0.0;0.0
784.0;0.0;0.0;0.0
785.0;0.0;0.0;0.0
786.0;0.0;0.0;0.0
787.0;0.0;0.0;0.0
788.0;0.0;0.0;0.0
789.0;0.0;0.0;0.0
790.0;0.0;0.0;0.0
791.0;0.0;0.0;0.0
792.0;0.0;0.0;0.0
793.0;0.0;0.0;0.0
794.0;0.0;0.0;0.0
795.0;0.0;0.0;0.0
796.0;0.0;0.0;0.0
797.0;0.0;0.0;0.0
798.0;0.0;0.0;0.0
799.0;0.0;0.0;0.0
800.0;0.0;0.0;0.0
801.0;0.0;0.0;0.0
802.0;0.0;0.0;0.0
803.0;0.0;0.0;0.0
804.0;0.0;0.0;0.0
805.0;0.0;0.0;0.0
806.0;0.0;0.0;0.0
807.0;0.0;0.0;0.0
808.0;0.0;0.0;0.0
809.0;0.0;0.0;0.0
810.0;0.0;0.0;0.0
811.0;0.0;0.0;0.0
812.0;0.0;0.0;0.0
813.0;0.0;0.0;0.0
814.0;0.0;0.0;0.0
815.0;0.0;0.0;0.0
816.0;0.0;0.0;0.0
817.0;0.0;0.0;0.0
818.0;0.0;0.0;0.0
819.0;0.0;0.0;0.0
820.0;0.0;0.0;0.0
821.0;0.0;0.0;0.0
822.0;0.0;0.0;0.0
823.0;0.0;0.0;0.0
824.0;0.0;0.0;0.0
825.0;0.0;0.0;0.0
826.0;0.0;0.0;0.0
827.0;0.0;0.0;0.0
828.0;0.0;0.0;0.0
829.0;0.0;0.0;0.0
830.0;0.0;0.0;0.0
831.0;0.0;0.0;0.0
832.0;0.0;0.0;0.0
833.0;0.0;0.0;0.0
834.0;0.0;0.0;0.0
835.0;0.0;0.0;0.0
836.0;0.0;0.0;0.0
837.0;0.0;0.0;0.0
838.0;0.0;0.0;0.0
839.0;0.0;0.0;0.0
840.0;0.0;0.0;0.0
841.0;0.0;0.0;0.0
842.0;0.0;0.0;0.0
843.0;0.0;0.0;0.0
844.0;0.0;0.0;0.0
845.0;0.0;0.0;0.0
846.0;0.0;0.0;0.0
847.0;0.0;0.0;0.0
848.0;0.0;0.0;0.0
849.0;0.0;0.0;0.0
850.0;0.0;0.0;0.0
851.0;0.0;0.0;0.0
852.0;0.0;0.0;0.0
853.0;0.0;0.0;0.0
854.0;0.0;0.0;0.0
855.0;0.0;0.0;0.0
856.0;0.0;0.0;0.0
857.0;0.0;0.0;0.0
858.0;0.0;0.0;0.0
859.0;0.0;0.0;0.0
860.0;0.0;0.0;0.0
861.0;0.0;0.0;0.0
862.0;0.0;0.0;0.0
863.0;0.0;0.0;0.0
864.0;0.0;0.0;0.0
865.0;0.0;0.0;0.0
866.0;0.0;0.0;0.0
867.0;0.0;0.0;0.0
868.0;0.0;0.0;0.0
869.0;0.0;0.0;0.0
870.0;0.0;0.0;0.0
871.0;0.0;0.0;0.0
872.0;0.0;0.0;0.0
873.0;0.0;0.0;0.0
874.0;0.0;0.0;0.0
875.0;0.0;0.0;0.0
876.0;0.0;0.0;0.0
877.0;0.0;0.0;0.0
878.0;0.0;0.0;0.0
879.0;0.0;0.0;0.0
880.0;0.0;0.0;0.0
881.0;0.0;0.0;0.0
882.0;0.0;0.0;0.0
883.0;0.0;0.0;0.0
884.0;0.0;0.0;0.0
885.0;0.0;0.0;0.0
886.0;0.0;0.0;0.0
887.0;0.0;0.0;0.0
888.0;0.0;0.0;0.0
889.0;0.0;0.0;0.0
890.0;0.0;0.0;0.0
891.0;0.0;0.0;0.0
892.0;0.0;0.0;0.0
893.0;0.0;0.0;0.0
894.0;0.0;0.0;0.0
895.0;0.0;0.0;0.0
896.0;0.0;0.0;0.0
897.0;0.0;0.0;0.0
898.0;0.0;0.0;0.0
899.0;0.0;0.0;0.0
900.0;0.0;0.0;0.0
901.0;0.0;0.0;0.0
902.0;0.0;0.0;0.0
903.0;0.0;0.0;0.0
904.0;0.0;0.0;0.0
905.0;0.0;0.0;0.0
906.0;0.0;0.0;0.0
907.0;0.0;0.0;0.0
908.0;0.0;0.0;0.0
909.0;0.0;0.0;0.0
910.0;0.0;0.0;0.0
911.0;0.0;0.0;0.0
912.0;0.0;0.0;0.0
913.0;0.0;0.0;0.0
914.0;0.0;0.0;0.0
915.0;0.0;0.0;0.0
916.0;0.0;0.0;0.0
917.0;0.0;0.0;0.0
918.0;0.0;0.0;0.0
919.0;0.0;0.0;0.0
920.0;0.0;0.0;0.0
921.0;0.0;0.0;0.0
922.0;0.0;0.0;0.0
923.0;0.0;0.0;0.0
924.0;0.0;0.0;0.0
925.0;0.0;0.0;0.0
926.0;0.0;0.0;0.0
927.0;0.0;0.0;0.0
928.0;0.0;0.0;0.0
929.0;0.0;0.0;0.0
930.0;0.0;0.0;0.0
931.0;0.0;0.0;0.0
932.0;0.0;0.0;0.0
933.0;0.0;0.0;0.0
934.0;0.0;0.0;0.0
935.0;0.0;0.0;0.0
936.0;0.0;0.0;0.0
937.0;0.0;0.0;0.0
938.0;0.0;0.0;0.0
939.0;0.0;0.0;0.0
940.0;0.0;0.0;0.0
941.0;0.0;0.0;0.0
942.0;0.0;0.0;0.0
943.0;0.0;0.0;0.0
944.0;0.0;0.0;0.0
945.0;0.0;0.0;0.0
946.0;0.0;0.0;0.0
947.0;0.0;0.0;0.0
948.0;0.0;0.0;0.0
949.0;0.0;0.0;0.0
950.0;0.0;0.0;0.0
951.0;0.0;0.0;0.0
952.0;0.0;0.0;0.0
953.0;0.0;0.0;0.0
954.0;0.0;0.0;0.0
955.0;0.0;0.0;0.0
956.0;0.0;0.0;0.0
957.0;0.0;0.0;0.0
958.0;0.0;0.0;0.0
959.0;0.0;0.0;0.0
960.0;0.0;0.0;0.0
961.0;0.0;0.0;0.0
962.0;0.0;0.0;0.0
963.0;0.0;0.0;0.0
964.0;0.0;0.0;0.0
965.0;0.0;0.0;0.0
966.0;0.0;0.0;0.0
967.0;0.0;0.0;0.0
968.0;0.0;0.0;0.0
969.0;0.0;0.0;0.0
970.0;0.0;0.0;0.0
971.0;0.0;0.0;0.0
972.0;0.0;0.0;0.0
973.0;0.0;0.0;0.0
974.0;0.0;0.0;0.0
975.0;0.0;0.0;0.0
976.0;0.0;0.0;0.0
977.0;0.0;0.0;0.0
978.0;0.0;0.0;0.0
979.0;0.0;0.0;0.0
980.0;0.0;0.0;0.0
981.0;0.0;0.0;0.0
982.0;0.0;0.0;0.0
983.0;0.0;0.0;0.0
984.0;0.0;0.0;0.0
985.0;0.0;0.0;0.0
986.0;0.0;0.0;0.0
987.0;0.0;0.0;0.0
988.0;0.0;0.0;0.0
989.0;0.0;0.0;0.0
990.0;0.0;0.0;0.0
991.0;0.0;0.0;0.0
992.0;0.0;0.0;0.0
993.0;0.0;0.0;0.0
994.0;0.0;0.0;0.0
995.0;0.0;0.0;0.0
996.0;0.0;0.0;0.0
997.0;0.0;0.0;0.0
998.0;0.0;0.0;0.0
999.0;0.0;0.0;0.0
1000.0;0.0;0.0;0.0
1001.0;0.0;0.0;0.0
1002.0;0.0;0.0;0.0
1003.0;0.0;0.0;0.0
1004.0;0.0;0.0;0.0
1005.0;0.0;0.0;0.0
1006.0;0.0;0.0;0.0
1007.0;0.0;0.0;0.0
1008.0;0.0;0.0;0.0
1009.0;0.0;0.0;0.0
1010.0;0.0;0.0;0.0
1011.0;0.0;0.0;0.0
1012.0;0.0;0.0;0.0
1013.0;0.0;0.0;0.0
1014.0;0.0;0.0;0.0
1015.0;0.0;0.0;0.0
1016.0;0.0;0.0;0.0
1017.0;0.0;0.0;0.0
1018.0;0.0;0.0;0.0
1019.0;0.0;0.0;0.0
1020.0;0.0;0.0;0.0
1021.0;0.0;0.0;0.0
1022.0;0.0;0.0;0.0
1023.0;0.0;0.0;0.0
1024.0;0.0;0.0;0.0
1025.0;0.0;0.0;0.0
1026.0;0.0;0.0;0.0
1027.0;0.0;0.0;0.0
1028.0;0.0;0.0;0.0
1029.0;0.0;0.0;0.0
1030.0;0.0;0.0;0.0
1031.0;0.0;0.0;0.0
1032.0;0.0;0.0;0.0
1033.0;0.0;0.0;0.0
1034.0;0.0;0.0;0.0
1035.0;0.0;0.0;0.0
1036.0;0.0;0.0;0.0
1037.0;0.0;0.0;0.0
1038.0;0.0;0.0;0.0
1039.0;0.0;0.0;0.0
1040.0;0.0;0.0;0.0
1041.0;0.0;0.0;0.0
1042.0;0.0;0.0;0.0
1043.0;0.0;0.0;0.0
1044.0;0.0;0.0;0.0
1045.0;0.0;0.0;0.0
1046.0;0.0;0.0;0.0
1047.0;0.0;0.0;0.0
1048.0;0.0;0.0;0.0
1049.0;0.0;0.0;0.0
1050.0;0.0;0.0;0.0
1051.0;0.0;0.0;0.0
1052.0;0.0;0.0;0.0
1053.0;0.0;0.0;0.0
1054.0;0.0;0.0;0.0
1055.0;0.0;0.0;0.0
1056.0;0.0;0.0;0.0
1057.0;0.0;0.0;0.0
1058.0;0.0;0.0;0.0
1059.0;0.0;0.0;0.0
1060.0;0.0;0.0;0.0
1061.0;0.0;0.0;0.0
1062.0;0.0;0.0;0.0
1063.0;0.0;0.0;0.0
1064.0;0.0;0.0;0.0
1065.0;0.0;0.0;0.0
1066.0;0.0;0.0;0.0
1067.0;0.0;0.0;0.0
1068.0;0.0;0.0;0.0
1069.0;0.0;0.0;0.0
1070.0;0.0;0.0;0.0
1071.0;0.0;0.0;0.0
1072.0;0.0;0.0;0.0
1073.0;0.0;0.0;0.0
1074.0;0.0;0.0;0.0
1075.0;0.0;0.0;0.0
1076.0;0.0;0.0;0.0
1077.0;0.0;0.0;0.0
1078.0;0.0;0.0;0.0
1079.0;0.0;0.0;0.0
1080.0;0.0;0.0;0.0
1081.0;0.0;0.0;0.0
1082.0;0.0;0.0;0.0
1083.0;0.0;0.0;0.0
1084.0;0.0;0.0;0.0
1085.0;0.0;0.0;0.0
1086.0;0.0;0.0;0.0
1087.0;0.0;0.0;0.0
1088.0;0.0;0.0;0.0
1089.0;0.0;0.0;0.0
1090.0;0.0;0.0;0.0
1091.0;0.0;0.0;0.0
1092.0;0.0;0.0;0.0
1093.0;0.0;0.0;0.0
1094.0;0.0;0.0;0.0
1095.0;0.0;0.0;0.0
1096.0;0.0;0.0;0.0
1097.0;0.0;0.0;0.0
1098.0;0.0;0.0;0.0
1099.0;0.0;0.0;0.0
1100.0;0.0;0.0;0.0
1101.0;0.0;0.0;0.0
1102.0;0.0;0.0;0.0
1103.0;0.0;0.0;0.0
1104.0;0.0;0.0;0.0
1105.0;0.0;0.0;0.0
1106.0;0.0;0.0;0.0
1107.0;0.0;0.0;0.0
1108.0;0.0;0.0;0.0
1109.0;0.0;0.0;0.0
1110.0;0.0;0.0;0.0
1111.0;0.0;0.0;0.0
1112.0;0.0;0.0;0.0
1113.0;0.0;0.0;0.0
1114.0;0.0;0.0;0.0
1115.0;0.0;0.0;0.0
1116.0;0.0;0.0;0.0
1117.0;0.0;0.0;0.0
1118.0;0.0;0.0;0.0
1119.0;0.0;0.0;0.0
1120.0;0.0;0.0;0.0
1121.0;0.0;0.0;0.0
1122.0;0.0;0.0;0.0
1123.0;0.0;0.0;0.0
1124.0;0.0;0.0;0.0
1125.0;0.0;0.0;0.0
1126.0;0.0;0.0;0.0
1127.0;0.0;0.0;0.0
1128.0;0.0;0.0;0.0
1129.0;0.0;0.0;0.0
1130.0;0.0;0.0;0.0
1131.0;0.0;0.0;0.0
1132.0;0.0;0.0;0.0
1133.0;0.0;0.0;0.0
1134.0;0.0;0.0;0.0
1135.0;0.0;0.0;0.0
1136.0;0.0;0.0;0.0
1137.0;0.0;0.0;0.0
1138.0;0.0;0.0;0.0
1139.0;0.0;0.0;0.0
1140.0;0.0;0.0;0.0
1141.0;0.0;0.0;0.0
1142.0;0.0;0.0;0.0
1143.0;0.0;0.0;0.0
1144.0;0.0;0.0;0.0
1145.0;0.0;0.0;0.0
1146.0;0.0;0.0;0.0
1147.0;0.0;0.0;0.0
1148.0;0.0;0.0;0.0
1149.0;0.0;0.0;0.0
1150.0;0.0;0.0;0.0
1151.0;0.0;0.0;0.0
1152.0;0.0;0.0;0.0
1153.0;0.0;0.0;0.0
1154.0;0.0;0.0;0.0
1155.0;0.0;0.0;0.0
1156.0;0.0;0.0;0.0
1157.0;0.0;0.0;0.0
1158.0;0.0;0.0;0.0
1159.0;0.0;0.0;0.0
1160.0;0.0;0.0;0.0
1161.0;0.0;0.0;0.0
1162.0;0.0;0.0;0.0
1163.0;0.0;0.0;0.0
1164.0;0.0;0.0;0.0
1165.0;0.0;0.0;0.0
1166.0;0.0;0.0;0.0
1167.0;0.0;0.0;0.0
1168.0;0.0;0.0;0.0
1169.0;0.0;0.0;0.0
1170.0;0.0;0.0;0.0
1171.0;0.0;0.0;0.0
1172.0;0.0;0.0;0.0
1173.0;0.0;0.0;0.0
1174.0;0.0;0.0;0.0
1175.0;0.0;0.0;0.0
1176.0;0.0;0.0;0.0
1177.0;0.0;0.0;0.0
1178.0;0.0;0.0;0.0
1179.0;0.0;0.0;0.0
1180.0;0.0;0.0;0.0
1181.0;0.0;0.0;0.0
1182.0;0.0;0.0;0.0
1183.0;0.0;0.0;0.0
1184.0;0.0;0.0;0.0
1185.0;0.0;0.0;0.0
1186.0;0.0;0.0;0.0
1187.0;0.0;0.0;0.0
1188.0;0.0;0.0;0.0
1189.0;0.0;0.0;0.0
1190.0;0.0;0.0;0.0
1191.0;0.0;0.0;0.0
1192.0;0.0;0.0;0.0
1193.0;0.0;0.0;0.0
1194.0;0.0;0.0;0.0
1195.0;0.0;0.0;0.0
1196.0;0.0;0.0;0.0
1197.0;0.0;0.0;0.0
1198.0;0.0;0.0;0.0
1199.0;0.0;0.0;0.0
1200.0;0.0;0.0;0.0
1201.0;0.0;0.0;0.0
1202.0;0.0;0.0;0.0
1203.0;0.0;0.0;0.0
1204.0;0.0;0.0;0.0
1205.0;0.0;0.0;0.0
1206.0;0.0;0.0;0.0
1207.0;0.0;0.0;0.0
1208.0;0.0;0.0;0.0
1209.0;0.0;0.0;0.0
1210.0;0.0;0.0;0.0
1211.0;0.0;0.0;0.0
1212.0;0.0;0.0;0.0
1213.0;0.0;0.0;0.0
1214.0;0.0;0.0;0.0
1215.0;0.0;0.0;0.0
1216.0;0.0;0.0;0.0
1217.0;0.0;0.0;0.0
1218.0;0.0;0.0;0.0
1219.0;0.0;0.0;0.0
1220.0;0.0;0.0;0.0
1221.0;0.0;0.0;0.0
1222.0;0.0;0.0;0.0
1223.0;0.0;0.0;0.0
1224.0;0.0;0.0;0.0
1225.0;0.0;0.0;0.0
1226.0;0.0;0.0;0.0
1227.0;0.0;0.0;0.0
1228.0;0.0;0.0;0.0
1229.0;0.0;0.0;0.0
1230.0;0.0;0.0;0.0
1231.0;0.0;0.0;0.0
1232.0;0.0;0.0;0.0
1233.0;0.0;0.0;0.0
1234.0;0.0;0.0;0.0
1235.0;0.0;0.0;0.0
1236.0;0.0;0.0;0.0
1237.0;0.0;0.0;0.0
1238.0;0.0;0.0;0.0
1239.0;0.0;0.0;0.0
1240.0;0.0;0.0;0.0
1241.0;0.0;0.0;0.0
1242.0;0.0;0.0;0.0
1243.0;0.0;0.0;0.0
1244.0;0.0;0.0;0.0
1245.0;0.0;0.0;0.0
1246.0;0.0;0.0;0.0
1247.0;0.0;0.0;0.0
1248.0;0.0;0.0;0.0
1249.0;0.0;0.0;0.0
1250.0;0.0;0.0;0.0
1251.0;0.0;0.0;0.0
1252.0;0.0;0.0;0.0
1253.0;0.0;0.0;0.0
1254.0;0.0;0.0;0.0
1255.0;0.0;0.0;0.0
1256.0;0.0;0.0;0.0
1257.0;0.0;0.0;0.0
1258.0;0.0;0.0;0.0
1259.0;0.0;0.0;0.0
1260.0;0.0;0.0;0.0
1261.0;0.0;0.0;0.0
1262.0;0.0;0.0;0.0
1263.0;0.0;0.0;0.0
1264.0;0.0;0.0;0.0
1265.0;0.0;0.0;0.0
1266.0;0.0;0.0;0.0
1267.0;0.0;0.0;0.0
1268.0;0.0;0.0;0.0
1269.0;0.0;0.0;0.0
1270.0;0.0;0.0;0.0
1271.0;0.0;0.0;0.0
1272.0;0.0;0.0;0.0
1273.0;0.0;0.0;0.0
1274.0;0.0;0.0;0.0
1275.0;0.0;0.0;0.0
1276.0;0.0;0.0;0.0
1277.0;0.0;0.0;0.0
1278.0;0.0;0.0;0.0
1279.0;0.0;0.0;0.0
1280.0;0.0;0.0;0.0
1281.0;0.0;0.0;0.0
1282.0;0.0;0.0;0.0
1283.0;0.0;0.0;0.0
1284.0;0.0;0.0;0.0
1285.0;0.0;0.0;0.0
1286.0;0.0;0.0;0.0
1287.0;0.0;0.0;0.0
1288.0;0.0;0.0;0.0
1289.0;0.0;0.0;0.0
1290.0;0.0;0.0;0.0
1291.0;0.0;0.0;0.0
1292.0;0.0;0.0;0.0
1293.0;0.0;0.0;0.0
1294.0;0.0;0.0;0.0
1295.0;0.0;0.0;0.0
1296.0;0.0;0.0;0.0
1297.0;0.0;0.0;0.0
1298.0;0.0;0.0;0.0
1299.0;0.0;0.0;0.0
1300.0;0.0;0.0;0.0
1301.0;0.0;0.0;0.0
1302.0;0.0;0.0;0.0
1303.0;0.0;0.0;0.0
1304.0;0.0;0.0;0.0
1305.0;0.0;0.0;0.0
1306.0;0.0;0.0;0.0
1307.0;0.0;0.0;0.0
1308.0;0.0;0.0;0.0
1309.0;0.0;0.0;0.0
1310.0;0.0;0.0;0.0
1311.0;0.0;0.0;0.0
1312.0;0.0;0.0;0.0
1313.0;0.0;0.0;0.0
1314.0;0.0;0.0;0.0
1315.0;0.0;0.0;0.0
1316.0;0.0;0.0;0.0
1317.0;0.0;0.0;0.0
1318.0;0.0;0.0;0.0
1319.0;0.0;0.0;0.0
1320.0;0.0;0.0;0.0
1321.0;0.0;0.0;0.0
1322.0;0.0;0.0;0.0
1323.0;0.0;0.0;0.0
1324.0;0.0;0.0;0.0
1325.0;0.0;0.0;0.0
1326.0;0.0;0.0;0.0
1327.0;0.0;0.0;0.0
1328.0;0.0;0.0;0.0
1329.0;0.0;0.0;0.0
1330.0;0.0;0.0;0.0
1331.0;0.0;0.0;0.0
1332.0;0.0;0.0;0.0
1333.0;0.0;0.0;0.0
1334.0;0.0;0.0;0.0
1335.0;0.0;0.0;0.0
1336.0;0.0;0.0;0.0
1337.0;0.0;0.0;0.0
1338.0;0.0;0.0;0.0
1339.0;0.0;0.0;0.0
1340.0;0.0;0.0;0.0
1341.0;0.0;0.0;0.0
1342.0;0.0;0.0;0.0
1343.0;0.0;0.0;0.0
1344.0;0.0;0.0;0.0
1345.0;0.0;0.0;0.0
1346.0;0.0;0.0;0.0
1347.0;0.0;0.0;0.0
1348.0;0.0;0.0;0.0
1349.0;0.0;0.0;0.0
1350.0;0.0;0.0;0.0
1351.0;0.0;0.0;0.0
1352.0;0.0;0.0;0.0
1353.0;0.0;0.0;0.0
1354.0;0.0;0.0;0.0
1355.0;0.0;0.0;0.0
1356.0;0.0;0.0;0.0
1357.0;0.0;0.0;0.0
1358.0;0.0;0.0;0.0
1359.0;0.0;0.0;0.0
1360.0;0.0;0.0;0.0
1361.0;0.0;0.0;0.0
1362.0;0.0;0.0;0.0
1363.0;0.0;0.0;0.0
1364.0;0.0;0.0;0.0
1365.0;0.0;0.0;0.0
1366.0;0.0;0.0;0.0
1367.0;0.0;0.0;0.0
1368.0;0.0;0.0;0.0
1369.0;0.0;0.0;0.0
1370.0;0.0;0.0;0.0
1371.0;0.0;0.0;0.0
1372.0;0.0;0.0;0.0
1373.0;0.0;0.0;0.0
1374.0;0.0;0.0;0.0
1375.0;0.0;0.0;0.0
1376.0;0.0;0.0;0.0
1377.0;0.0;0.0;0.0
1378.0;0.0;0.0;0.0
1379.0;0.0;0.0;0.0
1380.0;0.0;0.0;0.0
1381.0;0.0;0.0;0.0
1382.0;0.0;0.0;0.0
1383.0;0.0;0.0;0.0
1384.0;0.0;0.0;0.0
1385.0;0.0;0.0;0.0
1386.0;0.0;0.0;0.0
1387.0;0.0;0.0;0.0
1388.0;0.0;0.0;0.0
1389.0;0.0;0.0;0.0
1390.0;0.0;0.0;0.0
1391.0;0.0;0.0;0.0
1392.0;0.0;0.0;0.0
1393.0;0.0;0.0;0.0
1394.0;0.0;0.0;0.0
1395.0;0.0;0.0;0.0
1396.0;0.0;0.0;0.0
1397.0;0.0;0.0;0.0
1398.0;0.0;0.0;0.0
1399.0;0.0;0.0;0.0
1400.0;0.0;0.0;0.0
1401.0;0.0;0.0;0.0
1402.0;0.0;0.0;0.0
1403.0;0.0;0.0;0.0
1404.0;0.0;0.0;0.0
1405.0;0.0;0.0;0.0
1406.0;0.0;0.0;0.0
1407.0;0.0;0.0;0.0
1408.0;0.0;0.0;0.0
1409.0;0.0;0.0;0.0
1410.0;0.0;0.0;0.0
1411.0;0.0;0.0;0.0
1412.0;0.0;0.0;0.0
1413.0;0.0;0.0;0.0
1414.0;0.0;0.0;0.0
1415.0;0.0;0.0;0.0
1416.0;0.0;0.0;0.0
1417.0;0.0;0.0;0.0
1418.0;0.0;0.0;0.0
1419.0;0.0;0.0;0.0
1420.0;0.0;0.0;0.0
1421.0;0.0;0.0;0.0
1422.0;0.0;0.0;0.0
1423.0;0.0;0.0;0.0
1424.0;0.0;0.0;0.0
1425.0;0.0;0.0;0.0
1426.0;0.0;0.0;0.0
1427.0;0.0;0.0;0.0
1428.0;0.0;0.0;0.0
1429.0;0.0;0.0;0.0
1430.0;0.0;0.0;0.0
1431.0;0.0;0.0;0.0
1432.0;0.0;0.0;0.0
1433.0;0.0;0.0;0.0
1434.0;0.0;0.0;0.0
1435.0;0.0;0.0;0.0
1436.0;0.0;0.0;0.0
1437.0;0.0;0.0;0.0
1438.0;0.0;0.0;0.0
1439.0;0.0;0.0;0.0
1440.0;0.0;0.0;0.0
1441.0;0.0;0.0;0.0
1442.0;0.0;0.0;0.0
1443.0;0.0;0.0;0.0
1444.0;0.0;0.0;0.0
1445.0;0.0;0.0;0.0
1446.0;0.0;0.0;0.0
1447.0;0.0;0.0;0.0
1448.0;0.0;0.0;0.0
1449.0;0.0;0.0;0.0
1450.0;0.0;0.0;0.0
1451.0;0.0;0.0;0.0
1452.0;0.0;0.0;0.0
1453.0;0.0;0.0;0.0
1454.0;0.0;0.0;0.0
1455.0;0.0;0.0;0.0
1456.0;0.0;0.0;0.0
1457.0;0.0;0.0;0.0
1458.0;0.0;0.0;0.0
1459.0;0.0;0.0;0.0
1460.0;0.0;0.0;0.0
1461.0;0.0;0.0;0.0
1462.0;0.0;0.0;0.0
1463.0;0.0;0.0;0.0
1464.0;0.0;0.0;0.0
1465.0;0.0;0.0;0.0
1466.0;0.0;0.0;0.0
1467.0;0.0;0.0;0.0
1468.0;0.0;0.0;0.0
1469.0;0.0;0.0;0.0
1470.0;0.0;0.0;0.0
1471.0;0.0;0.0;0.0
1472.0;0.0;0.0;0.0
1473.0;0.0;0.0;0.0
1474.0;0.0;0.0;0.0
1475.0;0.0;0.0;0.0
1476.0;0.0;0.0;0.0
1477.0;0.0;0.0;0.0
1478.0;0.0;0.0;0.0
1479.0;0.0;0.0;0.0
1480.0;0.0;0.0;0.0
1481.0;0.0;0.0;0.0
1482.0;0.0;0.0;0.0
1483.0;0.0;0.0;0.0
1484.0;0.0;0.0;0.0
1485.0;0.0;0.0;0.0
1486.0;0.0;0.0;0.0
1487.0;0.0;0.0;0.0
1488.0;0.0;0.0;0.0
1489.0;0.0;0.0;0.0
1490.0;0.0;0.0;0.0
1491.0;0.0;0.0;0.0
1492.0;0.0;0.0;0.0
1493.0;0.0;0.0;0.0
1494.0;0.0;0.0;0.0
1495.0;0.0;0.0;0.0
1496.0;0.0;0.0;0.0
1497.0;0.0;0.0;0.0
1498.0;0.0;0.0;0.0
1499.0;0.0;0.0;0.0
1500.0;0.0;0.0;0.0
1501.0;0.0;0.0;0.0
1502.0;0.0;0.0;0.0
1503.0;0.0;0.0;0.0
1504.0;0.0;0.0;0.0
1505.0;0.0;0.0;0.0
1506.0;0.0;0.0;0.0
1507.0;0.0;0.0;0.0
1508.0;0.0;0.0;0.0
1509.0;0.0;0.0;0.0
1510.0;0.0;0.0;0.0
1511.0;0.0;0.0;0.0
1512.0;0.0;0.0;0.0
1513.0;0.0;0.0;0.0
1514.0;0.0;0.0;0.0
1515.0;0.0;0.0;0.0
1516.0;0.0;0.0;0.0
1517.0;0.0;0.0;0.0
1518.0;0.0;0.0;0.0
1519.0;0.0;0.0;0.0
1520.0;0.0;0.0;0.0
1521.0;0.0;0.0;0.0
1522.0;0.0;0.0;0.0
1523.0;0.0;0.0;0.0
1524.0;0.0;0.0;0.0
1525.0;0.0;0.0;0.0
1526.0;0.0;0.0;0.0
1527.0;0.0;0.0;0.0
1528.0;0.0;0.0;0.0
1529.0;0.0;0.0;0.0
1530.0;0.0;0.0;0.0
1531.0;0.0;0.0;0.0
1532.0;0.0;0.0;0.0
1533.0;0.0;0.0;0.0
1534.0;0.0;0.0;0.0
1535.0;0.0;0.0;0.0
1536.0;0.0;0.0;0.0
1537.0;0.0;0.0;0.0
1538.0;0.0;0.0;0.0
1539.0;0.0;0.0;0.0
1540.0;0.0;0.0;0.0
1541.0;0.0;0.0;0.0
1542.0;0.0;0.0;0.0
1543.0;0.0;0.0;0.0
1544.0;0.0;0.0;0.0
1545.0;0.0;0.0;0.0
1546.0;0.0;0.0;0.0
1547.0;0.0;0.0;0.0
1548.0;0.0;0.0;0.0
1549.0;0.0;0.0;0.0
1550.0;0.0;0.0;0.0
1551.0;0.0;0.0;0.0
1552.0;0.0;0.0;0.0
1553.0;0.0;0.0;0.0
1554.0;0.0;0.0;0.0
1555.0;0.0;0.0;0.0
1556.0;0.0;0.0;0.0
1557.0;0.0;0.0;0.0
1558.0;0.0;0.0;0.0
1559.0;0.0;0.0;0.0
1560.0;0.0;0.0;0.0
1561.0;0.0;0.0;0.0
1562.0;0.0;0.0;0.0
1563.0;0.0;0.0;0.0
1564.0;0.0;0.0;0.0
1565.0;0.0;0.0;0.0
1566.0;0.0;0.0;0.0
1567.0;0.0;0.0;0.0
1568.0;0.0;0.0;0.0
1569.0;0.0;0.0;0.0
1570.0;0.0;0.0;0.0
1571.0;0.0;0.0;0.0
1572.0;0.0;0.0;0.0
1573.0;0.0;0.0;0.0
1574.0;0.0;0.0;0.0
1575.0;0.0;0.0;0.0
1576.0;0.0;0.0;0.0
1577.0;0.0;0.0;0.0
1578.0;0.0;0.0;0.0
1579.0;0.0;0.0;0.0
1580.0;0.0;0.0;0.0
1581.0;0.0;0.0;0.0
1582.0;0.0;0.0;0.0
1583.0;0.0;0.0;0.0
1584.0;0.0;0.0;0.0
1585.0;0.0;0.0;0.0
1586.0;0.0;0.0;0.0
1587.0;0.0;0.0;0.0
1588.0;0.0;0.0;0.0
1589.0;0.0;0.0;0.0
1590.0;0.0;0.0;0.0
1591.0;0.0;0.0;0.0
1592.0;0.0;0.0;0.0
1593.0;0.0;0.0;0.0
1594.0;0.0;0.0;0.0
1595.0;0.0;0.0;0.0
1596.0;0.0;0.0;0.0
1597.0;0.0;0.0;0.0
1598.0;0.0;0.0;0.0
1599.0;0.0;0.0;0.0
1600.0;0.0;0.0;0.0
1601.0;0.0;0.0;0.0
1602.0;0.0;0.0;0.0
1603.0;0.0;0.0;0.0
1604.0;0.0;0.0;0.0
1605.0;0.0;0.0;0.0
1606.0;0.0;0.0;0.0
1607.0;0.0;0.0;0.0
1608.0;0.0;0.0;0.0
1609.0;0.0;0.0;0.0
1610.0;0.0;0.0;0.0
1611.0;0.0;0.0;0.0
1612.0;0.0;0.0;0.0
1613.0;0.0;0.0;0.0
1614.0;0.0;0.0;0.0
1615.0;0.0;0.0;0.0
1616.0;0.0;0.0;0.0
1617.0;0.0;0.0;0.0
1618.0;0.0;0.0;0.0
1619.0;0.0;0.0;0.0
1620.0;0.0;0.0;0.0
1621.0;0.0;0.0;0.0
1622.0;0.0;0.0;0.0
1623.0;0.0;0.0;0.0
1624.0;0.0;0.0;0.0
1625.0;0.0;0.0;0.0
1626.0;0.0;0.0;0.0
1627.0;0.0;0.0;0.0
1628.0;0.0;0.0;0.0
1629.0;0.0;0.0;0.0
1630.0;0.0;0.0;0.0
1631.0;0.0;0.0;0.0
1632.0;0.0;0.0;0.0
1633.0;0.0;0.0;0.0
1634.0;0.0;0.0;0.0
1635.0;0.0;0.0;0.0
1636.0;0.0;0.0;0.0
1637.0;0.0;0.0;0.0
1638.0;0.0;0.0;0.0
1639.0;0.0;0.0;0.0
1640.0;0.0;0.0;0.0
1641.0;0.0;0.0;0.0
1642.0;0.0;0.0;0.0
1643.0;0.0;0.0;0.0
1644.0;0.0;0.0;0.0
1645.0;0.0;0.0;0.0
1646.0;0.0;0.0;0.0
1647.0;0.0;0.0;0.0
1648.0;0.0;0.0;0.0
1649.0;0.0;0.0;0.0
1650.0;0.0;0.0;0.0
1651.0;0.0;0.0;0.0
1652.0;0.0;0.0;0.0
1653.0;0.0;0.0;0.0
1654.0;0.0;0.0;0.0
1655.0;0.0;0.0;0.0
1656.0;0.0;0.0;0.0
1657.0;0.0;0.0;0.0
1658.0;0.0;0.0;0.0
1659.0;0.0;0.0;0.0
1660.0;0.0;0.0;0.0
1661.0;0.0;0.0;0.0
1662.0;0.0;0.0;0.0
1663.0;0.0;0.0;0.0
1664.0;0.0;0.0;0.0
1665.0;0.0;0.0;0.0
1666.0;0.0;0.0;0.0
1667.0;0.0;0.0;0.0
1668.0;0.0;0.0;0.0
1669.0;0.0;0.0;0.0
1670.0;0.0;0.0;0.0
1671.0;0.0;0.0;0.0
1672.0;0.0;0.0;0.0
1673.0;0.0;0.0;0.0
1674.0;0.0;0.0;0.0
1675.0;0.0;0.0;0.0
1676.0;0.0;0.0;0.0
1677.0;0.0;0.0;0.0
1678.0;0.0;0.0;0.0
1679.0;0.0;0.0;0.0
1680.0;0.0;0.0;0.0
1681.0;0.0;0.0;0.0
1682.0;0.0;0.0;0.0
1683.0;0.0;0.0;0.0
1684.0;0.0;0.0;0.0
1685.0;0.0;0.0;0.0
1686.0;0.0;0.0;0.0
1687.0;0.0;0.0;0.0
1688.0;0.0;0.0;0.0
1689.0;0.0;0.0;0.0
1690.0;0.0;0.0;0.0
1691.0;0.0;0.0;0.0
1692.0;0.0;0.0;0.0
1693.0;0.0;0.0;0.0
1694.0;0.0;0.0;0.0
1695.0;0.0;0.0;0.0
1696.0;0.0;0.0;0.0
1697.0;0.0;0.0;0.0
1698.0;0.0;0.0;0.0
1699.0;0.0;0.0;0.0
1700.0;0.0;0.0;0.0
1701.0;0.0;0.0;0.0
1702.0;0.0;0.0;0.0
1703.0;0.0;0.0;0.0
1704.0;0.0;0.0;0.0
1705.0;0.0;0.0;0.0
1706.0;0.0;0.0;0.0
1707.0;0.0;0.0;0.0
1708.0;0.0;0.0;0.0
1709.0;0.0;0.0;0.0
1710.0;0.0;0.0;0.0
1711.0;0.0;0.0;0.0
1712.0;0.0;0.0;0.0
1713.0;0.0;0.0;0.0
1714.0;0.0;0.0;0.0
1715.0;0.0;0.0;0.0
1716.0;0.0;0.0;0.0
1717.0;0.0;0.0;0.0
1718.0;0.0;0.0;0.0
1719.0;0.0;0.0;0.0
1720.0;0.0;0.0;0.0
1721.0;0.0;0.0;0.0
1722.0;0.0;0.0;0.0
1723.0;0.0;0.0;0.0
1724.0;0.0;0.0;0.0
1725.0;0.0;0.0;0.0
1726.0;0.0;0.0;0.0
1727.0;0.0;0.0;0.0
1728.0;0.0;0.0;0.0
1729.0;0.0;0.0;0.0
1730.0;0.0;0.0;0.0
1731.0;0.0;0.0;0.0
1732.0;0.0;0.0;0.0
1733.0;0.0;0.0;0.0
1734.0;0.0;0.0;0.0
1735.0;0.0;0.0;0.0
1736.0;0.0;0.0;0.0
1737.0;0.0;0.0;0.0
1738.0;0.0;0.0;0.0
1739.0;0.0;0.0;0.0
1740.0;0.0;0.0;0.0
1741.0;0.0;0.0;0.0
1742.0;0.0;0.0;0.0
1743.0;0.0;0.0;0.0
1744.0;0.0;0.0;0.0
1745.0;0.0;0.0;0.0
1746.0;0.0;0.0;0.0
1747.0;0.0;0.0;0.0
1748.0;0.0;0.0;0.0
1749.0;0.0;0.0;0.0
1750.0;0.0;0.0;0.0
1751.0;0.0;0.0;0.0
1752.0;0.0;0.0;0.0
1753.0;0.0;0.0;0.0
1754.0;0.0;0.0;0.0
1755.0;0.0;0.0;0.0
1756.0;0.0;0.0;0.0
1757.0;0.0;0.0;0.0
1758.0;0.0;0.0;0.0
1759.0;0.0;0.0;0.0
1760.0;0.0;0.0;0.0
1761.0;0.0;0.0;0.0
1762.0;0.0;0.0;0.0
1763.0;0.0;0.0;0.0
1764.0;0.0;0.0;0.0
1765.0;0.0;0.0;0.0
1766.0;0.0;0.0;0.0
1767.0;0.0;0.0;0.0
1768.0;0.0;0.0;0.0
1769.0;0.0;0.0;0.0
1770.0;0.0;0.0;0.0
1771.0;0.0;0.0;0.0
1772.0;0.0;0.0;0.0
1773.0;0.0;0.0;0.0
1774.0;0.0;0.0;0.0
1775.0;0.0;0.0;0.0
1776.0;0.0;0.0;0.0
1777.0;0.0;0.0;0.0
1778.0;0.0;0.0;0.0
1779.0;0.0;0.0;0.0
1780.0;0.0;0.0;0.0
1781.0;0.0;0.0;0.0
1782.0;0.0;0.0;0.0
1783.0;0.0;0.0;0.0
1784.0;0.0;0.0;0.0
1785.0;0.0;0.0;0.0
1786.0;0.0;0.0;0.0
1787.0;0.0;0.0;0.0
1788.0;0.0;0.0;0.0
1789.0;0.0;0.0;0.0
1790.0;0.0;0.0;0.0
1791.0;0.0;0.0;0.0
1792.0;0.0;0.0;0.0
1793.0;0.0;0.0;0.0
1794.0;0.0;0.0;0.0
1795.0;0.0;0.0;0.0
1796.0;0.0;0.0;0.0
1797.0;0.0;0.0;0.0
1798.0;0.0;0.0;0.0
1799.0;0.0;0.0;0.0
1800.0;0.0;0.0;0.0
1801.0;0.0;0.0;0.0
1802.0;0.0;0.0;0.0
1803.0;0.0;0.0;0.0
1804.0;0.0;0.0;0.0
1805.0;0.0;0.0;0.0
1806.0;0.0;0.0;0.0
1807.0;0.0;0.0;0.0
1808.0;0.0;0.0;0.0
1809.0;0.0;0.0;0.0
1810.0;0.0;0.0;0.0
1811.0;0.0;0.0;0.0
1812.0;0.0;0.0;0.0
1813.0;0.0;0.0;0.0
1814.0;0.0;0.0;0.0
1815.0;0.0;0.0;0.0
1816.0;0.0;0.0;0.0
1817.0;0.0;0.0;0.0
1818.0;0.0;0.0;0.0
1819.0;0.0;0.0;0.0
1820.0;0.0;0.0;0.0
1821.0;0.0;0.0;0.0
1822.0;0.0;0.0;0.0
1823.0;0.0;0.0;0.0
1824.0;0.0;0.0;0.0
1825.0;0.0;0.0;0.0
1826.0;0.0;0.0;0.0
1827.0;0.0;0.0;0.0
1828.0;0.0;0.0;0.0
1829.0;0.0;0.0;0.0
1830.0;0.0;0.0;0.0
1831.0;0.0;0.0;0.0
1832.0;0.0;0.0;0.0
1833.0;0.0;0.0;0.0
1834.0;0.0;0.0;0.0
1835.0;0.0;0.0;0.0
1836.0;0.0;0.0;0.0
1837.0;0.0;0.0;0.0
1838.0;0.0;0.0;0.0
1839.0;0.0;0.0;0.0
1840.0;0.0;0.0;0.0
1841.0;0.0;0.0;0.0
1842.0;0.0;0.0;0.0
1843.0;0.0;0.0;0.0
1844.0;0.0;0.0;0.0
1845.0;0.0;0.0;0.0
1846.0;0.0;0.0;0.0
1847.0;0.0;0.0;0.0
1848.0;0.0;0.0;0.0
1849.0;0.0;0.0;0.0
1850.0;0.0;0.0;0.0
1851.0;0.0;0.0;0.0
1852.0;0.0;0.0;0.0
1853.0;0.0;0.0;0.0
1854.0;0.0;0.0;0.0
1855.0;0.0;0.0;0.0
1856.0;0.0;0.0;0.0
1857.0;0.0;0.0;0.0
1858.0;0.0;0.0;0.0
1859.0;0.0;0.0;0.0
1860.0;0.0;0.0;0.0
1861.0;0.0;0.0;0.0
1862.0;0.0;0.0;0.0
1863.0;0.0;0.0;0.0
1864.0;0.0;0.0;0.0
1865.0;0.0;0.0;0.0
1866.0;0.0;0.0;0.0
1867.0;0.0;0.0;0.0
1868.0;0.0;0.0;0.0
1869.0;0.0;0.0;0.0
1870.0;0.0;0.0;0.0
1871.0;0.0;0.0;0.0
1872.0;0.0;0.0;0.0
1873.0;0.0;0.0;0.0
1874.0;0.0;0.0;0.0
1875.0;0.0;0.0;0.0
1876.0;0.0;0.0;0.0
1877.0;0.0;0.0;0.0
1878.0;0.0;0.0;0.0
1879.0;0.0;0.0;0.0
1880.0;0.0;0.0;0.0
1881.0;0.0;0.0;0.0
1882.0;0.0;0.0;0.0
1883.0;0.0;0.0;0.0
1884.0;0.0;0.0;0.0
1885.0;0.0;0.0;0.0
1886.0;0.0;0.0;0.0
1887.0;0.0;0.0;0.0
1888.0;0.0;0.0;0.0
1889.0;0.0;0.0;0.0
1890.0;0.0;0.0;0.0
1891.0;0.0;0.0;0.0
1892.0;0.0;0.0;0.0
1893.0;0.0;0.0;0.0
1894.0;0.0;0.0;0.0
1895.0;0.0;0.0;0.0
1896.0;0.0;0.0;0.0
1897.0;0.0;0.0;0.0
1898.0;0.0;0.0;0.0
1899.0;0.0;0.0;0.0
1900.0;0.0;0.0;0.0
1901.0;0.0;0.0;0.0
1902.0;0.0;0.0;0.0
1903.0;0.0;0.0;0.0
1904.0;0.0;0.0;0.0
1905.0;0.0;0.0;0.0
1906.0;0.0;0.0;0.0
1907.0;0.0;0.0;0.0
1908.0;0.0;0.0;0.0
1909.0;0.0;0.0;0.0
1910.0;0.0;0.0;0.0
1911.0;0.0;0.0;0.0
1912.0;0.0;0.0;0.0
1913.0;0.0;0.0;0.0
1914.0;0.0;0.0;0.0
1915.0;0.0;0.0;0.0
1916.0;0.0;0.0;0.0
1917.0;0.0;0.0;0.0
1918.0;0.0;0.0;0.0
1919.0;0.0;0.0;0.0
1920.0;0.0;0.0;0.0
1921.0;0.0;0.0;0.0
1922.0;0.0;0.0;0.0
1923.0;0.0;0.0;0.0
1924.0;0.0;0.0;0.0
1925.0;0.0;0.0;0.0
1926.0;0.0;0.0;0.0
1927.0;0.0;0.0;0.0
1928.0;0.0;0.0;0.0
1929.0;0.0;0.0;0.0
1930.0;0.0;0.0;0.0
1931.0;0.0;0.0;0.0
1932.0;0.0;0.0;0.0
1933.0;0.0;0.0;0.0
1934.0;0.0;0.0;0.0
1935.0;0.0;0.0;0.0
1936.0;0.0;0.0;0.0
1937.0;0.0;0.0;0.0
1938.0;0.0;0.0;0.0
1939.0;0.0;0.0;0.0
1940.0;0.0;0.0;0.0
1941.0;0.0;0.0;0.0
1942.0;0.0;0.0;0.0
1943.0;0.0;0.0;0.0
1944.0;0.0;0.0;0.0
1945.0;0.0;0.0;0.0
1946.0;0.0;0.0;0.0
1947.0;0.0;0.0;0.0
1948.0;0.0;0.0;0.0
1949.0;0.0;0.0;0.0
1950.0;0.0;0.0;0.0
1951.0;0.0;0.0;0.0
1952.0;0.0;0.0;0.0
1953.0;0.0;0.0;0.0
1954.0;0.0;0.0;0.0
1955.0;0.0;0.0;0.0
1956.0;0.0;0.0;0.0
1957.0;0.0;0.0;0.0
1958.0;0.0;0.0;0.0
1959.0;0.0;0.0;0.0
1960.0;0.0;0.0;0.0
1961.0;0.0;0.0;0.0
1962.0;0.0;0.0;0.0
1963.0;0.0;0.0;0.0
1964.0;0.0;0.0;0.0
1965.0;0.0;0.0;0.0
1966.0;0.0;0.0;0.0
1967.0;0.0;0.0;0.0
1968.0;0.0;0.0;0.0
1969.0;0.0;0.0;0.0
1970.0;0.0;0.0;0.0
1971.0;0.0;0.0;0.0
1972.0;0.0;0.0;0.0
1973.0;0.0;0.0;0.0
1974.0;0.0;0.0;0.0
1975.0;0.0;0.0;0.0
1976.0;0.0;0.0;0.0
1977.0;0.0;0.0;0.0
1978.0;0.0;0.0;0.0
1979.0;0.0;0.0;0.0
1980.0;0.0;0.0;0.0
1981.0;0.0;0.0;0.0
1982.0;0.0;0.0;0.0
1983.0;0.0;0.0;0.0
1984.0;0.0;0.0;0.0
1985.0;0.0;0.0;0.0
1986.0;0.0;0.0;0.0
1987.0;0.0;0.0;0.0
1988.0;0.0;0.0;0.0
1989.0;0.0;0.0;0.0
1990.0;0.0;0.0;0.0
1991.0;0.0;0.0;0.0
1992.0;0.0;0.0;0.0
1993.0;0.0;0.0;0.0
1994.0;0.0;0.0;0.0
1995.0;0.0;0.0;0.0
1996.0;0.0;0.0;0.0
1997.0;0.0;0.0;0.0
1998.0;0.0;0.0;0.0
1999.0;0.0;0.0;0.0
2000.0;0.0;0.0;0.0
2001.0;0.0;0.0;0.0
2002.0;0.0;0.0;0.0
2003.0;0.0;0.0;0.0
2004.0;0.0;0.0;0.0
2005.0;0.0;0.0;0.0
2006.0;0.0;0.0;0.0
2007.0;0.0;0.0;0.0
2008.0;0.0;0.0;0.0
2009.0;0.0;0.0;0.0
2010.0;0.0;0.0;0.0
2011.0;0.0;0.0;0.0
2012.0;0.0;0.0;0.0
2013.0;0.0;0.0;0.0
2014.0;0.0;0.0;0.0
2015.0;0.0;0.0;0.0
2016.0;0.0;0.0;0.0
2017.0;0.0;0.0;0.0
2018.0;0.0;0.0;0.0
2019.0;0.0;0.0;0.0
2020.0;0.0;0.0;0.0
2021.0;0.0;0.0;0.0
2022.0;0.0;0.0;0.0
2023.0;0.0;0.0;0.0
2024.0;0.0;0.0;0.0
2025.0;0.0;0.0;0.0
2026.0;0.0;0.0;0.0
2027.0;0.0;0.0;0.0
2028.0;0.0;0.0;0.0
2029.0;0.0;0.0;0.0
2030.0;0.0;0.0;0.0
2031.0;0.0;0.0;0.0
2032.0;0.0;0.0;0.0
2033.0;0.0;0.0;0.0
2034.0;0.0;0.0;0.0
2035.0;0.0;0.0;0.0
2036.0;0.0;0.0;0.0
2037.0;0.0;0.0;0.0
2038.0;0.0;0.0;0.0
2039.0;0.0;0.0;0.0
2040.0;0.0;0.0;0.0
2041.0;0.0;0.0;0.0
2042.0;0.0;0.0;0.0
2043.0;0.0;0.0;0.0
2044.0;0.0;0.0;0.0
2045.0;0.0;0.0;0.0
2046.0;0.0;0.0;0.0
2047.0;0.0;0.0;0.0
2048.0;0.0;0.0;0.0
2049.0;0.0;0.0;0.0
2050.0;0.0;0.0;0.0
2051.0;0.0;0.0;0.0
2052.0;0.0;0.0;0.0
2053.0;0.0;0.0;0.0
2054.0;0.0;0.0;0.0
2055.0;0.0;0.0;0.0
2056.0;0.0;0.0;0.0
2057.0;0.0;0.0;0.0
2058.0;0.0;0.0;0.0
2059.0;0.0;0.0;0.0
2060.0;0.0;0.0;0.0
2061.0;0.0;0.0;0.0
2062.0;0.0;0.0;0.0
2063.0;0.0;0.0;0.0
2064.0;0.0;0.0;0.0
2065.0;0.0;0.0;0.0
2066.0;0.0;0.0;0.0
2067.0;0.0;0.0;0.0
2068.0;0.0;0.0;0.0
2069.0;0.0;0.0;0.0
2070.0;0.0;0.0;0.0
2071.0;0.0;0.0;0.0
2072.0;0.0;0.0;0.0
2073.0;0.0;0.0;0.0
2074.0;0.0;0.0;0.0
2075.0;0.0;0.0;0.0
2076.0;0.0;0.0;0.0
2077.0;0.0;0.0;0.0
2078.0;0.0;0.0;0.0
2079.0;0.0;0.0;0.0
2080.0;0.0;0.0;0.0
2081.0;0.0;0.0;0.0
2082.0;0.0;0.0;0.0
2083.0;0.0;0.0;0.0
2084.0;0.0;0.0;0.0
2085.0;0.0;0.0;0.0
2086.0;0.0;0.0;0.0
2087.0;0.0;0.0;0.0
2088.0;0.0;0.0;0.0
2089.0;0.0;0.0;0.0
2090.0;0.0;0.0;0.0
2091.0;0.0;0.0;0.0
2092.0;0.0;0.0;0.0
2093.0;0.0;0.0;0.0
2094.0;0.0;0.0;0.0
2095.0;0.0;0.0;0.0
2096.0;0.0;0.0;0.0
2097.0;0.0;0.0;0.0
2098.0;0.0;0.0;0.0
2099.0;0.0;0.0;0.0
2100.0;0.0;0.0;0.0
2101.0;0.0;0.0;0.0
2102.0;0.0;0.0;0.0
2103.0;0.0;0.0;0.0
2104.0;0.0;0.0;0.0
2105.0;0.0;0.0;0.0
2106.0;0.0;0.0;0.0
2107.0;0.0;0.0;0.0
2108.0;0.0;0.0;0.0
2109.0;0.0;0.0;0.0
2110.0;0.0;0.0;0.0
2111.0;0.0;0.0;0.0
2112.0;0.0;0.0;0.0
2113.0;0.0;0.0;0.0
2114.0;0.0;0.0;0.0
2115.0;0.0;0.0;0.0
2116.0;0.0;0.0;0.0
2117.0;0.0;0.0;0.0
2118.0;0.0;0.0;0.0
2119.0;0.0;0.0;0.0
2120.0;0.0;0.0;0.0
2121.0;0.0;0.0;0.0
2122.0;0.0;0.0;0.0
2123.0;0.0;0.0;0.0
2124.0;0.0;0.0;0.0
2125.0;0.0;0.0;0.0
2126.0;0.0;0.0;0.0
2127.0;0.0;0.0;0.0
2128.0;0.0;0.0;0.0
2129.0;0.0;0.0;0.0
2130.0;0.0;0.0;0.0
2131.0;0.0;0.0;0.0
2132.0;0.0;0.0;0.0
2133.0;0.0;0.0;0.0
2134.0;0.0;0.0;0.0
2135.0;0.0;0.0;0.0
2136.0;0.0;0.0;0.0
2137.0;0.0;0.0;0.0
2138.0;0.0;0.0;0.0
2139.0;0.0;0.0;0.0
2140.0;0.0;0.0;0.0
2141.0;0.0;0.0;0.0
2142.0;0.0;0.0;0.0
2143.0;0.0;0.0;0.0
2144.0;0.0;0.0;0.0
2145.0;0.0;0.0;0.0
2146.0;0.0;0.0;0.0
2147.0;0.0;0.0;0.0
2148.0;0.0;0.0;0.0
2149.0;0.0;0.0;0.0
2150.0;0.0;0.0;0.0
2151.0;0.0;0.0;0.0
2152.0;0.0;0.0;0.0
2153.0;0.0;0.0;0.0
2154.0;0.0;0.0;0.0
2155.0;0.0;0.0;0.0
2156.0;0.0;0.0;0.0
2157.0;0.0;0.0;0.0
2158.0;0.0;0.0;0.0
2159.0;0.0;0.0;0.0
2160.0;0.0;0.0;0.0
2161.0;0.0;0.0;0.0
2162.0;0.0;0.0;0.0
2163.0;0.0;0.0;0.0
2164.0;0.0;0.0;0.0
2165.0;0.0;0.0;0.0
2166.0;0.0;0.0;0.0
2167.0;0.0;0.0;0.0
2168.0;0.0;0.0;0.0
2169.0;0.0;0.0;0.0
2170.0;0.0;0.0;0.0
2171.0;0.0;0.0;0.0
2172.0;0.0;0.0;0.0
2173.0;0.0;0.0;0.0
2174.0;0.0;0.0;0.0
2175.0;0.0;0.0;0.0
2176.0;0.0;0.0;0.0
2177.0;0.0;0.0;0.0
2178.0;0.0;0.0;0.0
2179.0;0.0;0.0;0.0
2180.0;0.0;0.0;0.0
2181.0;0.0;0.0;0.0
2182.0;0.0;0.0;0.0
2183.0;0.0;0.0;0.0
2184.0;0.0;0.0;0.0
2185.0;0.0;0.0;0.0
2186.0;0.0;0.0;0.0
2187.0;0.0;0.0;0.0
2188.0;0.0;0.0;0.0
2189.0;0.0;0.0;0.0
