0.0;921.0;0.0;0.0
1.0;913.9040000000001;2.772391803592201;0.12398513066190814
2.0;906.8659999999998;3.8174848239071637;0.17072311138660465
3.0;899.9240000000003;4.753885026553712;0.21260020153184983
4.0;892.8259999999992;5.65930910616462;0.25309199734135324
5.0;885.7700000000004;6.451382850316872;0.2885146120436975
6.0;878.6359999999999;6.855472193656392;0.3065860368575059
7.0;871.6720000000003;7.25297368356656;0.32436284390943754
8.0;865.0559999999992;7.618723902847204;0.34071969097137705
9.0;858.5759999999998;7.985722730916101;0.35713237751587323
10.0;852.2899999999998;8.383702818319096;0.37493058809836133
11.0;845.9340000000001;8.608475806518998;0.3849827417207761
12.0;839.8740000000005;8.78045082175549;0.3926736982107833
13.0;833.8540000000003;9.248120862043164;0.41358853823324937
14.0;827.7059999999999;9.651417705573358;0.43162452137814156
15.0;821.8040000000001;9.985439499792074;0.44656243013493147
16.0;816.0140000000002;10.273699518849433;0.45945381009108427
17.0;810.0740000000001;10.589277103710067;0.473566868729556
18.0;804.2379999999998;10.898022287532667;0.487374373104616
19.0;798.4260000000008;11.079803612708682;0.49550388110728727
20.0;792.5279999999998;11.317127318426843;0.5061173198804466
21.0;786.6280000000007;11.594242922152176;0.5185103064315614
22.0;780.8179999999992;11.737137504246384;0.5249007464151428
23.0;774.9140000000002;11.9919229664331;0.5362950986777067
24.0;769.1120000000001;12.280597793443473;0.5492050294094705
25.0;763.46;12.43421164523416;0.5560748497072616
26.0;757.4740000000004;12.573524208512291;0.5623050969394544
27.0;751.488;12.786275206929284;0.5718196108342813
28.0;745.6799999999994;12.948858864463045;0.579090573039802
29.0;739.774;13.191928515418498;0.5899609782958729
30.0;733.852;13.336183997201548;0.5964122795637505
31.0;728.0360000000001;13.586164717958008;0.6075917572572672
32.0;722.3660000000002;13.785068015806116;0.6164869831560124
33.0;716.5199999999996;13.942538821088327;0.6235292916576656
34.0;710.5119999999997;14.005647873079251;0.626351614262611
35.0;704.4839999999999;14.243718300431377;0.6369984474424466
36.0;698.5079999999997;14.454057407908069;0.6464050982953369
37.0;692.6960000000004;14.587431930969933;0.6523697882959958
38.0;687.0719999999997;14.751747153750179;0.6597181884534888
39.0;681.23;14.779376168155373;0.6609537955407155
40.0;675.4119999999997;14.78592246043552;0.6612465546314953
41.0;669.6800000000002;14.808381962682668;0.662250974106804
42.0;663.7820000000003;14.813147358658767;0.6624640890936492
43.0;658.2480000000005;14.786066126695303;0.6612529795819543
44.0;652.6679999999996;14.705041737615367;0.6576294587455918
45.0;647.26;14.852258385791588;0.6642131874004257
46.0;641.6759999999998;15.155275938680724;0.6777645443331406
47.0;636.3239999999992;15.167172123386772;0.678296557886653
48.0;631.0959999999999;15.117004718638093;0.6760530033411971
49.0;625.8359999999998;15.300893394745069;0.6842767549425499
50.0;620.7259999999999;15.296630275834975;0.6840861024689672
51.0;615.5179999999995;15.69580812782736;0.7019378787123137
52.0;610.5219999999999;15.993783737329727;0.7152637530819982
53.0;605.5939999999991;16.215765974269132;0.7251911005138777
54.0;600.6359999999993;16.350111813459417;0.7311992290923524
55.0;595.6900000000005;16.310916344092032;0.7294463544140426
56.0;590.8139999999997;16.412377532598548;0.7339838367056124
57.0;585.7959999999995;16.637306992657653;0.7440429879623021
58.0;580.9520000000007;16.842358090603103;0.753213151839642
59.0;576.1460000000002;16.8894995304413;0.7553213811203504
60.0;571.2160000000001;17.141090337429297;0.7665728640591343
61.0;566.3939999999997;17.374997700436648;0.7770335193415774
62.0;561.6059999999995;17.571347943088305;0.7858145691409311
63.0;556.6780000000005;17.78017393532307;0.7951535514230467
64.0;551.8319999999998;17.898505216301047;0.8004454871856743
65.0;547.0980000000001;18.000679011908947;0.805014838235643
66.0;542.2179999999988;18.098330728282676;0.8093819557542667
67.0;537.4259999999999;18.076782460611085;0.8084182879280459
68.0;532.6419999999994;18.18304380911868;0.8131704399009215
69.0;527.9620000000009;18.325835000264306;0.8195562561007173
70.0;523.1379999999998;18.406644591838567;0.8231701709005981
71.0;518.3219999999999;18.32697662311731;0.819607311026797
72.0;513.6359999999999;18.371677688283246;0.8216064034343505
73.0;509.1440000000002;18.44624058129911;0.8249409573820009
74.0;504.66599999999977;18.45512468813225;0.8253382667179664
75.0;500.2080000000001;18.32190274618008;0.8193804003519746
76.0;495.6799999999999;18.299709252265053;0.8183878771309301
77.0;491.35199999999986;18.27490191711463;0.8172784593761907
78.0;487.01000000000005;18.284927594997693;0.8177268213215317
79.0;482.77799999999985;18.255169635938042;0.816396004934951
80.0;478.6179999999998;18.14669891089631;0.8115450466397108
81.0;474.62000000000006;18.085069518222976;0.808788896411119
82.0;470.43399999999997;17.978879949777095;0.8040399545401917
83.0;466.48599999999993;18.14707791556942;0.8115619962439682
84.0;462.4839999999998;18.179293645102657;0.8130027274675895
85.0;458.694;18.247583747588333;0.8160567536945575
86.0;454.9380000000002;18.1547058000225;0.8119031256072002
87.0;451.08999999999975;18.095657092551853;0.8092623871294429
88.0;447.44400000000036;18.098341468981502;0.8093824360929207
89.0;443.922;18.223284341313697;0.8149700512096981
90.0;440.3680000000001;18.106470239366296;0.8097459657559984
91.0;436.95600000000013;18.12598042403955;0.810618487739658
92.0;433.6499999999995;17.994975361932376;0.8047597632542934
93.0;430.3979999999996;17.886515896110218;0.7999093084866602
94.0;427.134;17.76454903465914;0.7944547846225221
95.0;423.93199999999985;17.71934893423871;0.792433374679924
96.0;420.77000000000015;17.7569061334136;0.7941129836879152
97.0;417.8320000000003;17.6959336610497;0.791386211828677
98.0;414.7539999999999;17.73444402878252;0.793108447830459
99.0;411.86999999999995;17.758373226151058;0.7941785940697201
100.0;409.03400000000045;17.58531576802995;0.7864392292622778
101.0;406.2899999999999;17.492680977355974;0.7822964754817083
102.0;403.67799999999994;17.451516462866692;0.7804555424285321
103.0;401.0299999999999;17.408941452166758;0.7785515300671755
104.0;398.3980000000003;17.380095841592063;0.7772615151452253
105.0;395.7939999999998;17.25163185334089;0.7715164309374182
106.0;393.39399999999995;17.012749080102402;0.7608332685451197
107.0;390.8299999999999;16.963154105130002;0.7586153138375059
108.0;388.2720000000004;16.948643870767842;0.7579663964294411
109.0;385.8659999999998;16.772437907075204;0.7500862261722891
110.0;383.45800000000025;16.7085183415628;0.7472276563007294
111.0;381.06000000000006;16.654342805062512;0.7448048526540861
112.0;378.8159999999998;16.58276575968198;0.7416038298720969
113.0;376.5219999999999;16.169862240902965;0.7231382231493222
114.0;374.4359999999998;16.134886834009478;0.7215740754022312
115.0;372.3079999999999;16.0378165321292;0.7172329595302165
116.0;370.2080000000001;15.849136451318252;0.708794929796348
117.0;368.23399999999975;15.672475777425467;0.7008944242808441
118.0;366.25200000000035;15.529934117935412;0.6945197674759362
119.0;364.34000000000003;15.359825796440335;0.6869122920679087
120.0;362.44800000000026;15.048595164760929;0.6729936350856016
121.0;360.5699999999998;14.82919113841479;0.6631815887366592
122.0;358.81600000000026;14.732421133843872;0.6588539025685884
123.0;357.08200000000005;14.551658927940485;0.6507699709653327
124.0;355.33799999999974;14.374317305388505;0.642839012500006
125.0;353.6859999999998;14.30484747638525;0.6397322272992747
126.0;352.00999999999993;14.129443809461499;0.6318879368443899
127.0;350.4540000000001;14.1025404553431;0.6306847822717602
128.0;348.87200000000024;14.026728564724445;0.6272943714532383
129.0;347.45999999999987;13.95499493971729;0.6240863462174687
130.0;345.9580000000002;13.866824208421132;0.6201432312413873
131.0;344.5400000000002;13.868853239556639;0.6202339722723363
132.0;343.082;13.856958779372416;0.6197020358417846
133.0;341.7540000000001;13.793258932680418;0.6168532920945922
134.0;340.2780000000001;13.766617431708545;0.6156618479506775
135.0;338.94000000000017;13.824566440744139;0.6182534064193242
136.0;337.6820000000001;13.852821999676072;0.6195170334296053
137.0;336.3719999999997;13.810252065920045;0.6176132481160825
138.0;335.10600000000005;13.854915422431317;0.6196106541413328
139.0;333.80200000000013;13.874573997323827;0.6204898123373412
140.0;332.48799999999983;13.869917274822548;0.620281557376037
141.0;331.3139999999998;13.904462310506249;0.6218264583375152
142.0;330.1019999999999;13.925927578363881;0.6227864142992133
143.0;328.80200000000013;13.999813769159303;0.6260907052035549
144.0;327.57800000000003;14.053430678224284;0.6284885262718094
145.0;326.3519999999997;14.151346834646834;0.6328674699089359
146.0;325.07399999999967;14.108814311718938;0.630965357658509
147.0;323.8299999999999;14.13976541290073;0.6323495329829282
148.0;322.596;14.179241367983801;0.6341149513637777
149.0;321.34800000000024;14.261053653310656;0.6377737079914869
150.0;320.07400000000007;14.313429796701088;0.6401160403318925
151.0;318.868;14.411313191232493;0.6444935188127056
152.0;317.6039999999997;14.44730539811951;0.6461031392378978
153.0;316.3619999999996;14.546689256895327;0.650547720519677
154.0;315.1000000000001;14.663288309519675;0.6557621886752794
155.0;313.8920000000001;14.710442898176838;0.6578710059890485
156.0;312.53400000000033;14.745022053245684;0.6594174328158174
157.0;311.2580000000001;14.765753993005694;0.6603445933479937
158.0;310.09399999999994;14.816078981727438;0.6625951952629683
159.0;308.83399999999995;14.891001573289548;0.665945835418635
160.0;307.6460000000001;14.923474937440567;0.6673980884126305
161.0;306.50000000000006;14.98342437535638;0.6700791087804838
162.0;305.2199999999999;15.161244231701653;0.6780314545112294
163.0;303.9100000000002;15.254615911691337;0.6822071629838351
164.0;302.6439999999997;15.313074299074573;0.6848215015447138
165.0;301.4020000000002;15.383162202834544;0.687955927888869
166.0;300.1980000000001;15.466130686011722;0.6916663912563533
167.0;298.98200000000026;15.557433705048329;0.6957495863986894
168.0;297.69000000000034;15.500012929078574;0.6931816512309064
169.0;296.43600000000004;15.611192223699328;0.698153740440156
170.0;295.15999999999997;15.724277592678892;0.703211071886135
171.0;293.88000000000005;15.798886341107668;0.7065476765501935
172.0;292.6979999999999;15.889989916897948;0.7106219523194008
173.0;291.51999999999987;15.910999963537167;0.7115615501693155
174.0;290.3099999999997;16.05045588974149;0.7177982087864767
175.0;289.18200000000013;16.12354841923001;0.7210670060781514
176.0;287.9579999999999;16.191744228535875;0.7241168153859221
177.0;286.6720000000002;16.300301090202677;0.7289716258281422
178.0;285.44199999999995;16.33181227495495;0.730380848851295
179.0;284.2620000000002;16.42122618255643;0.734379560361911
180.0;282.9640000000003;16.43151524926332;0.7348397014135437
181.0;281.7200000000006;16.430993734714274;0.7348163785738853
182.0;280.4780000000004;16.5632786730406;0.7407323408638259
183.0;279.3499999999999;16.550871962692806;0.7401774959095295
184.0;278.108;16.54605329858209;0.7399619986992836
185.0;276.9659999999998;16.667106193269287;0.7453756487271574
186.0;275.6959999999998;16.73187063630305;0.7482720026701256
187.0;274.4160000000002;16.789840424583137;0.7508644904148365
188.0;273.186;16.798684341078097;0.7512600023842377
189.0;271.85799999999995;16.789807362281607;0.7508630118237622
190.0;270.64600000000047;16.81720311589538;0.7520881871712669
191.0;269.4839999999999;16.873030026778498;0.7545848425254363
192.0;268.2019999999997;16.896988264920175;0.7556562875075546
193.0;266.9180000000001;16.910091021538385;0.7562422605973738
194.0;265.7240000000003;16.912832755740425;0.7563648746784137
195.0;264.5240000000001;16.98205536467297;0.7594606038614748
196.0;263.2580000000004;16.975150882834285;0.7591518260466605
197.0;261.9820000000003;17.02590493564896;0.7614216162912051
198.0;260.7580000000005;17.17548924664807;0.7681112300464347
199.0;259.4600000000002;17.230501454128422;0.7705714507568024
200.0;258.298;17.329911935592484;0.775017222641395
201.0;257.0960000000006;17.426938353041862;0.7793563759419966
202.0;255.94;17.446063460291587;0.7802116767397438
203.0;254.70999999999998;17.604935885571134;0.7873166675932503
204.0;253.50200000000007;17.663691800301315;0.7899443119815875
205.0;252.2439999999999;17.70648194887998;0.7918579456013718
206.0;250.982;17.705497600761788;0.7918139242152558
207.0;249.7679999999999;17.721576808205835;0.79253300823264
208.0;248.61200000000005;17.791417173741394;0.7956563643308588
209.0;247.276;17.892571425718796;0.8001801200035511
210.0;246.0819999999999;17.918186258592005;0.8013256501542869
211.0;244.92800000000014;18.02032964629455;0.805893641321387
212.0;243.65399999999988;18.0787157709793;0.8085047481961447
213.0;242.4580000000001;18.148911868318937;0.811644013104277
214.0;241.32399999999993;18.17359576876113;0.8127479106910486
215.0;240.11400000000006;18.1971226997319;0.8138000670301003
216.0;238.8859999999999;18.330330221030493;0.8197572884848585
217.0;237.59000000000023;18.423266091193863;0.8239135069495263
218.0;236.37800000000007;18.418621208288883;0.8237057814710651
219.0;235.14800000000008;18.5131187846421;0.8279318415597604
220.0;233.96200000000005;18.61358339960224;0.8324247557274448
221.0;232.64400000000018;18.68130740855645;0.8354534654820531
222.0;231.42199999999985;18.68137853070847;0.8354566461613856
223.0;230.20599999999993;18.72669062818542;0.8374830647646168
224.0;228.95600000000007;18.815155704068363;0.8414393432307955
225.0;227.84600000000003;18.8799148931542;0.8443354622100694
226.0;226.5499999999999;18.892786315138885;0.8449110897005662
227.0;225.37200000000018;18.929719611477037;0.8465627969254712
228.0;224.15599999999998;19.015120657709595;0.8503820478199833
229.0;222.89000000000004;19.149394209666124;0.8563869436150862
230.0;221.72799999999984;19.20102535672248;0.8586959587065722
231.0;220.56599999999995;19.22271233043551;0.859665829655544
232.0;219.35799999999975;19.350936760452036;0.8654002004934063
233.0;218.25000000000014;19.486481105930437;0.8714619279025148
234.0;217.03000000000006;19.533258724359992;0.8735538865951954
235.0;215.73400000000007;19.645129325418683;0.8785568919682152
236.0;214.5519999999999;19.65308585355324;0.8789127187236904
237.0;213.33800000000014;19.761700473674388;0.8837701122025144
238.0;212.06599999999995;19.807228392513334;0.885806182630474
239.0;210.84399999999994;19.776396935526527;0.8844273579571168
240.0;209.63399999999996;19.851857255001256;0.8878020460361037
241.0;208.43000000000012;19.976366296722784;0.8933702596581575
242.0;207.1960000000001;20.038479616244885;0.8961480517533492
243.0;206.05999999999986;20.114312594326577;0.8995394056318875
244.0;204.81999999999994;20.18550244650938;0.9027231126076656
245.0;203.60599999999988;20.300615606133125;0.9078711296081352
246.0;202.3340000000001;20.404193348731635;0.9125032670762602
247.0;201.06999999999996;20.420457638857183;0.9132306282427902
248.0;199.87199999999996;20.49614109043939;0.9166152950929828
249.0;198.67000000000007;20.568793122130486;0.919864392724278
250.0;197.49799999999968;20.64001007829367;0.9230493118269081
251.0;196.28000000000006;20.68800587718277;0.9251957492059169
252.0;195.10200000000015;20.77196536416764;0.9289505316110004
253.0;193.858;20.860876980049365;0.9329267799530181
254.0;192.712;20.835866256176875;0.9318082663781108
255.0;191.426;20.833160229073766;0.9316872491670806
256.0;190.14;20.877263236365078;0.9336595956133914
257.0;188.99999999999997;20.881668711488377;0.933856614450369
258.0;187.728;20.927157184281658;0.9358909207975376
259.0;186.55000000000004;20.96574885975935;0.9376167929922122
260.0;185.30800000000005;20.998452467075385;0.9390793427735744
261.0;184.04400000000024;21.0657445914067;0.9420887380606782
262.0;182.79200000000003;21.065808138903442;0.9420915799911286
263.0;181.51400000000007;21.078957490772552;0.9426796368839164
264.0;180.3879999999999;21.098619848678222;0.9435589642614166
265.0;179.182;21.196969099331064;0.947957276461335
266.0;177.986;21.204742068045647;0.9483048941899908
267.0;176.75400000000013;21.24806920380719;0.9502425426066542
268.0;175.4979999999999;21.30798104260994;0.9529218814910533
269.0;174.3240000000001;21.32605507942106;0.9537301769898033
270.0;172.9980000000002;21.354109487027717;0.9549848082393427
271.0;171.84199999999996;21.395433277460427;0.9568328643292526
272.0;170.58599999999996;21.382540308862275;0.9562562732449079
273.0;169.3359999999999;21.409620447251992;0.9574673338504981
274.0;168.02600000000007;21.48806174589022;0.9609753353704669
275.0;166.84199999999987;21.50213290440922;0.96160461670988
276.0;165.63799999999998;21.584130869942896;0.9652716772088797
277.0;164.4400000000002;21.57501709675917;0.9648640968814731
278.0;163.26000000000008;21.721972474348473;0.9714361411604497
279.0;162.01399999999992;21.75095427846898;0.9727322468429306
280.0;160.894;21.798833507428068;0.9748734710561865
281.0;159.63000000000014;21.868552012748076;0.9779913773998908
282.0;158.4080000000001;21.973967472738863;0.9827057000882671
283.0;157.13199999999998;21.969795625805883;0.9825191294215897
284.0;155.83400000000006;21.936290609202423;0.9810207395273378
285.0;154.66200000000012;21.978577564152943;0.9829118696439545
286.0;153.47600000000003;22.00768275399299;0.9842134933035621
287.0;152.25800000000015;22.07446488592645;0.9872000810372736
288.0;151.04200000000003;22.126622218984153;0.989532627882116
289.0;149.8560000000001;22.23213439144336;0.9942512756835654
290.0;148.62599999999983;22.290892574851444;0.9968790215302629
291.0;147.3740000000001;22.344768994169655;0.999288448249859
292.0;146.09799999999987;22.537708237200402;1.007916953508741
293.0;144.83599999999996;22.52714025561594;1.0074443390045846
294.0;143.68600000000012;22.597271458180728;1.010580701730158
295.0;142.42600000000004;22.697464037805958;1.0150614501078195
296.0;141.21800000000007;22.76794313215266;1.0182133710268564
297.0;140.01;22.843764469769443;1.0216042043279783
298.0;138.75600000000006;22.952780316303663;1.0264795411974823
299.0;137.5180000000001;23.00347791078522;1.0287468065486118
300.0;136.29800000000003;23.05967678409161;1.0312600965680516
301.0;135.07799999999995;23.214084160414636;1.0381654043617652
302.0;133.89999999999998;23.304682285602304;1.0422170756928384
303.0;132.67999999999992;23.324013789193252;1.0430816068155713
304.0;131.476;23.357494924290933;1.0445789286964164
305.0;130.27400000000003;23.288960375051115;1.0415139704782657
306.0;129.08800000000005;23.32836645294148;1.043276263856056
307.0;127.88000000000005;23.379881044935853;1.0455800664467076
308.0;126.66799999999999;23.370368509043587;1.0451546529088374
309.0;125.43999999999997;23.540235456994512;1.052751333763811
310.0;124.16400000000006;23.512097768658734;1.051492978086841
311.0;122.98199999999994;23.584276800963156;1.0547209225424978
312.0;121.65200000000006;23.625647895390166;1.056571094131345
313.0;120.41399999999994;23.747051372703012;1.0620004226908726
314.0;119.13599999999995;23.826138456482933;1.0655373046003551
315.0;117.90600000000003;23.882837852478414;1.0680729786749366
316.0;116.63599999999987;23.94958599514149;1.0710580463622663
317.0;115.36400000000005;24.038035658444155;1.0750136355569009
318.0;114.09599999999998;24.06967974373427;1.0764288020727908
319.0;112.82000000000001;24.07951923301181;1.07686883741056
320.0;111.57200000000002;24.16304039317246;1.0806040172441371
321.0;110.28999999999998;24.16513620104862;1.0806977446217148
322.0;108.93199999999997;24.267864233775047;1.085291881909137
323.0;107.64999999999998;24.304504064795722;1.0869304649660636
324.0;106.47799999999995;24.354050084349858;1.0891462303208153
325.0;105.24800000000003;24.313634068217908;1.0873387711317999
326.0;103.974;24.310477630957617;1.0871976109661856
327.0;102.67600000000002;24.330865295176498;1.0881093750281026
328.0;101.4699999999999;24.33980180494096;1.0885090278944012
329.0;100.21600000000004;24.480849003575663;1.0948168503780635
330.0;98.95200000000008;24.59054871637363;1.0997227706766326
331.0;97.67600000000002;24.724757861354377;1.105724786104214
332.0;96.44000000000008;24.790149313911204;1.1086491807655046
333.0;95.16999999999992;24.863174674804103;1.111914974186264
334.0;93.95800000000003;24.904632449302884;1.1137690222257666
335.0;92.75800000000005;24.83644769826266;1.1107197074586699
336.0;91.49400000000006;24.828912860366145;1.110382739263949
337.0;90.18600000000006;24.897372598823534;1.1134443518422004
338.0;88.91;24.95137355105262;1.1158593478428795
339.0;87.652;25.050548016197656;1.1202945647568092
340.0;86.38600000000001;25.065785269613322;1.1209759954453655
341.0;85.21599999999994;25.158761307764777;1.125134010277071
342.0;84.0000000000001;25.22635006248327;1.128156671278373
343.0;82.78399999999993;25.249086651867383;1.1291734824671606
344.0;81.52599999999994;25.27478889937194;1.130322921919055
345.0;80.23399999999998;25.388667015533766;1.1354157060968042
346.0;79.01400000000004;25.438081609901023;1.1376255939385194
347.0;77.79200000000009;25.459558405998642;1.138586065458783
348.0;76.58599999999997;25.491768564167106;1.140026547523397
349.0;75.408;25.46579174300685;1.1388648287643233
350.0;74.15599999999998;25.557269259919934;1.1429558276889342
351.0;72.92999999999988;25.566156471269355;1.1433532758630884
352.0;71.64400000000003;25.72112782973695;1.150283805705069
353.0;70.426;25.81032486698838;1.1542728184787847
354.0;69.22200000000001;25.863537289439833;1.1566525503557623
355.0;67.962;25.84307033943796;1.1557372405258368
356.0;66.7419999999999;25.86374494548709;1.1566618370165145
357.0;65.47199999999995;25.995783841906174;1.162566795977857
358.0;64.18800000000002;26.027052674897387;1.1639651807007658
359.0;62.88400000000001;26.03717367199543;1.1644178054509917
360.0;61.65200000000002;26.01531258658938;1.1634401479903949
361.0;60.39599999999998;26.043958215275914;1.1647212194504208
362.0;59.19999999999999;26.00909352306965;1.1631620230146646
363.0;57.94999999999997;25.935550998797428;1.1598731013444723
364.0;56.73600000000006;25.925481000943083;1.1594227573497604
365.0;55.49799999999998;25.972430195507712;1.1615223891604678
366.0;54.378;26.049496512160744;1.164968899616702
367.0;53.19;26.053319383560396;1.1651398636230792
368.0;52.144000000000034;26.043651963870786;1.1647075234712194
369.0;50.95599999999995;25.999191909748276;1.1627192094051944
370.0;49.67600000000001;25.93206447500606;1.1597171792604188
371.0;48.379999999999995;25.8761424771738;1.1572162714886083
372.0;47.15400000000002;25.823244643689833;1.154850608457956
373.0;46.03000000000006;25.755150077431537;1.1518053268769177
374.0;44.94600000000003;25.710564954909113;1.1498114195820117
375.0;43.66999999999999;25.599448500447313;1.1448421406701048
376.0;42.46000000000003;25.495184031844808;1.140179291881443
377.0;41.263999999999996;25.410582429350118;1.1363957931977722
378.0;40.184;25.40458481966828;1.1361275719387502
379.0;39.06600000000001;25.290648029568366;1.1310321637827194
380.0;37.94000000000003;25.17419074686452;1.1258240357707054
381.0;36.90200000000003;24.9990860754792;1.1179931168027986
382.0;35.81200000000002;24.86743723968636;1.1121056018829687
383.0;34.69000000000002;24.794584950867232;1.1088475484806481
384.0;33.540000000000006;24.5686719070966;1.0987444100231478
385.0;32.395999999999994;24.392071053121366;1.0908465797356852
386.0;31.360000000000003;24.223210519163466;1.0832949070827496
387.0;30.229999999999997;24.0186363014131;1.0741460699360763
388.0;29.314000000000004;23.91835235040903;1.0696612353061292
389.0;28.364;23.703823457260775;1.0600672115417835
390.0;27.289999999999996;23.488919913811174;1.0504564329066057
391.0;26.310000000000002;23.22310326054854;1.038568750781671
392.0;25.34200000000002;22.980104577934906;1.0277015193263312
393.0;24.323999999999984;22.816314171766866;1.0203765896812504
394.0;23.362000000000013;22.501546506637734;1.0062997517542978
395.0;22.47000000000002;22.245782739643005;0.9948616483706653
396.0;21.51799999999999;21.929785840587414;0.9807298374313165
397.0;20.680000000000014;21.590040753074984;0.9655359752173283
398.0;19.74600000000001;21.193390564211622;0.9477972395055961
399.0;18.841999999999988;20.814117588357288;0.9308356363848176
400.0;18.046;20.506509157720423;0.9170789691576964
401.0;17.278000000000034;20.24322831430725;0.9053046918967897
402.0;16.532000000000007;19.91467208689758;0.8906112107184116
403.0;15.778;19.565027385444324;0.8749746243099698
404.0;14.97;19.15742973961948;0.856746303439305
405.0;14.166000000000011;18.79758341608221;0.8406534866216507
406.0;13.392;18.436543827317347;0.8245073053607146
407.0;12.688;18.095124289324243;0.8092385594447316
408.0;12.088;17.762637150972655;0.7943692825847609
409.0;11.475999999999988;17.331884272197584;0.7751054282158653
410.0;10.822;16.89405618164381;0.7555251607571217
411.0;10.196000000000009;16.370141938730654;0.7320950035264387
412.0;9.715999999999992;16.027760986628458;0.7167832618644066
413.0;9.211999999999998;15.679500932714602;0.701208598776424
414.0;8.768000000000004;15.326185432776143;0.6854078492690897
415.0;8.335999999999991;14.968607899363581;0.6694164958303459
416.0;7.901999999999997;14.49747390061448;0.6483467428760601
417.0;7.446000000000002;14.017133947001309;0.6268652871042972
418.0;7.024000000000006;13.598723269082956;0.6081533927375531
419.0;6.608;13.144881582716796;0.5878569755027956
420.0;6.223999999999998;12.76054414881857;0.5706688829329103
421.0;5.887999999999998;12.388963994528178;0.5540513132512467
422.0;5.556000000000001;11.96801281171284;0.5352258040515661
423.0;5.263999999999997;11.63309769252574;0.52024794458767
424.0;4.960000000000002;11.252895418985345;0.5032447820109441
425.0;4.635999999999996;10.916310533845333;0.48819224834350367
426.0;4.3180000000000005;10.536931709929581;0.47122591155351273
427.0;4.030000000000003;10.181376176219175;0.455324984690459
428.0;3.787999999999998;9.889320164026103;0.4422638427604347
429.0;3.541999999999999;9.584359963598178;0.42862560798865873
430.0;3.2939999999999996;9.195470480334844;0.4112339415824271
431.0;3.0499999999999994;8.813561012180651;0.3941544309415557
432.0;2.8320000000000003;8.479361718331196;0.37920858415995956
433.0;2.6279999999999997;8.141140727483428;0.3640828816209007
434.0;2.444000000000003;7.874699090856938;0.3521672493902381
435.0;2.295999999999999;7.632883191273354;0.341352913600055
436.0;2.1480000000000006;7.431591559431424;0.33235087815804665
437.0;1.9880000000000013;7.114568868200008;0.3181731923979792
438.0;1.848000000000002;6.846798763408579;0.3061981492648616
439.0;1.722000000000001;6.623628984313937;0.296217693333277
440.0;1.6060000000000008;6.405374434276779;0.28645705312764275
441.0;1.5160000000000005;6.21602944363105;0.2779892877219845
442.0;1.37;5.953821965089647;0.2662630127974366
443.0;1.2579999999999998;5.745036718227968;0.2569258527038008
444.0;1.1539999999999992;5.475604852159622;0.244876493347132
445.0;1.0719999999999996;5.268237337981139;0.2356027361865672
446.0;0.9699999999999998;5.010320011059818;0.224068322675145
447.0;0.8840000000000006;4.764866409859531;0.2130913039230257
448.0;0.7900000000000004;4.584313674229487;0.20501674011517917
449.0;0.7340000000000003;4.444181082154727;0.19874982008033093
450.0;0.6839999999999999;4.260569081448577;0.19053844177905713
451.0;0.6200000000000002;4.014452847316389;0.17953178918134058
452.0;0.5680000000000007;3.8250016045158874;0.17105927203486582
453.0;0.5280000000000006;3.625396944613377;0.162132680271511
454.0;0.5020000000000001;3.5103619873974714;0.1569881605890401
455.0;0.4739999999999999;3.3787802995497125;0.15110364861660516
456.0;0.428;3.2133264592735893;0.1437043279366891
457.0;0.40599999999999997;3.1094213291228314;0.13905754925212793
458.0;0.36999999999999983;2.981758166506309;0.13334827905546487
459.0;0.33800000000000013;2.8148895549226847;0.125885687879225
460.0;0.30400000000000005;2.6829051343496735;0.1199831651517815
461.0;0.27799999999999997;2.584196614866712;0.11556878596133624
462.0;0.25999999999999984;2.5085824626557307;0.11218721827324082
463.0;0.23999999999999977;2.4054047359826534;0.10757297006114294
464.0;0.22400000000000028;2.331672660299807;0.10427557139416287
465.0;0.2180000000000001;2.2823001090073918;0.10206756377591415
466.0;0.1999999999999999;2.1243883948337254;0.09500553722919745
467.0;0.18799999999999986;2.0011659927805394;0.08949486388236279
468.0;0.172;1.8420647124380884;0.08237963831930335
469.0;0.15999999999999995;1.7217225843075379;0.07699777473816534
470.0;0.14200000000000004;1.5946541454771233;0.07131510139777372
471.0;0.12400000000000017;1.42572415942128;0.06376032275259458
472.0;0.11200000000000003;1.3531881748200978;0.060516414904932155
473.0;0.0979999999999999;1.247199668869446;0.05577646482214619
474.0;0.08000000000000003;1.0371844112818185;0.046384296976584916
475.0;0.07200000000000004;0.9719595726271967;0.04346735351552111
476.0;0.066;0.8984756630171282;0.04018105317270985
477.0;0.057999999999999996;0.8099061030709569;0.036220102037172214
478.0;0.04399999999999998;0.6655448142684302;0.029764068935533634
479.0;0.04200000000000002;0.6364323154777489;0.028462118409716762
480.0;0.03800000000000002;0.607696132272007;0.027176997228478227
481.0;0.03200000000000002;0.5210748872054307;0.02330317738318757
482.0;0.024000000000000014;0.3843428663026745;0.017188335514397867
483.0;0.022;0.3489405666271495;0.015605096541712016
484.0;0.01600000000000001;0.26053744360271536;0.011651588691593785
485.0;0.012;0.19983961505038733;0.008937099277001122
486.0;0.006000000000000001;0.1341640786499874;0.006
487.0;0.006000000000000001;0.1341640786499874;0.006
488.0;0.0;0.0;0.0
489.0;0.0;0.0;0.0
490.0;0.0;0.0;0.0
491.0;0.0;0.0;0.0
492.0;0.0;0.0;0.0
493.0;0.0;0.0;0.0
494.0;0.0;0.0;0.0
495.0;0.0;0.0;0.0
496.0;0.0;0.0;0.0
497.0;0.0;0.0;0.0
498.0;0.0;0.0;0.0
499.0;0.0;0.0;0.0
500.0;0.0;0.0;0.0
501.0;0.0;0.0;0.0
502.0;0.0;0.0;0.0
503.0;0.0;0.0;0.0
504.0;0.0;0.0;0.0
505.0;0.0;0.0;0.0
506.0;0.0;0.0;0.0
507.0;0.0;0.0;0.0
508.0;0.0;0.0;0.0
509.0;0.0;0.0;0.0
510.0;0.0;0.0;0.0
511.0;0.0;0.0;0.0
512.0;0.0;0.0;0.0
513.0;0.0;0.0;0.0
514.0;0.0;0.0;0.0
515.0;0.0;0.0;0.0
516.0;0.0;0.0;0.0
517.0;0.0;0.0;0.0
518.0;0.0;0.0;0.0
519.0;0.0;0.0;0.0
520.0;0.0;0.0;0.0
521.0;0.0;0.0;0.0
522.0;0.0;0.0;0.0
523.0;0.0;0.0;0.0
524.0;0.0;0.0;0.0
525.0;0.0;0.0;0.0
526.0;0.0;0.0;0.0
527.0;0.0;0.0;0.0
528.0;0.0;0.0;0.0
529.0;0.0;0.0;0.0
530.0;0.0;0.0;0.0
531.0;0.0;0.0;0.0
532.0;0.0;0.0;0.0
533.0;0.0;0.0;0.0
534.0;0.0;0.0;0.0
535.0;0.0;0.0;0.0
536.0;0.0;0.0;0.0
537.0;0.0;0.0;0.0
538.0;0.0;0.0;0.0
539.0;0.0;0.0;0.0
540.0;0.0;0.0;0.0
541.0;0.0;0.0;0.0
542.0;0.0;0.0;0.0
543.0;0.0;0.0;0.0
544.0;0.0;0.0;0.0
545.0;0.0;0.0;0.0
546.0;0.0;0.0;0.0
547.0;0.0;0.0;0.0
548.0;0.0;0.0;0.0
549.0;0.0;0.0;0.0
550.0;0.0;0.0;0.0
551.0;0.0;0.0;0.0
552.0;0.0;0.0;0.0
553.0;0.0;0.0;0.0
554.0;0.0;0.0;0.0
555.0;0.0;0.0;0.0
556.0;0.0;0.0;0.0
557.0;0.0;0.0;0.0
558.0;0.0;0.0;0.0
559.0;0.0;0.0;0.0
560.0;0.0;0.0;0.0
561.0;0.0;0.0;0.0
562.0;0.0;0.0;0.0
563.0;0.0;0.0;0.0
564.0;0.0;0.0;0.0
565.0;0.0;0.0;0.0
566.0;0.0;0.0;0.0
567.0;0.0;0.0;0.0
568.0;0.0;0.0;0.0
569.0;0.0;0.0;0.0
570.0;0.0;0.0;0.0
571.0;0.0;0.0;0.0
572.0;0.0;0.0;0.0
573.0;0.0;0.0;0.0
574.0;0.0;0.0;0.0
575.0;0.0;0.0;0.0
576.0;0.0;0.0;0.0
577.0;0.0;0.0;0.0
578.0;0.0;0.0;0.0
579.0;0.0;0.0;0.0
580.0;0.0;0.0;0.0
581.0;0.0;0.0;0.0
582.0;0.0;0.0;0.0
583.0;0.0;0.0;0.0
584.0;0.0;0.0;0.0
585.0;0.0;0.0;0.0
586.0;0.0;0.0;0.0
587.0;0.0;0.0;0.0
588.0;0.0;0.0;0.0
589.0;0.0;0.0;0.0
590.0;0.0;0.0;0.0
591.0;0.0;0.0;0.0
592.0;0.0;0.0;0.0
593.0;0.0;0.0;0.0
594.0;0.0;0.0;0.0
595.0;0.0;0.0;0.0
596.0;0.0;0.0;0.0
597.0;0.0;0.0;0.0
598.0;0.0;0.0;0.0
599.0;0.0;0.0;0.0
600.0;0.0;0.0;0.0
601.0;0.0;0.0;0.0
602.0;0.0;0.0;0.0
603.0;0.0;0.0;0.0
604.0;0.0;0.0;0.0
605.0;0.0;0.0;0.0
606.0;0.0;0.0;0.0
607.0;0.0;0.0;0.0
608.0;0.0;0.0;0.0
609.0;0.0;0.0;0.0
610.0;0.0;0.0;0.0
611.0;0.0;0.0;0.0
612.0;0.0;0.0;0.0
613.0;0.0;0.0;0.0
614.0;0.0;0.0;0.0
615.0;0.0;0.0;0.0
616.0;0.0;0.0;0.0
617.0;0.0;0.0;0.0
618.0;0.0;0.0;0.0
619.0;0.0;0.0;0.0
620.0;0.0;0.0;0.0
621.0;0.0;0.0;0.0
622.0;0.0;0.0;0.0
623.0;0.0;0.0;0.0
624.0;0.0;0.0;0.0
625.0;0.0;0.0;0.0
626.0;0.0;0.0;0.0
627.0;0.0;0.0;0.0
628.0;0.0;0.0;0.0
629.0;0.0;0.0;0.0
630.0;0.0;0.0;0.0
631.0;0.0;0.0;0.0
632.0;0.0;0.0;0.0
633.0;0.0;0.0;0.0
634.0;0.0;0.0;0.0
635.0;0.0;0.0;0.0
636.0;0.0;0.0;0.0
637.0;0.0;0.0;0.0
638.0;0.0;0.0;0.0
639.0;0.0;0.0;0.0
640.0;0.0;0.0;0.0
641.0;0.0;0.0;0.0
642.0;0.0;0.0;0.0
643.0;0.0;0.0;0.0
644.0;0.0;0.0;0.0
645.0;0.0;0.0;0.0
646.0;0.0;0.0;0.0
647.0;0.0;0.0;0.0
648.0;0.0;0.0;0.0
649.0;0.0;0.0;0.0
650.0;0.0;0.0;0.0
651.0;0.0;0.0;0.0
652.0;0.0;0.0;0.0
653.0;0.0;0.0;0.0
654.0;0.0;0.0;0.0
655.0;0.0;0.0;0.0
656.0;0.0;0.0;0.0
657.0;0.0;0.0;0.0
658.0;0.0;0.0;0.0
659.0;0.0;0.0;0.0
660.0;0.0;0.0;0.0
661.0;0.0;0.0;0.0
662.0;0.0;0.0;0.0
663.0;0.0;0.0;0.0
664.0;0.0;0.0;0.0
665.0;0.0;0.0;0.0
666.0;0.0;0.0;0.0
667.0;0.0;0.0;0.0
668.0;0.0;0.0;0.0
669.0;0.0;0.0;0.0
670.0;0.0;0.0;0.0
671.0;0.0;0.0;0.0
672.0;0.0;0.0;0.0
673.0;0.0;0.0;0.0
674.0;0.0;0.0;0.0
675.0;0.0;0.0;0.0
676.0;0.0;0.0;0.0
677.0;0.0;0.0;0.0
678.0;0.0;0.0;0.0
679.0;0.0;0.0;0.0
680.0;0.0;0.0;0.0
681.0;0.0;0.0;0.0
682.0;0.0;0.0;0.0
683.0;0.0;0.0;0.0
684.0;0.0;0.0;0.0
685.0;0.0;0.0;0.0
686.0;0.0;0.0;0.0
687.0;0.0;0.0;0.0
688.0;0.0;0.0;0.0
689.0;0.0;0.0;0.0
690.0;0.0;0.0;0.0
691.0;0.0;0.0;0.0
692.0;0.0;0.0;0.0
693.0;0.0;0.0;0.0
694.0;0.0;0.0;0.0
695.0;0.0;0.0;0.0
696.0;0.0;0.0;0.0
697.0;0.0;0.0;0.0
698.0;0.0;0.0;0.0
699.0;0.0;0.0;0.0
700.0;0.0;0.0;0.0
701.0;0.0;0.0;0.0
702.0;0.0;0.0;0.0
703.0;0.0;0.0;0.0
704.0;0.0;0.0;0.0
705.0;0.0;0.0;0.0
706.0;0.0;0.0;0.0
707.0;0.0;0.0;0.0
708.0;0.0;0.0;0.0
709.0;0.0;0.0;0.0
710.0;0.0;0.0;0.0
711.0;0.0;0.0;0.0
712.0;0.0;0.0;0.0
713.0;0.0;0.0;0.0
714.0;0.0;0.0;0.0
715.0;0.0;0.0;0.0
716.0;0.0;0.0;0.0
717.0;0.0;0.0;0.0
718.0;0.0;0.0;0.0
719.0;0.0;0.0;0.0
720.0;0.0;0.0;0.0
721.0;0.0;0.0;0.0
722.0;0.0;0.0;0.0
723.0;0.0;0.0;0.0
724.0;0.0;0.0;0.0
725.0;0.0;0.0;0.0
726.0;0.0;0.0;0.0
727.0;0.0;0.0;0.0
728.0;0.0;0.0;0.0
729.0;0.0;0.0;0.0
730.0;0.0;0.0;0.0
731.0;0.0;0.0;0.0
732.0;0.0;0.0;0.0
733.0;0.0;0.0;0.0
734.0;0.0;0.0;0.0
735.0;0.0;0.0;0.0
736.0;0.0;0.0;0.0
737.0;0.0;0.0;0.0
738.0;0.0;0.0;0.0
739.0;0.0;0.0;0.0
740.0;0.0;0.0;0.0
741.0;0.0;0.0;0.0
742.0;0.0;0.0;0.0
743.0;0.0;0.0;0.0
744.0;0.0;0.0;0.0
745.0;0.0;0.0;0.0
746.0;0.0;0.0;0.0
747.0;0.0;0.0;0.0
748.0;0.0;0.0;0.0
749.0;0.0;0.0;0.0
750.0;0.0;0.0;0.0
751.0;0.0;0.0;0.0
752.0;0.0;0.0;0.0
753.0;0.0;0.0;0.0
754.0;0.0;0.0;0.0
755.0;0.0;0.0;0.0
756.0;0.0;0.0;0.0
757.0;0.0;0.0;0.0
758.0;0.0;0.0;0.0
759.0;0.0;0.0;0.0
760.0;0.0;0.0;0.0
761.0;0.0;0.0;0.0
762.0;0.0;0.0;0.0
763.0;0.0;0.0;0.0
764.0;0.0;0.0;0.0
765.0;0.0;0.0;0.0
766.0;0.0;0.0;0.0
767.0;0.0;0.0;0.0
768.0;0.0;0.0;0.0
769.0;0.0;0.0;0.0
770.0;0.0;0.0;0.0
771.0;0.0;0.0;0.0
772.0;0.0;0.0;0.0
773.0;0.0;0.0;0.0
774.0;0.0;0.0;0.0
775.0;0.0;0.0;0.0
776.0;0.0;0.0;0.0
777.0;0.0;0.0;0.0
778.0;0.0;0.0;0.0
779.0;0.0;0.0;0.0
780.0;0.0;0.0;0.0
781.0;0.0;0.0;0.0
782.0;0.0;0.0;0.0
783.0;0.0;0.0;0.0
784.0;0.0;0.0;0.0
785.0;0.0;0.0;0.0
786.0;0.0;0.0;0.0
787.0;0.0;0.0;0.0
788.0;0.0;0.0;0.0
789.0;0.0;0.0;0.0
790.0;0.0;0.0;0.0
791.0;0.0;0.0;0.0
792.0;0.0;0.0;0.0
793.0;0.0;0.0;0.0
794.0;0.0;0.0;0.0
795.0;0.0;0.0;0.0
796.0;0.0;0.0;0.0
797.0;0.0;0.0;0.0
798.0;0.0;0.0;0.0
799.0;0.0;0.0;0.0
800.0;0.0;0.0;0.0
801.0;0.0;0.0;0.0
802.0;0.0;0.0;0.0
803.0;0.0;0.0;0.0
804.0;0.0;0.0;0.0
805.0;0.0;0.0;0.0
806.0;0.0;0.0;0.0
807.0;0.0;0.0;0.0
808.0;0.0;0.0;0.0
809.0;0.0;0.0;0.0
810.0;0.0;0.0;0.0
811.0;0.0;0.0;0.0
812.0;0.0;0.0;0.0
813.0;0.0;0.0;0.0
814.0;0.0;0.0;0.0
815.0;0.0;0.0;0.0
816.0;0.0;0.0;0.0
817.0;0.0;0.0;0.0
818.0;0.0;0.0;0.0
819.0;0.0;0.0;0.0
820.0;0.0;0.0;0.0
821.0;0.0;0.0;0.0
822.0;0.0;0.0;0.0
823.0;0.0;0.0;0.0
824.0;0.0;0.0;0.0
825.0;0.0;0.0;0.0
826.0;0.0;0.0;0.0
827.0;0.0;0.0;0.0
828.0;0.0;0.0;0.0
829.0;0.0;0.0;0.0
830.0;0.0;0.0;0.0
831.0;0.0;0.0;0.0
832.0;0.0;0.0;0.0
833.0;0.0;0.0;0.0
834.0;0.0;0.0;0.0
835.0;0.0;0.0;0.0
836.0;0.0;0.0;0.0
837.0;0.0;0.0;0.0
838.0;0.0;0.0;0.0
839.0;0.0;0.0;0.0
840.0;0.0;0.0;0.0
841.0;0.0;0.0;0.0
842.0;0.0;0.0;0.0
843.0;0.0;0.0;0.0
844.0;0.0;0.0;0.0
845.0;0.0;0.0;0.0
846.0;0.0;0.0;0.0
847.0;0.0;0.0;0.0
848.0;0.0;0.0;0.0
849.0;0.0;0.0;0.0
850.0;0.0;0.0;0.0
851.0;0.0;0.0;0.0
852.0;0.0;0.0;0.0
853.0;0.0;0.0;0.0
854.0;0.0;0.0;0.0
855.0;0.0;0.0;0.0
856.0;0.0;0.0;0.0
857.0;0.0;0.0;0.0
858.0;0.0;0.0;0.0
859.0;0.0;0.0;0.0
860.0;0.0;0.0;0.0
861.0;0.0;0.0;0.0
862.0;0.0;0.0;0.0
863.0;0.0;0.0;0.0
864.0;0.0;0.0;0.0
865.0;0.0;0.0;0.0
866.0;0.0;0.0;0.0
867.0;0.0;0.0;0.0
868.0;0.0;0.0;0.0
869.0;0.0;0.0;0.0
870.0;0.0;0.0;0.0
871.0;0.0;0.0;0.0
872.0;0.0;0.0;0.0
873.0;0.0;0.0;0.0
874.0;0.0;0.0;0.0
875.0;0.0;0.0;0.0
876.0;0.0;0.0;0.0
877.0;0.0;0.0;0.0
878.0;0.0;0.0;0.0
879.0;0.0;0.0;0.0
880.0;0.0;0.0;0.0
881.0;0.0;0.0;0.0
882.0;0.0;0.0;0.0
883.0;0.0;0.0;0.0
884.0;0.0;0.0;0.0
885.0;0.0;0.0;0.0
886.0;0.0;0.0;0.0
887.0;0.0;0.0;0.0
888.0;0.0;0.0;0.0
889.0;0.0;0.0;0.0
890.0;0.0;0.0;0.0
891.0;0.0;0.0;0.0
892.0;0.0;0.0;0.0
893.0;0.0;0.0;0.0
894.0;0.0;0.0;0.0
895.0;0.0;0.0;0.0
896.0;0.0;0.0;0.0
897.0;0.0;0.0;0.0
898.0;0.0;0.0;0.0
899.0;0.0;0.0;0.0
900.0;0.0;0.0;0.0
901.0;0.0;0.0;0.0
902.0;0.0;0.0;0.0
903.0;0.0;0.0;0.0
904.0;0.0;0.0;0.0
905.0;0.0;0.0;0.0
906.0;0.0;0.0;0.0
907.0;0.0;0.0;0.0
908.0;0.0;0.0;0.0
909.0;0.0;0.0;0.0
910.0;0.0;0.0;0.0
911.0;0.0;0.0;0.0
912.0;0.0;0.0;0.0
913.0;0.0;0.0;0.0
914.0;0.0;0.0;0.0
915.0;0.0;0.0;0.0
916.0;0.0;0.0;0.0
917.0;0.0;0.0;0.0
918.0;0.0;0.0;0.0
919.0;0.0;0.0;0.0
920.0;0.0;0.0;0.0
921.0;0.0;0.0;0.0
922.0;0.0;0.0;0.0
923.0;0.0;0.0;0.0
924.0;0.0;0.0;0.0
925.0;0.0;0.0;0.0
926.0;0.0;0.0;0.0
927.0;0.0;0.0;0.0
928.0;0.0;0.0;0.0
929.0;0.0;0.0;0.0
930.0;0.0;0.0;0.0
931.0;0.0;0.0;0.0
932.0;0.0;0.0;0.0
933.0;0.0;0.0;0.0
934.0;0.0;0.0;0.0
935.0;0.0;0.0;0.0
936.0;0.0;0.0;0.0
937.0;0.0;0.0;0.0
938.0;0.0;0.0;0.0
939.0;0.0;0.0;0.0
940.0;0.0;0.0;0.0
941.0;0.0;0.0;0.0
942.0;0.0;0.0;0.0
943.0;0.0;0.0;0.0
944.0;0.0;0.0;0.0
945.0;0.0;0.0;0.0
946.0;0.0;0.0;0.0
947.0;0.0;0.0;0.0
948.0;0.0;0.0;0.0
949.0;0.0;0.0;0.0
950.0;0.0;0.0;0.0
951.0;0.0;0.0;0.0
952.0;0.0;0.0;0.0
953.0;0.0;0.0;0.0
954.0;0.0;0.0;0.0
955.0;0.0;0.0;0.0
956.0;0.0;0.0;0.0
957.0;0.0;0.0;0.0
958.0;0.0;0.0;0.0
959.0;0.0;0.0;0.0
960.0;0.0;0.0;0.0
961.0;0.0;0.0;0.0
962.0;0.0;0.0;0.0
963.0;0.0;0.0;0.0
964.0;0.0;0.0;0.0
965.0;0.0;0.0;0.0
966.0;0.0;0.0;0.0
967.0;0.0;0.0;0.0
968.0;0.0;0.0;0.0
969.0;0.0;0.0;0.0
970.0;0.0;0.0;0.0
971.0;0.0;0.0;0.0
972.0;0.0;0.0;0.0
973.0;0.0;0.0;0.0
974.0;0.0;0.0;0.0
975.0;0.0;0.0;0.0
976.0;0.0;0.0;0.0
977.0;0.0;0.0;0.0
978.0;0.0;0.0;0.0
979.0;0.0;0.0;0.0
980.0;0.0;0.0;0.0
981.0;0.0;0.0;0.0
982.0;0.0;0.0;0.0
983.0;0.0;0.0;0.0
984.0;0.0;0.0;0.0
985.0;0.0;0.0;0.0
986.0;0.0;0.0;0.0
987.0;0.0;0.0;0.0
988.0;0.0;0.0;0.0
989.0;0.0;0.0;0.0
990.0;0.0;0.0;0.0
991.0;0.0;0.0;0.0
992.0;0.0;0.0;0.0
993.0;0.0;0.0;0.0
994.0;0.0;0.0;0.0
995.0;0.0;0.0;0.0
996.0;0.0;0.0;0.0
997.0;0.0;0.0;0.0
998.0;0.0;0.0;0.0
999.0;0.0;0.0;0.0
1000.0;0.0;0.0;0.0
1001.0;0.0;0.0;0.0
1002.0;0.0;0.0;0.0
1003.0;0.0;0.0;0.0
1004.0;0.0;0.0;0.0
1005.0;0.0;0.0;0.0
1006.0;0.0;0.0;0.0
1007.0;0.0;0.0;0.0
1008.0;0.0;0.0;0.0
1009.0;0.0;0.0;0.0
1010.0;0.0;0.0;0.0
1011.0;0.0;0.0;0.0
1012.0;0.0;0.0;0.0
1013.0;0.0;0.0;0.0
1014.0;0.0;0.0;0.0
1015.0;0.0;0.0;0.0
1016.0;0.0;0.0;0.0
1017.0;0.0;0.0;0.0
1018.0;0.0;0.0;0.0
1019.0;0.0;0.0;0.0
1020.0;0.0;0.0;0.0
1021.0;0.0;0.0;0.0
1022.0;0.0;0.0;0.0
1023.0;0.0;0.0;0.0
1024.0;0.0;0.0;0.0
1025.0;0.0;0.0;0.0
1026.0;0.0;0.0;0.0
1027.0;0.0;0.0;0.0
1028.0;0.0;0.0;0.0
1029.0;0.0;0.0;0.0
1030.0;0.0;0.0;0.0
1031.0;0.0;0.0;0.0
1032.0;0.0;0.0;0.0
1033.0;0.0;0.0;0.0
1034.0;0.0;0.0;0.0
1035.0;0.0;0.0;0.0
1036.0;0.0;0.0;0.0
1037.0;0.0;0.0;0.0
1038.0;0.0;0.0;0.0
1039.0;0.0;0.0;0.0
1040.0;0.0;0.0;0.0
1041.0;0.0;0.0;0.0
1042.0;0.0;0.0;0.0
1043.0;0.0;0.0;0.0
1044.0;0.0;0.0;0.0
1045.0;0.0;0.0;0.0
1046.0;0.0;0.0;0.0
1047.0;0.0;0.0;0.0
1048.0;0.0;0.0;0.0
1049.0;0.0;0.0;0.0
1050.0;0.0;0.0;0.0
1051.0;0.0;0.0;0.0
1052.0;0.0;0.0;0.0
1053.0;0.0;0.0;0.0
1054.0;0.0;0.0;0.0
1055.0;0.0;0.0;0.0
1056.0;0.0;0.0;0.0
1057.0;0.0;0.0;0.0
1058.0;0.0;0.0;0.0
1059.0;0.0;0.0;0.0
1060.0;0.0;0.0;0.0
1061.0;0.0;0.0;0.0
1062.0;0.0;0.0;0.0
1063.0;0.0;0.0;0.0
1064.0;0.0;0.0;0.0
1065.0;0.0;0.0;0.0
1066.0;0.0;0.0;0.0
1067.0;0.0;0.0;0.0
1068.0;0.0;0.0;0.0
1069.0;0.0;0.0;0.0
1070.0;0.0;0.0;0.0
1071.0;0.0;0.0;0.0
1072.0;0.0;0.0;0.0
1073.0;0.0;0.0;0.0
1074.0;0.0;0.0;0.0
1075.0;0.0;0.0;0.0
1076.0;0.0;0.0;0.0
1077.0;0.0;0.0;0.0
1078.0;0.0;0.0;0.0
1079.0;0.0;0.0;0.0
1080.0;0.0;0.0;0.0
1081.0;0.0;0.0;0.0
1082.0;0.0;0.0;0.0
1083.0;0.0;0.0;0.0
1084.0;0.0;0.0;0.0
1085.0;0.0;0.0;0.0
1086.0;0.0;0.0;0.0
1087.0;0.0;0.0;0.0
1088.0;0.0;0.0;0.0
1089.0;0.0;0.0;0.0
1090.0;0.0;0.0;0.0
1091.0;0.0;0.0;0.0
1092.0;0.0;0.0;0.0
1093.0;0.0;0.0;0.0
1094.0;0.0;0.0;0.0
1095.0;0.0;0.0;0.0
1096.0;0.0;0.0;0.0
1097.0;0.0;0.0;0.0
1098.0;0.0;0.0;0.0
1099.0;0.0;0.0;0.0
1100.0;0.0;0.0;0.0
1101.0;0.0;0.0;0.0
1102.0;0.0;0.0;0.0
1103.0;0.0;0.0;0.0
1104.0;0.0;0.0;0.0
1105.0;0.0;0.0;0.0
1106.0;0.0;0.0;0.0
1107.0;0.0;0.0;0.0
1108.0;0.0;0.0;0.0
1109.0;0.0;0.0;0.0
1110.0;0.0;0.0;0.0
1111.0;0.0;0.0;0.0
1112.0;0.0;0.0;0.0
1113.0;0.0;0.0;0.0
1114.0;0.0;0.0;0.0
1115.0;0.0;0.0;0.0
1116.0;0.0;0.0;0.0
1117.0;0.0;0.0;0.0
1118.0;0.0;0.0;0.0
1119.0;0.0;0.0;0.0
1120.0;0.0;0.0;0.0
1121.0;0.0;0.0;0.0
1122.0;0.0;0.0;0.0
1123.0;0.0;0.0;0.0
1124.0;0.0;0.0;0.0
1125.0;0.0;0.0;0.0
1126.0;0.0;0.0;0.0
1127.0;0.0;0.0;0.0
1128.0;0.0;0.0;0.0
1129.0;0.0;0.0;0.0
1130.0;0.0;0.0;0.0
1131.0;0.0;0.0;0.0
1132.0;0.0;0.0;0.0
1133.0;0.0;0.0;0.0
1134.0;0.0;0.0;0.0
1135.0;0.0;0.0;0.0
1136.0;0.0;0.0;0.0
1137.0;0.0;0.0;0.0
1138.0;0.0;0.0;0.0
1139.0;0.0;0.0;0.0
1140.0;0.0;0.0;0.0
1141.0;0.0;0.0;0.0
1142.0;0.0;0.0;0.0
1143.0;0.0;0.0;0.0
1144.0;0.0;0.0;0.0
1145.0;0.0;0.0;0.0
1146.0;0.0;0.0;0.0
1147.0;0.0;0.0;0.0
1148.0;0.0;0.0;0.0
1149.0;0.0;0.0;0.0
1150.0;0.0;0.0;0.0
1151.0;0.0;0.0;0.0
1152.0;0.0;0.0;0.0
1153.0;0.0;0.0;0.0
1154.0;0.0;0.0;0.0
1155.0;0.0;0.0;0.0
1156.0;0.0;0.0;0.0
1157.0;0.0;0.0;0.0
1158.0;0.0;0.0;0.0
1159.0;0.0;0.0;0.0
1160.0;0.0;0.0;0.0
1161.0;0.0;0.0;0.0
1162.0;0.0;0.0;0.0
1163.0;0.0;0.0;0.0
1164.0;0.0;0.0;0.0
1165.0;0.0;0.0;0.0
1166.0;0.0;0.0;0.0
1167.0;0.0;0.0;0.0
1168.0;0.0;0.0;0.0
1169.0;0.0;0.0;0.0
1170.0;0.0;0.0;0.0
1171.0;0.0;0.0;0.0
1172.0;0.0;0.0;0.0
1173.0;0.0;0.0;0.0
1174.0;0.0;0.0;0.0
1175.0;0.0;0.0;0.0
1176.0;0.0;0.0;0.0
1177.0;0.0;0.0;0.0
1178.0;0.0;0.0;0.0
1179.0;0.0;0.0;0.0
1180.0;0.0;0.0;0.0
1181.0;0.0;0.0;0.0
1182.0;0.0;0.0;0.0
1183.0;0.0;0.0;0.0
1184.0;0.0;0.0;0.0
1185.0;0.0;0.0;0.0
1186.0;0.0;0.0;0.0
1187.0;0.0;0.0;0.0
1188.0;0.0;0.0;0.0
1189.0;0.0;0.0;0.0
1190.0;0.0;0.0;0.0
1191.0;0.0;0.0;0.0
1192.0;0.0;0.0;0.0
1193.0;0.0;0.0;0.0
1194.0;0.0;0.0;0.0
1195.0;0.0;0.0;0.0
1196.0;0.0;0.0;0.0
1197.0;0.0;0.0;0.0
1198.0;0.0;0.0;0.0
1199.0;0.0;0.0;0.0
1200.0;0.0;0.0;0.0
1201.0;0.0;0.0;0.0
1202.0;0.0;0.0;0.0
1203.0;0.0;0.0;0.0
1204.0;0.0;0.0;0.0
1205.0;0.0;0.0;0.0
1206.0;0.0;0.0;0.0
1207.0;0.0;0.0;0.0
1208.0;0.0;0.0;0.0
1209.0;0.0;0.0;0.0
1210.0;0.0;0.0;0.0
1211.0;0.0;0.0;0.0
1212.0;0.0;0.0;0.0
1213.0;0.0;0.0;0.0
1214.0;0.0;0.0;0.0
1215.0;0.0;0.0;0.0
1216.0;0.0;0.0;0.0
1217.0;0.0;0.0;0.0
1218.0;0.0;0.0;0.0
1219.0;0.0;0.0;0.0
1220.0;0.0;0.0;0.0
1221.0;0.0;0.0;0.0
1222.0;0.0;0.0;0.0
1223.0;0.0;0.0;0.0
1224.0;0.0;0.0;0.0
1225.0;0.0;0.0;0.0
1226.0;0.0;0.0;0.0
1227.0;0.0;0.0;0.0
1228.0;0.0;0.0;0.0
1229.0;0.0;0.0;0.0
1230.0;0.0;0.0;0.0
1231.0;0.0;0.0;0.0
1232.0;0.0;0.0;0.0
1233.0;0.0;0.0;0.0
1234.0;0.0;0.0;0.0
1235.0;0.0;0.0;0.0
1236.0;0.0;0.0;0.0
1237.0;0.0;0.0;0.0
1238.0;0.0;0.0;0.0
1239.0;0.0;0.0;0.0
1240.0;0.0;0.0;0.0
1241.0;0.0;0.0;0.0
1242.0;0.0;0.0;0.0
1243.0;0.0;0.0;0.0
1244.0;0.0;0.0;0.0
1245.0;0.0;0.0;0.0
1246.0;0.0;0.0;0.0
1247.0;0.0;0.0;0.0
1248.0;0.0;0.0;0.0
1249.0;0.0;0.0;0.0
1250.0;0.0;0.0;0.0
1251.0;0.0;0.0;0.0
1252.0;0.0;0.0;0.0
1253.0;0.0;0.0;0.0
1254.0;0.0;0.0;0.0
1255.0;0.0;0.0;0.0
1256.0;0.0;0.0;0.0
1257.0;0.0;0.0;0.0
1258.0;0.0;0.0;0.0
1259.0;0.0;0.0;0.0
1260.0;0.0;0.0;0.0
1261.0;0.0;0.0;0.0
1262.0;0.0;0.0;0.0
1263.0;0.0;0.0;0.0
1264.0;0.0;0.0;0.0
1265.0;0.0;0.0;0.0
1266.0;0.0;0.0;0.0
1267.0;0.0;0.0;0.0
1268.0;0.0;0.0;0.0
1269.0;0.0;0.0;0.0
1270.0;0.0;0.0;0.0
1271.0;0.0;0.0;0.0
1272.0;0.0;0.0;0.0
1273.0;0.0;0.0;0.0
1274.0;0.0;0.0;0.0
1275.0;0.0;0.0;0.0
1276.0;0.0;0.0;0.0
1277.0;0.0;0.0;0.0
1278.0;0.0;0.0;0.0
1279.0;0.0;0.0;0.0
1280.0;0.0;0.0;0.0
1281.0;0.0;0.0;0.0
1282.0;0.0;0.0;0.0
1283.0;0.0;0.0;0.0
1284.0;0.0;0.0;0.0
1285.0;0.0;0.0;0.0
1286.0;0.0;0.0;0.0
1287.0;0.0;0.0;0.0
1288.0;0.0;0.0;0.0
1289.0;0.0;0.0;0.0
1290.0;0.0;0.0;0.0
1291.0;0.0;0.0;0.0
1292.0;0.0;0.0;0.0
1293.0;0.0;0.0;0.0
1294.0;0.0;0.0;0.0
1295.0;0.0;0.0;0.0
1296.0;0.0;0.0;0.0
1297.0;0.0;0.0;0.0
1298.0;0.0;0.0;0.0
1299.0;0.0;0.0;0.0
1300.0;0.0;0.0;0.0
1301.0;0.0;0.0;0.0
1302.0;0.0;0.0;0.0
1303.0;0.0;0.0;0.0
1304.0;0.0;0.0;0.0
1305.0;0.0;0.0;0.0
1306.0;0.0;0.0;0.0
1307.0;0.0;0.0;0.0
1308.0;0.0;0.0;0.0
1309.0;0.0;0.0;0.0
1310.0;0.0;0.0;0.0
1311.0;0.0;0.0;0.0
1312.0;0.0;0.0;0.0
1313.0;0.0;0.0;0.0
1314.0;0.0;0.0;0.0
1315.0;0.0;0.0;0.0
1316.0;0.0;0.0;0.0
1317.0;0.0;0.0;0.0
1318.0;0.0;0.0;0.0
1319.0;0.0;0.0;0.0
1320.0;0.0;0.0;0.0
1321.0;0.0;0.0;0.0
1322.0;0.0;0.0;0.0
1323.0;0.0;0.0;0.0
1324.0;0.0;0.0;0.0
1325.0;0.0;0.0;0.0
1326.0;0.0;0.0;0.0
1327.0;0.0;0.0;0.0
1328.0;0.0;0.0;0.0
1329.0;0.0;0.0;0.0
1330.0;0.0;0.0;0.0
1331.0;0.0;0.0;0.0
1332.0;0.0;0.0;0.0
1333.0;0.0;0.0;0.0
1334.0;0.0;0.0;0.0
1335.0;0.0;0.0;0.0
1336.0;0.0;0.0;0.0
1337.0;0.0;0.0;0.0
1338.0;0.0;0.0;0.0
1339.0;0.0;0.0;0.0
1340.0;0.0;0.0;0.0
1341.0;0.0;0.0;0.0
1342.0;0.0;0.0;0.0
1343.0;0.0;0.0;0.0
1344.0;0.0;0.0;0.0
1345.0;0.0;0.0;0.0
1346.0;0.0;0.0;0.0
1347.0;0.0;0.0;0.0
1348.0;0.0;0.0;0.0
1349.0;0.0;0.0;0.0
1350.0;0.0;0.0;0.0
1351.0;0.0;0.0;0.0
1352.0;0.0;0.0;0.0
1353.0;0.0;0.0;0.0
1354.0;0.0;0.0;0.0
1355.0;0.0;0.0;0.0
1356.0;0.0;0.0;0.0
1357.0;0.0;0.0;0.0
1358.0;0.0;0.0;0.0
1359.0;0.0;0.0;0.0
1360.0;0.0;0.0;0.0
1361.0;0.0;0.0;0.0
1362.0;0.0;0.0;0.0
1363.0;0.0;0.0;0.0
1364.0;0.0;0.0;0.0
1365.0;0.0;0.0;0.0
1366.0;0.0;0.0;0.0
1367.0;0.0;0.0;0.0
1368.0;0.0;0.0;0.0
1369.0;0.0;0.0;0.0
1370.0;0.0;0.0;0.0
1371.0;0.0;0.0;0.0
1372.0;0.0;0.0;0.0
1373.0;0.0;0.0;0.0
1374.0;0.0;0.0;0.0
1375.0;0.0;0.0;0.0
1376.0;0.0;0.0;0.0
1377.0;0.0;0.0;0.0
1378.0;0.0;0.0;0.0
1379.0;0.0;0.0;0.0
1380.0;0.0;0.0;0.0
1381.0;0.0;0.0;0.0
1382.0;0.0;0.0;0.0
1383.0;0.0;0.0;0.0
1384.0;0.0;0.0;0.0
1385.0;0.0;0.0;0.0
1386.0;0.0;0.0;0.0
1387.0;0.0;0.0;0.0
1388.0;0.0;0.0;0.0
1389.0;0.0;0.0;0.0
1390.0;0.0;0.0;0.0
1391.0;0.0;0.0;0.0
1392.0;0.0;0.0;0.0
1393.0;0.0;0.0;0.0
1394.0;0.0;0.0;0.0
1395.0;0.0;0.0;0.0
1396.0;0.0;0.0;0.0
1397.0;0.0;0.0;0.0
1398.0;0.0;0.0;0.0
1399.0;0.0;0.0;0.0
1400.0;0.0;0.0;0.0
1401.0;0.0;0.0;0.0
1402.0;0.0;0.0;0.0
1403.0;0.0;0.0;0.0
1404.0;0.0;0.0;0.0
1405.0;0.0;0.0;0.0
1406.0;0.0;0.0;0.0
1407.0;0.0;0.0;0.0
1408.0;0.0;0.0;0.0
1409.0;0.0;0.0;0.0
1410.0;0.0;0.0;0.0
1411.0;0.0;0.0;0.0
1412.0;0.0;0.0;0.0
1413.0;0.0;0.0;0.0
1414.0;0.0;0.0;0.0
1415.0;0.0;0.0;0.0
1416.0;0.0;0.0;0.0
1417.0;0.0;0.0;0.0
1418.0;0.0;0.0;0.0
1419.0;0.0;0.0;0.0
1420.0;0.0;0.0;0.0
1421.0;0.0;0.0;0.0
1422.0;0.0;0.0;0.0
1423.0;0.0;0.0;0.0
1424.0;0.0;0.0;0.0
1425.0;0.0;0.0;0.0
1426.0;0.0;0.0;0.0
1427.0;0.0;0.0;0.0
1428.0;0.0;0.0;0.0
1429.0;0.0;0.0;0.0
1430.0;0.0;0.0;0.0
1431.0;0.0;0.0;0.0
1432.0;0.0;0.0;0.0
1433.0;0.0;0.0;0.0
1434.0;0.0;0.0;0.0
1435.0;0.0;0.0;0.0
1436.0;0.0;0.0;0.0
1437.0;0.0;0.0;0.0
1438.0;0.0;0.0;0.0
1439.0;0.0;0.0;0.0
1440.0;0.0;0.0;0.0
1441.0;0.0;0.0;0.0
1442.0;0.0;0.0;0.0
1443.0;0.0;0.0;0.0
1444.0;0.0;0.0;0.0
1445.0;0.0;0.0;0.0
1446.0;0.0;0.0;0.0
1447.0;0.0;0.0;0.0
1448.0;0.0;0.0;0.0
1449.0;0.0;0.0;0.0
1450.0;0.0;0.0;0.0
1451.0;0.0;0.0;0.0
1452.0;0.0;0.0;0.0
1453.0;0.0;0.0;0.0
1454.0;0.0;0.0;0.0
1455.0;0.0;0.0;0.0
1456.0;0.0;0.0;0.0
1457.0;0.0;0.0;0.0
1458.0;0.0;0.0;0.0
1459.0;0.0;0.0;0.0
1460.0;0.0;0.0;0.0
1461.0;0.0;0.0;0.0
1462.0;0.0;0.0;0.0
1463.0;0.0;0.0;0.0
1464.0;0.0;0.0;0.0
1465.0;0.0;0.0;0.0
1466.0;0.0;0.0;0.0
1467.0;0.0;0.0;0.0
1468.0;0.0;0.0;0.0
1469.0;0.0;0.0;0.0
1470.0;0.0;0.0;0.0
1471.0;0.0;0.0;0.0
1472.0;0.0;0.0;0.0
1473.0;0.0;0.0;0.0
1474.0;0.0;0.0;0.0
1475.0;0.0;0.0;0.0
1476.0;0.0;0.0;0.0
1477.0;0.0;0.0;0.0
1478.0;0.0;0.0;0.0
1479.0;0.0;0.0;0.0
1480.0;0.0;0.0;0.0
1481.0;0.0;0.0;0.0
1482.0;0.0;0.0;0.0
1483.0;0.0;0.0;0.0
1484.0;0.0;0.0;0.0
1485.0;0.0;0.0;0.0
1486.0;0.0;0.0;0.0
1487.0;0.0;0.0;0.0
1488.0;0.0;0.0;0.0
1489.0;0.0;0.0;0.0
1490.0;0.0;0.0;0.0
1491.0;0.0;0.0;0.0
1492.0;0.0;0.0;0.0
1493.0;0.0;0.0;0.0
1494.0;0.0;0.0;0.0
1495.0;0.0;0.0;0.0
1496.0;0.0;0.0;0.0
1497.0;0.0;0.0;0.0
1498.0;0.0;0.0;0.0
1499.0;0.0;0.0;0.0
1500.0;0.0;0.0;0.0
1501.0;0.0;0.0;0.0
1502.0;0.0;0.0;0.0
1503.0;0.0;0.0;0.0
1504.0;0.0;0.0;0.0
1505.0;0.0;0.0;0.0
1506.0;0.0;0.0;0.0
1507.0;0.0;0.0;0.0
1508.0;0.0;0.0;0.0
1509.0;0.0;0.0;0.0
1510.0;0.0;0.0;0.0
1511.0;0.0;0.0;0.0
1512.0;0.0;0.0;0.0
1513.0;0.0;0.0;0.0
1514.0;0.0;0.0;0.0
1515.0;0.0;0.0;0.0
1516.0;0.0;0.0;0.0
1517.0;0.0;0.0;0.0
1518.0;0.0;0.0;0.0
1519.0;0.0;0.0;0.0
1520.0;0.0;0.0;0.0
1521.0;0.0;0.0;0.0
1522.0;0.0;0.0;0.0
1523.0;0.0;0.0;0.0
1524.0;0.0;0.0;0.0
1525.0;0.0;0.0;0.0
1526.0;0.0;0.0;0.0
1527.0;0.0;0.0;0.0
1528.0;0.0;0.0;0.0
1529.0;0.0;0.0;0.0
1530.0;0.0;0.0;0.0
1531.0;0.0;0.0;0.0
1532.0;0.0;0.0;0.0
1533.0;0.0;0.0;0.0
1534.0;0.0;0.0;0.0
1535.0;0.0;0.0;0.0
1536.0;0.0;0.0;0.0
1537.0;0.0;0.0;0.0
1538.0;0.0;0.0;0.0
1539.0;0.0;0.0;0.0
1540.0;0.0;0.0;0.0
1541.0;0.0;0.0;0.0
1542.0;0.0;0.0;0.0
1543.0;0.0;0.0;0.0
1544.0;0.0;0.0;0.0
1545.0;0.0;0.0;0.0
1546.0;0.0;0.0;0.0
1547.0;0.0;0.0;0.0
1548.0;0.0;0.0;0.0
1549.0;0.0;0.0;0.0
1550.0;0.0;0.0;0.0
1551.0;0.0;0.0;0.0
1552.0;0.0;0.0;0.0
1553.0;0.0;0.0;0.0
1554.0;0.0;0.0;0.0
1555.0;0.0;0.0;0.0
1556.0;0.0;0.0;0.0
1557.0;0.0;0.0;0.0
1558.0;0.0;0.0;0.0
1559.0;0.0;0.0;0.0
1560.0;0.0;0.0;0.0
1561.0;0.0;0.0;0.0
1562.0;0.0;0.0;0.0
1563.0;0.0;0.0;0.0
1564.0;0.0;0.0;0.0
1565.0;0.0;0.0;0.0
1566.0;0.0;0.0;0.0
1567.0;0.0;0.0;0.0
1568.0;0.0;0.0;0.0
1569.0;0.0;0.0;0.0
1570.0;0.0;0.0;0.0
1571.0;0.0;0.0;0.0
1572.0;0.0;0.0;0.0
1573.0;0.0;0.0;0.0
1574.0;0.0;0.0;0.0
1575.0;0.0;0.0;0.0
1576.0;0.0;0.0;0.0
1577.0;0.0;0.0;0.0
1578.0;0.0;0.0;0.0
1579.0;0.0;0.0;0.0
1580.0;0.0;0.0;0.0
1581.0;0.0;0.0;0.0
1582.0;0.0;0.0;0.0
1583.0;0.0;0.0;0.0
1584.0;0.0;0.0;0.0
1585.0;0.0;0.0;0.0
1586.0;0.0;0.0;0.0
1587.0;0.0;0.0;0.0
1588.0;0.0;0.0;0.0
1589.0;0.0;0.0;0.0
1590.0;0.0;0.0;0.0
1591.0;0.0;0.0;0.0
1592.0;0.0;0.0;0.0
1593.0;0.0;0.0;0.0
1594.0;0.0;0.0;0.0
1595.0;0.0;0.0;0.0
1596.0;0.0;0.0;0.0
1597.0;0.0;0.0;0.0
1598.0;0.0;0.0;0.0
1599.0;0.0;0.0;0.0
1600.0;0.0;0.0;0.0
1601.0;0.0;0.0;0.0
1602.0;0.0;0.0;0.0
1603.0;0.0;0.0;0.0
1604.0;0.0;0.0;0.0
1605.0;0.0;0.0;0.0
1606.0;0.0;0.0;0.0
1607.0;0.0;0.0;0.0
1608.0;0.0;0.0;0.0
1609.0;0.0;0.0;0.0
1610.0;0.0;0.0;0.0
1611.0;0.0;0.0;0.0
1612.0;0.0;0.0;0.0
1613.0;0.0;0.0;0.0
1614.0;0.0;0.0;0.0
1615.0;0.0;0.0;0.0
1616.0;0.0;0.0;0.0
1617.0;0.0;0.0;0.0
1618.0;0.0;0.0;0.0
1619.0;0.0;0.0;0.0
1620.0;0.0;0.0;0.0
1621.0;0.0;0.0;0.0
1622.0;0.0;0.0;0.0
1623.0;0.0;0.0;0.0
1624.0;0.0;0.0;0.0
1625.0;0.0;0.0;0.0
1626.0;0.0;0.0;0.0
1627.0;0.0;0.0;0.0
1628.0;0.0;0.0;0.0
1629.0;0.0;0.0;0.0
1630.0;0.0;0.0;0.0
1631.0;0.0;0.0;0.0
1632.0;0.0;0.0;0.0
1633.0;0.0;0.0;0.0
1634.0;0.0;0.0;0.0
1635.0;0.0;0.0;0.0
1636.0;0.0;0.0;0.0
1637.0;0.0;0.0;0.0
1638.0;0.0;0.0;0.0
1639.0;0.0;0.0;0.0
1640.0;0.0;0.0;0.0
1641.0;0.0;0.0;0.0
1642.0;0.0;0.0;0.0
1643.0;0.0;0.0;0.0
1644.0;0.0;0.0;0.0
1645.0;0.0;0.0;0.0
1646.0;0.0;0.0;0.0
1647.0;0.0;0.0;0.0
1648.0;0.0;0.0;0.0
1649.0;0.0;0.0;0.0
1650.0;0.0;0.0;0.0
1651.0;0.0;0.0;0.0
1652.0;0.0;0.0;0.0
1653.0;0.0;0.0;0.0
1654.0;0.0;0.0;0.0
1655.0;0.0;0.0;0.0
1656.0;0.0;0.0;0.0
1657.0;0.0;0.0;0.0
1658.0;0.0;0.0;0.0
1659.0;0.0;0.0;0.0
1660.0;0.0;0.0;0.0
1661.0;0.0;0.0;0.0
1662.0;0.0;0.0;0.0
1663.0;0.0;0.0;0.0
1664.0;0.0;0.0;0.0
1665.0;0.0;0.0;0.0
1666.0;0.0;0.0;0.0
1667.0;0.0;0.0;0.0
1668.0;0.0;0.0;0.0
1669.0;0.0;0.0;0.0
1670.0;0.0;0.0;0.0
1671.0;0.0;0.0;0.0
1672.0;0.0;0.0;0.0
1673.0;0.0;0.0;0.0
1674.0;0.0;0.0;0.0
1675.0;0.0;0.0;0.0
1676.0;0.0;0.0;0.0
1677.0;0.0;0.0;0.0
1678.0;0.0;0.0;0.0
1679.0;0.0;0.0;0.0
1680.0;0.0;0.0;0.0
1681.0;0.0;0.0;0.0
1682.0;0.0;0.0;0.0
1683.0;0.0;0.0;0.0
1684.0;0.0;0.0;0.0
1685.0;0.0;0.0;0.0
1686.0;0.0;0.0;0.0
1687.0;0.0;0.0;0.0
1688.0;0.0;0.0;0.0
1689.0;0.0;0.0;0.0
1690.0;0.0;0.0;0.0
1691.0;0.0;0.0;0.0
1692.0;0.0;0.0;0.0
1693.0;0.0;0.0;0.0
1694.0;0.0;0.0;0.0
1695.0;0.0;0.0;0.0
1696.0;0.0;0.0;0.0
1697.0;0.0;0.0;0.0
1698.0;0.0;0.0;0.0
1699.0;0.0;0.0;0.0
1700.0;0.0;0.0;0.0
1701.0;0.0;0.0;0.0
1702.0;0.0;0.0;0.0
1703.0;0.0;0.0;0.0
1704.0;0.0;0.0;0.0
1705.0;0.0;0.0;0.0
1706.0;0.0;0.0;0.0
1707.0;0.0;0.0;0.0
1708.0;0.0;0.0;0.0
1709.0;0.0;0.0;0.0
1710.0;0.0;0.0;0.0
1711.0;0.0;0.0;0.0
1712.0;0.0;0.0;0.0
1713.0;0.0;0.0;0.0
1714.0;0.0;0.0;0.0
1715.0;0.0;0.0;0.0
1716.0;0.0;0.0;0.0
1717.0;0.0;0.0;0.0
1718.0;0.0;0.0;0.0
1719.0;0.0;0.0;0.0
1720.0;0.0;0.0;0.0
1721.0;0.0;0.0;0.0
1722.0;0.0;0.0;0.0
1723.0;0.0;0.0;0.0
1724.0;0.0;0.0;0.0
1725.0;0.0;0.0;0.0
1726.0;0.0;0.0;0.0
1727.0;0.0;0.0;0.0
1728.0;0.0;0.0;0.0
1729.0;0.0;0.0;0.0
1730.0;0.0;0.0;0.0
1731.0;0.0;0.0;0.0
1732.0;0.0;0.0;0.0
1733.0;0.0;0.0;0.0
1734.0;0.0;0.0;0.0
1735.0;0.0;0.0;0.0
1736.0;0.0;0.0;0.0
1737.0;0.0;0.0;0.0
1738.0;0.0;0.0;0.0
1739.0;0.0;0.0;0.0
1740.0;0.0;0.0;0.0
1741.0;0.0;0.0;0.0
1742.0;0.0;0.0;0.0
1743.0;0.0;0.0;0.0
1744.0;0.0;0.0;0.0
1745.0;0.0;0.0;0.0
1746.0;0.0;0.0;0.0
1747.0;0.0;0.0;0.0
1748.0;0.0;0.0;0.0
1749.0;0.0;0.0;0.0
1750.0;0.0;0.0;0.0
1751.0;0.0;0.0;0.0
1752.0;0.0;0.0;0.0
1753.0;0.0;0.0;0.0
1754.0;0.0;0.0;0.0
1755.0;0.0;0.0;0.0
1756.0;0.0;0.0;0.0
1757.0;0.0;0.0;0.0
1758.0;0.0;0.0;0.0
1759.0;0.0;0.0;0.0
1760.0;0.0;0.0;0.0
1761.0;0.0;0.0;0.0
1762.0;0.0;0.0;0.0
1763.0;0.0;0.0;0.0
1764.0;0.0;0.0;0.0
1765.0;0.0;0.0;0.0
1766.0;0.0;0.0;0.0
1767.0;0.0;0.0;0.0
1768.0;0.0;0.0;0.0
1769.0;0.0;0.0;0.0
1770.0;0.0;0.0;0.0
1771.0;0.0;0.0;0.0
1772.0;0.0;0.0;0.0
1773.0;0.0;0.0;0.0
1774.0;0.0;0.0;0.0
1775.0;0.0;0.0;0.0
1776.0;0.0;0.0;0.0
1777.0;0.0;0.0;0.0
1778.0;0.0;0.0;0.0
1779.0;0.0;0.0;0.0
1780.0;0.0;0.0;0.0
1781.0;0.0;0.0;0.0
1782.0;0.0;0.0;0.0
1783.0;0.0;0.0;0.0
1784.0;0.0;0.0;0.0
1785.0;0.0;0.0;0.0
1786.0;0.0;0.0;0.0
1787.0;0.0;0.0;0.0
1788.0;0.0;0.0;0.0
1789.0;0.0;0.0;0.0
1790.0;0.0;0.0;0.0
1791.0;0.0;0.0;0.0
1792.0;0.0;0.0;0.0
1793.0;0.0;0.0;0.0
1794.0;0.0;0.0;0.0
1795.0;0.0;0.0;0.0
1796.0;0.0;0.0;0.0
1797.0;0.0;0.0;0.0
1798.0;0.0;0.0;0.0
1799.0;0.0;0.0;0.0
1800.0;0.0;0.0;0.0
1801.0;0.0;0.0;0.0
1802.0;0.0;0.0;0.0
1803.0;0.0;0.0;0.0
1804.0;0.0;0.0;0.0
1805.0;0.0;0.0;0.0
1806.0;0.0;0.0;0.0
1807.0;0.0;0.0;0.0
1808.0;0.0;0.0;0.0
1809.0;0.0;0.0;0.0
1810.0;0.0;0.0;0.0
1811.0;0.0;0.0;0.0
1812.0;0.0;0.0;0.0
1813.0;0.0;0.0;0.0
1814.0;0.0;0.0;0.0
1815.0;0.0;0.0;0.0
1816.0;0.0;0.0;0.0
1817.0;0.0;0.0;0.0
1818.0;0.0;0.0;0.0
1819.0;0.0;0.0;0.0
1820.0;0.0;0.0;0.0
1821.0;0.0;0.0;0.0
1822.0;0.0;0.0;0.0
1823.0;0.0;0.0;0.0
1824.0;0.0;0.0;0.0
1825.0;0.0;0.0;0.0
1826.0;0.0;0.0;0.0
1827.0;0.0;0.0;0.0
1828.0;0.0;0.0;0.0
1829.0;0.0;0.0;0.0
1830.0;0.0;0.0;0.0
1831.0;0.0;0.0;0.0
1832.0;0.0;0.0;0.0
1833.0;0.0;0.0;0.0
1834.0;0.0;0.0;0.0
1835.0;0.0;0.0;0.0
1836.0;0.0;0.0;0.0
1837.0;0.0;0.0;0.0
1838.0;0.0;0.0;0.0
1839.0;0.0;0.0;0.0
1840.0;0.0;0.0;0.0
1841.0;0.0;0.0;0.0
1842.0;0.0;0.0;0.0
1843.0;0.0;0.0;0.0
1844.0;0.0;0.0;0.0
1845.0;0.0;0.0;0.0
1846.0;0.0;0.0;0.0
1847.0;0.0;0.0;0.0
1848.0;0.0;0.0;0.0
1849.0;0.0;0.0;0.0
1850.0;0.0;0.0;0.0
1851.0;0.0;0.0;0.0
1852.0;0.0;0.0;0.0
1853.0;0.0;0.0;0.0
1854.0;0.0;0.0;0.0
1855.0;0.0;0.0;0.0
1856.0;0.0;0.0;0.0
1857.0;0.0;0.0;0.0
1858.0;0.0;0.0;0.0
1859.0;0.0;0.0;0.0
1860.0;0.0;0.0;0.0
1861.0;0.0;0.0;0.0
1862.0;0.0;0.0;0.0
1863.0;0.0;0.0;0.0
1864.0;0.0;0.0;0.0
1865.0;0.0;0.0;0.0
1866.0;0.0;0.0;0.0
1867.0;0.0;0.0;0.0
1868.0;0.0;0.0;0.0
1869.0;0.0;0.0;0.0
1870.0;0.0;0.0;0.0
1871.0;0.0;0.0;0.0
1872.0;0.0;0.0;0.0
1873.0;0.0;0.0;0.0
1874.0;0.0;0.0;0.0
1875.0;0.0;0.0;0.0
1876.0;0.0;0.0;0.0
1877.0;0.0;0.0;0.0
1878.0;0.0;0.0;0.0
1879.0;0.0;0.0;0.0
1880.0;0.0;0.0;0.0
1881.0;0.0;0.0;0.0
1882.0;0.0;0.0;0.0
1883.0;0.0;0.0;0.0
1884.0;0.0;0.0;0.0
1885.0;0.0;0.0;0.0
1886.0;0.0;0.0;0.0
1887.0;0.0;0.0;0.0
1888.0;0.0;0.0;0.0
1889.0;0.0;0.0;0.0
1890.0;0.0;0.0;0.0
1891.0;0.0;0.0;0.0
1892.0;0.0;0.0;0.0
1893.0;0.0;0.0;0.0
1894.0;0.0;0.0;0.0
1895.0;0.0;0.0;0.0
1896.0;0.0;0.0;0.0
1897.0;0.0;0.0;0.0
1898.0;0.0;0.0;0.0
1899.0;0.0;0.0;0.0
1900.0;0.0;0.0;0.0
1901.0;0.0;0.0;0.0
1902.0;0.0;0.0;0.0
1903.0;0.0;0.0;0.0
1904.0;0.0;0.0;0.0
1905.0;0.0;0.0;0.0
1906.0;0.0;0.0;0.0
1907.0;0.0;0.0;0.0
1908.0;0.0;0.0;0.0
1909.0;0.0;0.0;0.0
1910.0;0.0;0.0;0.0
1911.0;0.0;0.0;0.0
1912.0;0.0;0.0;0.0
1913.0;0.0;0.0;0.0
1914.0;0.0;0.0;0.0
1915.0;0.0;0.0;0.0
1916.0;0.0;0.0;0.0
1917.0;0.0;0.0;0.0
1918.0;0.0;0.0;0.0
1919.0;0.0;0.0;0.0
1920.0;0.0;0.0;0.0
1921.0;0.0;0.0;0.0
1922.0;0.0;0.0;0.0
1923.0;0.0;0.0;0.0
1924.0;0.0;0.0;0.0
1925.0;0.0;0.0;0.0
1926.0;0.0;0.0;0.0
1927.0;0.0;0.0;0.0
1928.0;0.0;0.0;0.0
1929.0;0.0;0.0;0.0
1930.0;0.0;0.0;0.0
1931.0;0.0;0.0;0.0
1932.0;0.0;0.0;0.0
1933.0;0.0;0.0;0.0
1934.0;0.0;0.0;0.0
1935.0;0.0;0.0;0.0
1936.0;0.0;0.0;0.0
1937.0;0.0;0.0;0.0
1938.0;0.0;0.0;0.0
1939.0;0.0;0.0;0.0
1940.0;0.0;0.0;0.0
1941.0;0.0;0.0;0.0
1942.0;0.0;0.0;0.0
1943.0;0.0;0.0;0.0
1944.0;0.0;0.0;0.0
1945.0;0.0;0.0;0.0
1946.0;0.0;0.0;0.0
1947.0;0.0;0.0;0.0
1948.0;0.0;0.0;0.0
1949.0;0.0;0.0;0.0
1950.0;0.0;0.0;0.0
1951.0;0.0;0.0;0.0
1952.0;0.0;0.0;0.0
1953.0;0.0;0.0;0.0
1954.0;0.0;0.0;0.0
1955.0;0.0;0.0;0.0
1956.0;0.0;0.0;0.0
1957.0;0.0;0.0;0.0
1958.0;0.0;0.0;0.0
1959.0;0.0;0.0;0.0
1960.0;0.0;0.0;0.0
1961.0;0.0;0.0;0.0
1962.0;0.0;0.0;0.0
1963.0;0.0;0.0;0.0
1964.0;0.0;0.0;0.0
1965.0;0.0;0.0;0.0
1966.0;0.0;0.0;0.0
1967.0;0.0;0.0;0.0
1968.0;0.0;0.0;0.0
1969.0;0.0;0.0;0.0
1970.0;0.0;0.0;0.0
1971.0;0.0;0.0;0.0
1972.0;0.0;0.0;0.0
1973.0;0.0;0.0;0.0
1974.0;0.0;0.0;0.0
1975.0;0.0;0.0;0.0
1976.0;0.0;0.0;0.0
1977.0;0.0;0.0;0.0
1978.0;0.0;0.0;0.0
1979.0;0.0;0.0;0.0
1980.0;0.0;0.0;0.0
1981.0;0.0;0.0;0.0
1982.0;0.0;0.0;0.0
1983.0;0.0;0.0;0.0
1984.0;0.0;0.0;0.0
1985.0;0.0;0.0;0.0
1986.0;0.0;0.0;0.0
1987.0;0.0;0.0;0.0
1988.0;0.0;0.0;0.0
1989.0;0.0;0.0;0.0
1990.0;0.0;0.0;0.0
1991.0;0.0;0.0;0.0
1992.0;0.0;0.0;0.0
1993.0;0.0;0.0;0.0
1994.0;0.0;0.0;0.0
1995.0;0.0;0.0;0.0
1996.0;0.0;0.0;0.0
1997.0;0.0;0.0;0.0
1998.0;0.0;0.0;0.0
1999.0;0.0;0.0;0.0
2000.0;0.0;0.0;0.0
2001.0;0.0;0.0;0.0
2002.0;0.0;0.0;0.0
2003.0;0.0;0.0;0.0
2004.0;0.0;0.0;0.0
2005.0;0.0;0.0;0.0
2006.0;0.0;0.0;0.0
2007.0;0.0;0.0;0.0
2008.0;0.0;0.0;0.0
2009.0;0.0;0.0;0.0
2010.0;0.0;0.0;0.0
2011.0;0.0;0.0;0.0
2012.0;0.0;0.0;0.0
2013.0;0.0;0.0;0.0
2014.0;0.0;0.0;0.0
2015.0;0.0;0.0;0.0
2016.0;0.0;0.0;0.0
2017.0;0.0;0.0;0.0
2018.0;0.0;0.0;0.0
2019.0;0.0;0.0;0.0
2020.0;0.0;0.0;0.0
2021.0;0.0;0.0;0.0
2022.0;0.0;0.0;0.0
2023.0;0.0;0.0;0.0
2024.0;0.0;0.0;0.0
2025.0;0.0;0.0;0.0
2026.0;0.0;0.0;0.0
2027.0;0.0;0.0;0.0
2028.0;0.0;0.0;0.0
2029.0;0.0;0.0;0.0
2030.0;0.0;0.0;0.0
2031.0;0.0;0.0;0.0
2032.0;0.0;0.0;0.0
2033.0;0.0;0.0;0.0
2034.0;0.0;0.0;0.0
2035.0;0.0;0.0;0.0
2036.0;0.0;0.0;0.0
2037.0;0.0;0.0;0.0
2038.0;0.0;0.0;0.0
2039.0;0.0;0.0;0.0
2040.0;0.0;0.0;0.0
2041.0;0.0;0.0;0.0
2042.0;0.0;0.0;0.0
2043.0;0.0;0.0;0.0
2044.0;0.0;0.0;0.0
2045.0;0.0;0.0;0.0
2046.0;0.0;0.0;0.0
2047.0;0.0;0.0;0.0
2048.0;0.0;0.0;0.0
2049.0;0.0;0.0;0.0
2050.0;0.0;0.0;0.0
2051.0;0.0;0.0;0.0
2052.0;0.0;0.0;0.0
2053.0;0.0;0.0;0.0
2054.0;0.0;0.0;0.0
2055.0;0.0;0.0;0.0
2056.0;0.0;0.0;0.0
2057.0;0.0;0.0;0.0
2058.0;0.0;0.0;0.0
2059.0;0.0;0.0;0.0
2060.0;0.0;0.0;0.0
2061.0;0.0;0.0;0.0
2062.0;0.0;0.0;0.0
2063.0;0.0;0.0;0.0
2064.0;0.0;0.0;0.0
2065.0;0.0;0.0;0.0
2066.0;0.0;0.0;0.0
2067.0;0.0;0.0;0.0
2068.0;0.0;0.0;0.0
2069.0;0.0;0.0;0.0
2070.0;0.0;0.0;0.0
2071.0;0.0;0.0;0.0
2072.0;0.0;0.0;0.0
2073.0;0.0;0.0;0.0
2074.0;0.0;0.0;0.0
2075.0;0.0;0.0;0.0
2076.0;0.0;0.0;0.0
2077.0;0.0;0.0;0.0
2078.0;0.0;0.0;0.0
2079.0;0.0;0.0;0.0
2080.0;0.0;0.0;0.0
2081.0;0.0;0.0;0.0
2082.0;0.0;0.0;0.0
2083.0;0.0;0.0;0.0
2084.0;0.0;0.0;0.0
2085.0;0.0;0.0;0.0
2086.0;0.0;0.0;0.0
2087.0;0.0;0.0;0.0
2088.0;0.0;0.0;0.0
2089.0;0.0;0.0;0.0
2090.0;0.0;0.0;0.0
2091.0;0.0;0.0;0.0
2092.0;0.0;0.0;0.0
2093.0;0.0;0.0;0.0
2094.0;0.0;0.0;0.0
2095.0;0.0;0.0;0.0
2096.0;0.0;0.0;0.0
2097.0;0.0;0.0;0.0
2098.0;0.0;0.0;0.0
2099.0;0.0;0.0;0.0
2100.0;0.0;0.0;0.0
2101.0;0.0;0.0;0.0
2102.0;0.0;0.0;0.0
2103.0;0.0;0.0;0.0
2104.0;0.0;0.0;0.0
2105.0;0.0;0.0;0.0
2106.0;0.0;0.0;0.0
2107.0;0.0;0.0;0.0
2108.0;0.0;0.0;0.0
2109.0;0.0;0.0;0.0
2110.0;0.0;0.0;0.0
2111.0;0.0;0.0;0.0
2112.0;0.0;0.0;0.0
2113.0;0.0;0.0;0.0
2114.0;0.0;0.0;0.0
2115.0;0.0;0.0;0.0
2116.0;0.0;0.0;0.0
2117.0;0.0;0.0;0.0
2118.0;0.0;0.0;0.0
2119.0;0.0;0.0;0.0
2120.0;0.0;0.0;0.0
2121.0;0.0;0.0;0.0
2122.0;0.0;0.0;0.0
2123.0;0.0;0.0;0.0
2124.0;0.0;0.0;0.0
2125.0;0.0;0.0;0.0
2126.0;0.0;0.0;0.0
2127.0;0.0;0.0;0.0
2128.0;0.0;0.0;0.0
2129.0;0.0;0.0;0.0
2130.0;0.0;0.0;0.0
2131.0;0.0;0.0;0.0
2132.0;0.0;0.0;0.0
2133.0;0.0;0.0;0.0
2134.0;0.0;0.0;0.0
2135.0;0.0;0.0;0.0
2136.0;0.0;0.0;0.0
2137.0;0.0;0.0;0.0
2138.0;0.0;0.0;0.0
2139.0;0.0;0.0;0.0
2140.0;0.0;0.0;0.0
2141.0;0.0;0.0;0.0
2142.0;0.0;0.0;0.0
2143.0;0.0;0.0;0.0
2144.0;0.0;0.0;0.0
2145.0;0.0;0.0;0.0
2146.0;0.0;0.0;0.0
2147.0;0.0;0.0;0.0
2148.0;0.0;0.0;0.0
2149.0;0.0;0.0;0.0
2150.0;0.0;0.0;0.0
2151.0;0.0;0.0;0.0
2152.0;0.0;0.0;0.0
2153.0;0.0;0.0;0.0
2154.0;0.0;0.0;0.0
2155.0;0.0;0.0;0.0
2156.0;0.0;0.0;0.0
2157.0;0.0;0.0;0.0
2158.0;0.0;0.0;0.0
2159.0;0.0;0.0;0.0
2160.0;0.0;0.0;0.0
2161.0;0.0;0.0;0.0
2162.0;0.0;0.0;0.0
2163.0;0.0;0.0;0.0
2164.0;0.0;0.0;0.0
2165.0;0.0;0.0;0.0
2166.0;0.0;0.0;0.0
2167.0;0.0;0.0;0.0
2168.0;0.0;0.0;0.0
2169.0;0.0;0.0;0.0
2170.0;0.0;0.0;0.0
2171.0;0.0;0.0;0.0
2172.0;0.0;0.0;0.0
2173.0;0.0;0.0;0.0
2174.0;0.0;0.0;0.0
2175.0;0.0;0.0;0.0
2176.0;0.0;0.0;0.0
2177.0;0.0;0.0;0.0
2178.0;0.0;0.0;0.0
2179.0;0.0;0.0;0.0
2180.0;0.0;0.0;0.0
2181.0;0.0;0.0;0.0
2182.0;0.0;0.0;0.0
2183.0;0.0;0.0;0.0
2184.0;0.0;0.0;0.0
2185.0;0.0;0.0;0.0
2186.0;0.0;0.0;0.0
2187.0;0.0;0.0;0.0
2188.0;0.0;0.0;0.0
2189.0;0.0;0.0;0.0
